"Genome ID","Genome Name","Contig","Match ID","Group","Inc Match","Percent Identity","Match Coverage","Contig Start","Contig End","Reference Start","Reference End"
"3WCUueHWWitxF29LDcNBg1","SAMEA5753723","NODE_31_length_4187_cov_33.140656","NODE_31_length_4187_cov_33.140656:3068..3186:Col(pHAD28)_1__KU674895:82.512723","","Col(pHAD28)",90.83,90.84,"3068","3186","1","120"
"1RXztsojJqnvkTR9a9NXZ6","SAMEA5753775","NODE_62_length_16757_cov_20.097491","NODE_62_length_16757_cov_20.097491:15922..16172:IncR_1__DQ449578:100.000000","","IncR",100,100,"15922","16172","1","251"
"1RXztsojJqnvkTR9a9NXZ6","SAMEA5753775","NODE_70_length_12679_cov_12.197043","NODE_70_length_12679_cov_12.197043:10537..10974:RepB_1_pC39_CP061702.1:99.543379","","RepB",99.54,100,"10537","10974","1","438"
"1RXztsojJqnvkTR9a9NXZ6","SAMEA5753775","NODE_101_length_4484_cov_18.362372","NODE_101_length_4484_cov_18.362372:1531..1678:IncFII(K)_1__CP000648:97.297297","","IncFII(K)",97.3,100,"1531","1678","1","148"
"w6MPevbE8wpJfQejowGtQZ","SAMN36884877","NODE_29_length_32627_cov_42.649348","NODE_29_length_32627_cov_42.649348:9511..9658:IncFII(K)_1__CP000648:97.297297","","IncFII(K)",97.3,100,"9511","9658","1","148"
"w6MPevbE8wpJfQejowGtQZ","SAMN36884877","NODE_36_length_15252_cov_52.973999","NODE_36_length_15252_cov_52.973999:5523..5773:IncR_1__DQ449578:100.000000","","IncR",100,100,"5523","5773","1","251"
"w6MPevbE8wpJfQejowGtQZ","SAMN36884877","NODE_38_length_12478_cov_43.422086","NODE_38_length_12478_cov_43.422086:4125..4684:IncFIB(K)_1__JN233704:100.000000","","IncFIB(K)",100,100,"4125","4684","1","560"
"w6MPevbE8wpJfQejowGtQZ","SAMN36884877","NODE_43_length_4449_cov_184.101839","NODE_43_length_4449_cov_184.101839:512..642:Col(pHAD28)_1__KU674895:92.366412","","Col(pHAD28)",92.37,100,"512","642","1","131"
"w6MPevbE8wpJfQejowGtQZ","SAMN36884877","NODE_47_length_3721_cov_166.991441","NODE_47_length_3721_cov_166.991441:551..660:Col440I_1__CP023920:91.228070","","Col440I",94.55,96.49,"551","660","1","110"
"w6MPevbE8wpJfQejowGtQZ","SAMN36884877","NODE_56_length_1557_cov_55.644324","NODE_56_length_1557_cov_55.644324:394..780:IncFIA(HI1)_1__AF250878:98.195876","","IncFIA(HI1)",98.45,99.74,"394","780","2","388"
"rpT6nbbz9R8UF6yARvuEyz","SAMN05960897","NODE_46_length_13219_cov_28.954802","NODE_46_length_13219_cov_28.954802:2033..2592:IncFIB(K)(pCAV1099-114)_1__CP011596:99.642857","","IncFIB(K)(pCAV1099-114)",99.64,100,"2033","2592","1","560"
"rpT6nbbz9R8UF6yARvuEyz","SAMN05960897","NODE_49_length_10306_cov_24.070442","NODE_49_length_10306_cov_24.070442:2746..3133:IncFIA(HI1)_1__AF250878:96.907216","","IncFIA(HI1)",96.91,100,"2746","3133","1","388"
"rpT6nbbz9R8UF6yARvuEyz","SAMN05960897","NODE_51_length_8669_cov_25.798250","NODE_51_length_8669_cov_25.798250:622..1191:IncHI1B(pNDM-MAR)_1__JN420336:99.473684","","IncHI1B(pNDM-MAR)",99.47,100,"622","1191","1","570"
"rpT6nbbz9R8UF6yARvuEyz","SAMN05960897","NODE_57_length_6361_cov_71.342862","NODE_57_length_6361_cov_71.342862:5781..5911:Col(pHAD28)_1__KU674895:92.366412","","Col(pHAD28)",92.37,100,"5781","5911","1","131"
"wgAdqqd6Up7MEoM7Vt6GXb","SAMEA6654218","NODE_38_length_11682_cov_12.930415","NODE_38_length_11682_cov_12.930415:5221..5780:IncFIB(K)(pCAV1099-114)_1__CP011596:100.000000","","IncFIB(K)(pCAV1099-114)",100,100,"5221","5780","1","560"
"wgAdqqd6Up7MEoM7Vt6GXb","SAMEA6654218","NODE_50_length_3866_cov_813.534377","NODE_50_length_3866_cov_813.534377:120..250:Col(pHAD28)_1__KU674895:92.366412","","Col(pHAD28)",92.37,100,"120","250","1","131"
"wgAdqqd6Up7MEoM7Vt6GXb","SAMEA6654218","NODE_52_length_3454_cov_832.823249","NODE_52_length_3454_cov_832.823249:368..498:Col(pHAD28)_1__KU674895:92.366412","","Col(pHAD28)",92.37,100,"368","498","1","131"
"fm2r9e8621BM8zH6Ly1sTk","SAMEA6155746","NODE_15_length_90502_cov_6.828656","NODE_15_length_90502_cov_6.828656:79985..80372:IncFIA(HI1)_1__AF250878:97.164948","","IncFIA(HI1)",97.16,100,"79985","80372","1","388"
"fm2r9e8621BM8zH6Ly1sTk","SAMEA6155746","NODE_15_length_90502_cov_6.828656","NODE_15_length_90502_cov_6.828656:52596..52825:IncFII(pKP91)_1__CP000966:100.000000","","IncFII(pKP91)",100,100,"52596","52825","1","230"
"fm2r9e8621BM8zH6Ly1sTk","SAMEA6155746","NODE_20_length_35115_cov_8.580735","NODE_20_length_35115_cov_8.580735:26011..26570:IncFIB(K)(pCAV1099-114)_1__CP011596:99.642857","","IncFIB(K)(pCAV1099-114)",99.64,100,"26011","26570","1","560"
"fm2r9e8621BM8zH6Ly1sTk","SAMEA6155746","NODE_20_length_35115_cov_8.580735","NODE_20_length_35115_cov_8.580735:33856..34298:repFIB_pC39_CP061701:97.968397","","repFIB",97.97,100,"33856","34298","1","443"
"9RhMYsQKag5K66mFK1tD7W","SAMEA6155852","NODE_15_length_115353_cov_3.740417","NODE_15_length_115353_cov_3.740417:29462..29900:IncFIB(pNDM-Mar)_1__JN420336:99.544419","","IncFIB(pNDM-Mar)",99.54,100,"29462","29900","1","439"
"9RhMYsQKag5K66mFK1tD7W","SAMEA6155852","NODE_18_length_80334_cov_3.646015","NODE_18_length_80334_cov_3.646015:78891..79460:IncHI1B(pNDM-MAR)_1__JN420336:99.649123","","IncHI1B(pNDM-MAR)",99.65,100,"78891","79460","1","570"
"9RhMYsQKag5K66mFK1tD7W","SAMEA6155852","NODE_25_length_26488_cov_4.917845","NODE_25_length_26488_cov_4.917845:12632..13191:IncFIB(K)_1__JN233704:98.928571","","IncFIB(K)",98.93,100,"12632","13191","1","560"
"9RhMYsQKag5K66mFK1tD7W","SAMEA6155852","NODE_36_length_4090_cov_63.038086","NODE_36_length_4090_cov_63.038086:1736..1863:Col(pHAD28)_1__KU674895:89.378070","","Col(pHAD28)",91.47,97.71,"1736","1863","1","129"
"dSpqW4TtLMp5jxf16ShoPH","SAMEA6155959","NODE_32_length_29217_cov_17.262209","NODE_32_length_29217_cov_17.262209:27020..27458:IncFIB(pNDM-Mar)_1__JN420336:100.000000","","IncFIB(pNDM-Mar)",100,100,"27020","27458","1","439"
"dSpqW4TtLMp5jxf16ShoPH","SAMEA6155959","NODE_41_length_18435_cov_18.543412","NODE_41_length_18435_cov_18.543412:16536..16683:IncFII(K)_1__CP000648:95.945946","","IncFII(K)",95.95,100,"16536","16683","1","148"
"dSpqW4TtLMp5jxf16ShoPH","SAMEA6155959","NODE_43_length_18107_cov_19.166870","NODE_43_length_18107_cov_19.166870:4126..4685:IncFIB(K)_1__JN233704:98.928571","","IncFIB(K)",98.93,100,"4126","4685","1","560"
"dSpqW4TtLMp5jxf16ShoPH","SAMEA6155959","NODE_55_length_4582_cov_15.390810","NODE_55_length_4582_cov_15.390810:3178..3747:IncHI1B(pNDM-MAR)_1__JN420336:100.000000","","IncHI1B(pNDM-MAR)",100,100,"3178","3747","1","570"
"dSpqW4TtLMp5jxf16ShoPH","SAMEA6155959","NODE_57_length_4266_cov_141.628270","NODE_57_length_4266_cov_141.628270:1404..1534:Col(pHAD28)_1__KU674895:92.366412","","Col(pHAD28)",92.37,100,"1404","1534","1","131"
"dSpqW4TtLMp5jxf16ShoPH","SAMEA6155959","NODE_69_length_1847_cov_182.213387","NODE_69_length_1847_cov_182.213387:612..802:ColpVC_1__JX133088:95.854922","","ColpVC",96.86,98.96,"612","802","1","191"
"qGZQwxzyQbG9xv2FqV4dvb","SAMEA7472389","NODE_100_length_2837_cov_673.149379","NODE_100_length_2837_cov_673.149379:2691..2819:Col(pHAD28)_1__KU674895:90.839695","","Col(pHAD28)",92.25,98.47,"2691","2819","1","129"
"qGZQwxzyQbG9xv2FqV4dvb","SAMEA7472389","NODE_100_length_2837_cov_673.149379","NODE_100_length_2837_cov_673.149379:1..81:Col(pHAD28)_1__KU674895:58.778626","","Col(pHAD28)",95.06,61.83,"1","81","49","129"
"qGZQwxzyQbG9xv2FqV4dvb","SAMEA7472389","NODE_112_length_1847_cov_783.127002","NODE_112_length_1847_cov_783.127002:1241..1431:ColpVC_1__JX133088:95.854922","","ColpVC",96.86,98.96,"1241","1431","1","191"
"jBvDDt7BspaLmDx9ktp1U1","SAMEA6654212","NODE_36_length_11733_cov_12.615695","NODE_36_length_11733_cov_12.615695:5272..5831:IncFIB(K)(pCAV1099-114)_1__CP011596:100.000000","","IncFIB(K)(pCAV1099-114)",100,100,"5272","5831","1","560"
"jBvDDt7BspaLmDx9ktp1U1","SAMEA6654212","NODE_47_length_4244_cov_801.295054","NODE_47_length_4244_cov_801.295054:120..250:Col(pHAD28)_1__KU674895:92.366412","","Col(pHAD28)",92.37,100,"120","250","1","131"
"jBvDDt7BspaLmDx9ktp1U1","SAMEA6654212","NODE_49_length_3866_cov_662.296522","NODE_49_length_3866_cov_662.296522:120..250:Col(pHAD28)_1__KU674895:92.366412","","Col(pHAD28)",92.37,100,"120","250","1","131"
"hqgrhRJ5wzXsFmNFw9knve","SAMEA111504603","NODE_37_length_30026_cov_27.061901","NODE_37_length_30026_cov_27.061901:17081..17307:IncFII(pKP91)_1__CP000966:88.855136","","IncFII(pKP91)",90.83,97.83,"17081","17307","4","230"
"hqgrhRJ5wzXsFmNFw9knve","SAMEA111504603","NODE_44_length_19809_cov_32.331762","NODE_44_length_19809_cov_32.331762:13067..13626:IncFIB(K)_1__JN233704:98.928571","","IncFIB(K)",98.93,100,"13067","13626","1","560"
"hqgrhRJ5wzXsFmNFw9knve","SAMEA111504603","NODE_53_length_9369_cov_168.336346","NODE_53_length_9369_cov_168.336346:3365..3494:ColRNAI_1__DQ298019:100.000000","","ColRNAI",100,100,"3365","3494","1","130"
"tPC3fHPm4cUAQydyX8S6Nx","SAMEA6155842","NODE_9_length_56343_cov_13.022402","NODE_9_length_56343_cov_13.022402:27225..27475:IncR_1__DQ449578:100.000000","","IncR",100,100,"27225","27475","1","251"
"tPC3fHPm4cUAQydyX8S6Nx","SAMEA6155842","NODE_9_length_56343_cov_13.022402","NODE_9_length_56343_cov_13.022402:51944..52057:Col440I_1__CP023920:94.736842","","Col440I",94.74,100,"51944","52057","1","114"
"tPC3fHPm4cUAQydyX8S6Nx","SAMEA6155842","NODE_12_length_17886_cov_11.395232","NODE_12_length_17886_cov_11.395232:2257..2643:IncFIA(HI1)_1__AF250878:98.195876","","IncFIA(HI1)",98.45,99.74,"2257","2643","2","388"
"xiaFujBbb97VoVyVGb2yFU","SAMEA6155926","NODE_17_length_77996_cov_17.804511","NODE_17_length_77996_cov_17.804511:12569..13128:IncFIB(K)_1__JN233704:98.928571","","IncFIB(K)",98.93,100,"12569","13128","1","560"
"xiaFujBbb97VoVyVGb2yFU","SAMEA6155926","NODE_17_length_77996_cov_17.804511","NODE_17_length_77996_cov_17.804511:76097..76244:IncFII(K)_1__CP000648:95.945946","","IncFII(K)",95.95,100,"76097","76244","1","148"
"oB3TSFz5G1nGLNfPPZjaad","SAMN45807624","NODE_27_length_27591_cov_19.234905","NODE_27_length_27591_cov_19.234905:21814..22373:IncFIB(K)(pCAV1099-114)_1__CP011596:100.000000","","IncFIB(K)(pCAV1099-114)",100,100,"21814","22373","1","560"
"vPFn7kLRcVDnEWpF1jWVsJ","SAMEA5753704","NODE_30_length_22793_cov_17.003349","NODE_30_length_22793_cov_17.003349:6168..6727:IncFIB(K)_1__JN233704:98.928571","","IncFIB(K)",98.93,100,"6168","6727","1","560"
"oymroXCpnMLhvoznap35cu","SAMEA6155844","NODE_24_length_21655_cov_7.593292","NODE_24_length_21655_cov_7.593292:12692..13251:IncFIB(K)_1__JN233704:98.928571","","IncFIB(K)",98.93,100,"12692","13251","1","560"
"oymroXCpnMLhvoznap35cu","SAMEA6155844","NODE_26_length_12505_cov_12.576818","NODE_26_length_12505_cov_12.576818:6532..6782:IncR_1__DQ449578:100.000000","","IncR",100,100,"6532","6782","1","251"
"oymroXCpnMLhvoznap35cu","SAMEA6155844","NODE_27_length_10992_cov_13.384283","NODE_27_length_10992_cov_13.384283:5183..5410:IncFII(pKP91)_1__CP000966:94.816784","","IncFII(pKP91)",96.07,98.7,"5183","5410","3","230"
"oymroXCpnMLhvoznap35cu","SAMEA6155844","NODE_29_length_6177_cov_66.405726","NODE_29_length_6177_cov_66.405726:3962..4074:Col440I_1__CP023920:91.297322","","Col440I",92.11,99.12,"3962","4074","1","114"
"oymroXCpnMLhvoznap35cu","SAMEA6155844","NODE_34_length_4151_cov_89.658440","NODE_34_length_4151_cov_89.658440:2368..2649:Col440II_1__CP023921:96.808511","","Col440II",96.81,100,"2368","2649","1","282"
"oymroXCpnMLhvoznap35cu","SAMEA6155844","NODE_36_length_3592_cov_76.315774","NODE_36_length_3592_cov_76.315774:1839..1969:Col(pHAD28)_1__KU674895:93.129771","","Col(pHAD28)",93.13,100,"1839","1969","1","131"
"oymroXCpnMLhvoznap35cu","SAMEA6155844","NODE_46_length_1557_cov_12.694444","NODE_46_length_1557_cov_12.694444:778..1164:IncFIA(HI1)_1__AF250878:98.195876","","IncFIA(HI1)",98.45,99.74,"778","1164","2","388"
"dqMxqA3iXxzipcgh6L1Jez","SAMN05960908","NODE_26_length_46933_cov_26.475253","NODE_26_length_46933_cov_26.475253:9948..10198:IncR_1__DQ449578:100.000000","","IncR",100,100,"9948","10198","1","251"
"dqMxqA3iXxzipcgh6L1Jez","SAMN05960908","NODE_28_length_43923_cov_22.456280","NODE_28_length_43923_cov_22.456280:25367..25514:IncFII(K)_1__CP000648:97.972973","","IncFII(K)",97.97,100,"25367","25514","1","148"
"dqMxqA3iXxzipcgh6L1Jez","SAMN05960908","NODE_33_length_29669_cov_29.843558","NODE_33_length_29669_cov_29.843558:19038..19660:repB(R1701)_1__CP039970:99.197432","","repB(R1701)",99.2,100,"19038","19660","1","623"
"dqMxqA3iXxzipcgh6L1Jez","SAMN05960908","NODE_39_length_14277_cov_24.085061","NODE_39_length_14277_cov_24.085061:4125..4684:IncFIB(K)_1__JN233704:98.750000","","IncFIB(K)",98.75,100,"4125","4684","1","560"
"dqMxqA3iXxzipcgh6L1Jez","SAMN05960908","NODE_53_length_4043_cov_30.720081","NODE_53_length_4043_cov_30.720081:746..893:IncFII(K)_1__CP000648:98.648649","","IncFII(K)",98.65,100,"746","893","1","148"
"dqMxqA3iXxzipcgh6L1Jez","SAMN05960908","NODE_75_length_1557_cov_25.857488","NODE_75_length_1557_cov_25.857488:394..780:IncFIA(HI1)_1__AF250878:98.195876","","IncFIA(HI1)",98.45,99.74,"394","780","2","388"
"jD2UahaQxsHd6jRmo249J5","SAMEA5753439","NODE_34_length_4583_cov_27.839875","NODE_34_length_4583_cov_27.839875:3961..4489:IncQ1_1__M28829:66.457286","","IncQ1",100,66.46,"3961","4489","1","529"
"vpw2ESM6jajoMQ2XEVU1uU","SAMEA111505117","NODE_56_length_11761_cov_16.760140","NODE_56_length_11761_cov_16.760140:6235..6485:IncR_1__DQ449578:99.601594","","IncR",99.6,100,"6235","6485","1","251"
"vpw2ESM6jajoMQ2XEVU1uU","SAMEA111505117","NODE_67_length_5326_cov_1094.037326","NODE_67_length_5326_cov_1094.037326:2407..2688:Col440II_1__CP023921:100.000000","","Col440II",100,100,"2407","2688","1","282"
"vpw2ESM6jajoMQ2XEVU1uU","SAMEA111505117","NODE_67_length_5326_cov_1094.037326","NODE_67_length_5326_cov_1094.037326:1700..1830:Col(pHAD28)_1__KU674895:92.366412","","Col(pHAD28)",92.37,100,"1700","1830","1","131"
"chJPYxhsbCDg8adwrZLafv","SAMEA111505125","NODE_58_length_11615_cov_9.519497","NODE_58_length_11615_cov_9.519497:2288..2847:IncFIB(K)_1__JN233704:98.928571","","IncFIB(K)",98.93,100,"2288","2847","1","560"
"chJPYxhsbCDg8adwrZLafv","SAMEA111505125","NODE_70_length_6065_cov_6.582972","NODE_70_length_6065_cov_6.582972:4911..5041:Col(pHAD28)_1__KU674895:93.893130","","Col(pHAD28)",93.89,100,"4911","5041","1","131"
"3ndyvGuykXzTNVihqbCEFm","SAMEA7472352","NODE_47_length_23007_cov_4.636503","NODE_47_length_23007_cov_4.636503:22170..22317:IncFII(K)_1__CP000648:100.000000","","IncFII(K)",100,100,"22170","22317","1","148"
"3ndyvGuykXzTNVihqbCEFm","SAMEA7472352","NODE_53_length_12402_cov_5.415508","NODE_53_length_12402_cov_5.415508:4176..4735:IncFIB(K)_1__JN233704:100.000000","","IncFIB(K)",100,100,"4176","4735","1","560"
"3ndyvGuykXzTNVihqbCEFm","SAMEA7472352","NODE_57_length_7930_cov_5.027838","NODE_57_length_7930_cov_5.027838:3684..3934:IncR_1__DQ449578:100.000000","","IncR",100,100,"3684","3934","1","251"
"3ndyvGuykXzTNVihqbCEFm","SAMEA7472352","NODE_66_length_5239_cov_255.347471","NODE_66_length_5239_cov_255.347471:4376..4656:Col440II_1__CP023921:90.425532","","Col440II",90.75,99.65,"4376","4656","2","282"
"3ndyvGuykXzTNVihqbCEFm","SAMEA7472352","NODE_66_length_5239_cov_255.347471","NODE_66_length_5239_cov_255.347471:63..172:Col440I_1__CP023920:90.350877","","Col440I",93.64,96.49,"63","172","1","110"
"3ndyvGuykXzTNVihqbCEFm","SAMEA7472352","NODE_69_length_4609_cov_178.131486","NODE_69_length_4609_cov_178.131486:2701..2814:Col440I_1__CP023920:97.368421","","Col440I",97.37,100,"2701","2814","1","114"
"3ndyvGuykXzTNVihqbCEFm","SAMEA7472352","NODE_76_length_3179_cov_236.794481","NODE_76_length_3179_cov_236.794481:613..726:Col440I_1__CP023920:95.614035","","Col440I",95.61,100,"613","726","1","114"
"3ndyvGuykXzTNVihqbCEFm","SAMEA7472352","NODE_88_length_2277_cov_504.435262","NODE_88_length_2277_cov_504.435262:34..151:Col(pHAD28)_1__KU674895:83.969466","","Col(pHAD28)",93.22,90.08,"34","151","1","118"
"3ndyvGuykXzTNVihqbCEFm","SAMEA7472352","NODE_89_length_2188_cov_656.540450","NODE_89_length_2188_cov_656.540450:798..1030:Col(BS512)_1__NC_010656:100.000000","","Col(BS512)",100,100,"798","1030","1","233"
"3ndyvGuykXzTNVihqbCEFm","SAMEA7472352","NODE_91_length_2059_cov_3.780612","NODE_91_length_2059_cov_3.780612:716..1338:repB(R1701)_1__CP039970:99.197432","","repB(R1701)",99.2,100,"716","1338","1","623"
"3ndyvGuykXzTNVihqbCEFm","SAMEA7472352","NODE_105_length_1557_cov_3.744565","NODE_105_length_1557_cov_3.744565:394..780:IncFIA(HI1)_1__AF250878:98.195876","","IncFIA(HI1)",98.45,99.74,"394","780","2","388"
"vSayktwZYDYJyC8Bz6RM7t","SAMEA6422737","NODE_32_length_15064_cov_14.904110","NODE_32_length_15064_cov_14.904110:1764..2202:IncFIB(pNDM-Mar)_1__JN420336:100.000000","","IncFIB(pNDM-Mar)",100,100,"1764","2202","1","439"
"vSayktwZYDYJyC8Bz6RM7t","SAMEA6422737","NODE_33_length_13982_cov_27.829648","NODE_33_length_13982_cov_27.829648:8232..8482:IncR_1__DQ449578:100.000000","","IncR",100,100,"8232","8482","1","251"
"vSayktwZYDYJyC8Bz6RM7t","SAMEA6422737","NODE_35_length_11239_cov_138.648833","NODE_35_length_11239_cov_138.648833:6436..6549:Col440I_1__CP023920:95.614035","","Col440I",95.61,100,"6436","6549","1","114"
"vSayktwZYDYJyC8Bz6RM7t","SAMEA6422737","NODE_36_length_9608_cov_16.198549","NODE_36_length_9608_cov_16.198549:3010..3579:IncHI1B(pNDM-MAR)_1__JN420336:100.000000","","IncHI1B(pNDM-MAR)",100,100,"3010","3579","1","570"
"vSayktwZYDYJyC8Bz6RM7t","SAMEA6422737","NODE_38_length_7576_cov_29.507557","NODE_38_length_7576_cov_29.507557:2255..2641:IncFIA(HI1)_1__AF250878:98.195876","","IncFIA(HI1)",98.45,99.74,"2255","2641","2","388"
"vSayktwZYDYJyC8Bz6RM7t","SAMEA6422737","NODE_42_length_4537_cov_168.390041","NODE_42_length_4537_cov_168.390041:4348..4462:Col(pHAD28)_1__KU674895:81.679389","","Col(pHAD28)",93.04,87.79,"4348","4462","1","115"
"vSayktwZYDYJyC8Bz6RM7t","SAMEA6422737","NODE_51_length_2157_cov_315.629252","NODE_51_length_2157_cov_315.629252:511..703:ColpVC_1__JX133088:98.445596","","ColpVC",98.45,100,"511","703","1","193"
"2zgoyJTUXSoaq7L6h7QWn6","SAMEA6155878","NODE_16_length_55513_cov_18.483957","NODE_16_length_55513_cov_18.483957:35613..35863:IncR_1__DQ449578:99.601594","","IncR",99.6,100,"35613","35863","1","251"
"2zgoyJTUXSoaq7L6h7QWn6","SAMEA6155878","NODE_16_length_55513_cov_18.483957","NODE_16_length_55513_cov_18.483957:44577..44707:Col(pHAD28)_1__KU674895:93.129771","","Col(pHAD28)",93.13,100,"44577","44707","1","131"
"2zgoyJTUXSoaq7L6h7QWn6","SAMEA6155878","NODE_20_length_33291_cov_11.220083","NODE_20_length_33291_cov_11.220083:31115..31344:IncFII(pKP91)_1__CP000966:100.000000","","IncFII(pKP91)",100,100,"31115","31344","1","230"
"2zgoyJTUXSoaq7L6h7QWn6","SAMEA6155878","NODE_23_length_26901_cov_9.960525","NODE_23_length_26901_cov_9.960525:3224..3783:IncFIB(K)_1__JN233704:98.750000","","IncFIB(K)",98.75,100,"3224","3783","1","560"
"2zgoyJTUXSoaq7L6h7QWn6","SAMEA6155878","NODE_35_length_2610_cov_133.208284","NODE_35_length_2610_cov_133.208284:1545..1654:Col440I_1__CP023920:88.596491","","Col440I",91.82,96.49,"1545","1654","1","110"
"ef91Cfz9yTsJS9F1xvdgfC","SAMEA6422734","NODE_18_length_61619_cov_22.782233","NODE_18_length_61619_cov_22.782233:1753..1900:IncFII(K)_1__CP000648:95.945946","","IncFII(K)",95.95,100,"1753","1900","1","148"
"ef91Cfz9yTsJS9F1xvdgfC","SAMEA6422734","NODE_25_length_16661_cov_28.682345","NODE_25_length_16661_cov_28.682345:12632..13191:IncFIB(K)_1__JN233704:98.928571","","IncFIB(K)",98.93,100,"12632","13191","1","560"
"ef91Cfz9yTsJS9F1xvdgfC","SAMEA6422734","NODE_28_length_4723_cov_192.514922","NODE_28_length_4723_cov_192.514922:3073..3186:Col440I_1__CP023920:100.000000","","Col440I",100,100,"3073","3186","1","114"
"ef91Cfz9yTsJS9F1xvdgfC","SAMEA6422734","NODE_36_length_2108_cov_1.309109","NODE_36_length_2108_cov_1.309109:1185..1417:Col(BS512)_1__NC_010656:99.570815","","Col(BS512)",99.57,100,"1185","1417","1","233"
"nxRWuuvbXsuD3fkU81Pka5","SAMEA4785019","NODE_34_length_33680_cov_59.962297","NODE_34_length_33680_cov_59.962297:26469..27208:IncFIB(pQil)_1__JN233705:100.000000","","IncFIB(pQil)",100,100,"26469","27208","1","740"
"nxRWuuvbXsuD3fkU81Pka5","SAMEA4785019","NODE_42_length_14200_cov_43.408142","NODE_42_length_14200_cov_43.408142:12027..12465:IncFIB(pNDM-Mar)_1__JN420336:100.000000","","IncFIB(pNDM-Mar)",100,100,"12027","12465","1","439"
"nxRWuuvbXsuD3fkU81Pka5","SAMEA4785019","NODE_43_length_11684_cov_44.142648","NODE_43_length_11684_cov_44.142648:1913..2060:IncFII(K)_1__CP000648:97.972973","","IncFII(K)",97.97,100,"1913","2060","1","148"
"nxRWuuvbXsuD3fkU81Pka5","SAMEA4785019","NODE_46_length_9487_cov_52.916171","NODE_46_length_9487_cov_52.916171:4827..5386:IncFIB(K)_1__JN233704:98.928571","","IncFIB(K)",98.93,100,"4827","5386","1","560"
"nxRWuuvbXsuD3fkU81Pka5","SAMEA4785019","NODE_50_length_7059_cov_36.015607","NODE_50_length_7059_cov_36.015607:5811..6380:IncHI1B(pNDM-MAR)_1__JN420336:100.000000","","IncHI1B(pNDM-MAR)",100,100,"5811","6380","1","570"
"nxRWuuvbXsuD3fkU81Pka5","SAMEA4785019","NODE_54_length_4238_cov_418.961326","NODE_54_length_4238_cov_418.961326:916..1029:Col440I_1__CP023920:96.491228","","Col440I",96.49,100,"916","1029","1","114"
"h8AfVHpdtjsNg5MSHMGEP2","SAMEA5753755","NODE_18_length_60870_cov_27.439980","NODE_18_length_60870_cov_27.439980:8150..8709:IncFIB(K)(pCAV1099-114)_1__CP011596:99.821429","","IncFIB(K)(pCAV1099-114)",99.82,100,"8150","8709","1","560"
"h8AfVHpdtjsNg5MSHMGEP2","SAMEA5753755","NODE_18_length_60870_cov_27.439980","NODE_18_length_60870_cov_27.439980:43513..43950:RepB_1_pC39_CP061702.1:100.000000","","RepB",100,100,"43513","43950","1","438"
"9sCrDmU7GUKoZJiBUQX7Ju","SAMEA7472470","NODE_36_length_12582_cov_5.287751","NODE_36_length_12582_cov_5.287751:4398..4957:IncFIB(K)_1__JN233704:100.000000","","IncFIB(K)",100,100,"4398","4957","1","560"
"9sCrDmU7GUKoZJiBUQX7Ju","SAMEA7472470","NODE_39_length_9393_cov_117.591780","NODE_39_length_9393_cov_117.591780:5723..5852:ColRNAI_1__DQ298019:100.000000","","ColRNAI",100,100,"5723","5852","1","130"
"9sCrDmU7GUKoZJiBUQX7Ju","SAMEA7472470","NODE_59_length_2498_cov_3.887453","NODE_59_length_2498_cov_3.887453:444..591:IncFII(K)_1__CP000648:97.297297","","IncFII(K)",97.3,100,"444","591","1","148"
"9sCrDmU7GUKoZJiBUQX7Ju","SAMEA7472470","NODE_78_length_1557_cov_3.081522","NODE_78_length_1557_cov_3.081522:394..780:IncFIA(HI1)_1__AF250878:98.195876","","IncFIA(HI1)",98.45,99.74,"394","780","2","388"
"fP65g7jgZat9zmySmmcDEH","SAMEA6654240","NODE_43_length_34321_cov_6.259044","NODE_43_length_34321_cov_6.259044:4738..5111:IncX3_1__JN247852:100.000000","","IncX3",100,100,"4738","5111","1","374"
"fP65g7jgZat9zmySmmcDEH","SAMEA6654240","NODE_45_length_30575_cov_3.913046","NODE_45_length_30575_cov_3.913046:22336..22563:IncFII(pKP91)_1__CP000966:94.385798","","IncFII(pKP91)",95.63,98.7,"22336","22563","3","230"
"fP65g7jgZat9zmySmmcDEH","SAMEA6654240","NODE_52_length_23108_cov_5.053366","NODE_52_length_23108_cov_5.053366:21089..21527:IncFIB(pNDM-Mar)_1__JN420336:99.316629","","IncFIB(pNDM-Mar)",99.32,100,"21089","21527","1","439"
"fP65g7jgZat9zmySmmcDEH","SAMEA6654240","NODE_72_length_8802_cov_6.392853","NODE_72_length_8802_cov_6.392853:2794..3022:ColKP3_1__JN205800:81.785714","","ColKP3",100,81.79,"2794","3022","1","229"
"fP65g7jgZat9zmySmmcDEH","SAMEA6654240","NODE_81_length_6615_cov_4.658226","NODE_81_length_6615_cov_4.658226:4401..4960:IncFIB(K)_1__JN233704:99.107143","","IncFIB(K)",99.11,100,"4401","4960","1","560"
"1wxKRsWY6A8PVJRe5M9yHj","SAMEA5753762","NODE_33_length_36891_cov_27.453169","NODE_33_length_36891_cov_27.453169:30036..30595:IncFIB(K)_1__JN233704:98.928571","","IncFIB(K)",98.93,100,"30036","30595","1","560"
"1QC6gsyR4pdPR6Arv3PofN","SAMEA7472508","NODE_32_length_32280_cov_8.759050","NODE_32_length_32280_cov_8.759050:10634..11021:IncFIA(HI1)_1__AF250878:97.164948","","IncFIA(HI1)",97.16,100,"10634","11021","1","388"
"1QC6gsyR4pdPR6Arv3PofN","SAMEA7472508","NODE_35_length_27515_cov_11.052561","NODE_35_length_27515_cov_11.052561:19212..19781:IncHI1B(pNDM-MAR)_1__JN420336:100.000000","","IncHI1B(pNDM-MAR)",100,100,"19212","19781","1","570"
"1QC6gsyR4pdPR6Arv3PofN","SAMEA7472508","NODE_42_length_16786_cov_7.711649","NODE_42_length_16786_cov_7.711649:2012..2159:IncFII(K)_1__CP000648:95.270270","","IncFII(K)",95.27,100,"2012","2159","1","148"
"1QC6gsyR4pdPR6Arv3PofN","SAMEA7472508","NODE_46_length_11639_cov_13.230156","NODE_46_length_11639_cov_13.230156:5861..6420:IncFIB(K)(pCAV1099-114)_1__CP011596:100.000000","","IncFIB(K)(pCAV1099-114)",100,100,"5861","6420","1","560"
"1QC6gsyR4pdPR6Arv3PofN","SAMEA7472508","NODE_56_length_5108_cov_134.940507","NODE_56_length_5108_cov_134.940507:4962..5077:Col(pHAD28)_1__KU674895:82.442748","","Col(pHAD28)",93.1,88.55,"4962","5077","1","116"
"1QC6gsyR4pdPR6Arv3PofN","SAMEA7472508","NODE_59_length_3651_cov_166.052365","NODE_59_length_3651_cov_166.052365:857..987:Col(pHAD28)_1__KU674895:90.076336","","Col(pHAD28)",90.08,100,"857","987","1","131"
"1QC6gsyR4pdPR6Arv3PofN","SAMEA7472508","NODE_69_length_1847_cov_703.487986","NODE_69_length_1847_cov_703.487986:929..1119:ColpVC_1__JX133088:95.854922","","ColpVC",96.86,98.96,"929","1119","1","191"
"kV8NN26gn4zMzUrVmiuv4F","SAMEA115925726","NODE_46_length_11330_cov_12.309907","NODE_46_length_11330_cov_12.309907:2618..3055:RepB_1_pC39_CP061702.1:100.000000","","RepB",100,100,"2618","3055","1","438"
"kV8NN26gn4zMzUrVmiuv4F","SAMEA115925726","NODE_50_length_8235_cov_12.832353","NODE_50_length_8235_cov_12.832353:3331..3890:IncFIB(K)(pCAV1099-114)_1__CP011596:100.000000","","IncFIB(K)(pCAV1099-114)",100,100,"3331","3890","1","560"
"wN3gr2Xzq26k75wUJNBtC1","SAMEA6155785","NODE_39_length_26262_cov_6.629095","NODE_39_length_26262_cov_6.629095:17140..17577:RepB_1_pC39_CP061702.1:99.543379","","RepB",99.54,100,"17140","17577","1","438"
"wN3gr2Xzq26k75wUJNBtC1","SAMEA6155785","NODE_46_length_17221_cov_10.577327","NODE_46_length_17221_cov_10.577327:12475..13097:repB(R1701)_1__CP039970:98.876404","","repB(R1701)",98.88,100,"12475","13097","1","623"
"wN3gr2Xzq26k75wUJNBtC1","SAMEA6155785","NODE_54_length_8952_cov_6.313340","NODE_54_length_8952_cov_6.313340:4973..5532:IncFIB(K)(pCAV1099-114)_1__CP011596:100.000000","","IncFIB(K)(pCAV1099-114)",100,100,"4973","5532","1","560"
"wN3gr2Xzq26k75wUJNBtC1","SAMEA6155785","NODE_65_length_2610_cov_42.250100","NODE_65_length_2610_cov_42.250100:1961..2070:Col440I_1__CP023920:88.596491","","Col440I",91.82,96.49,"1961","2070","1","110"
"wN3gr2Xzq26k75wUJNBtC1","SAMEA6155785","NODE_66_length_2607_cov_28.927033","NODE_66_length_2607_cov_28.927033:2185..2298:Col440I_1__CP023920:95.614035","","Col440I",95.61,100,"2185","2298","1","114"
"wN3gr2Xzq26k75wUJNBtC1","SAMEA6155785","NODE_70_length_1557_cov_8.013285","NODE_70_length_1557_cov_8.013285:394..780:IncFIA(HI1)_1__AF250878:98.195876","","IncFIA(HI1)",98.45,99.74,"394","780","2","388"
"vTLBnVx7RFdfifC3vCaVvn","SAMEA6155816","NODE_12_length_57274_cov_9.979537","NODE_12_length_57274_cov_9.979537:27225..27475:IncR_1__DQ449578:100.000000","","IncR",100,100,"27225","27475","1","251"
"vTLBnVx7RFdfifC3vCaVvn","SAMEA6155816","NODE_12_length_57274_cov_9.979537","NODE_12_length_57274_cov_9.979537:51944..52057:Col440I_1__CP023920:94.736842","","Col440I",94.74,100,"51944","52057","1","114"
"vTLBnVx7RFdfifC3vCaVvn","SAMEA6155816","NODE_14_length_15096_cov_8.761019","NODE_14_length_15096_cov_8.761019:2257..2643:IncFIA(HI1)_1__AF250878:98.195876","","IncFIA(HI1)",98.45,99.74,"2257","2643","2","388"
"ru7Tt1Xx7t3XWW6LAU7GY6","SAMN05960943","NODE_14_length_138632_cov_32.749834","NODE_14_length_138632_cov_32.749834:74520..74667:IncFII(K)_1__CP000648:99.324324","","IncFII(K)",99.32,100,"74520","74667","1","148"
"ru7Tt1Xx7t3XWW6LAU7GY6","SAMN05960943","NODE_25_length_46093_cov_40.209701","NODE_25_length_46093_cov_40.209701:45176..45426:IncR_1__DQ449578:99.203187","","IncR",99.2,100,"45176","45426","1","251"
"ru7Tt1Xx7t3XWW6LAU7GY6","SAMN05960943","NODE_25_length_46093_cov_40.209701","NODE_25_length_46093_cov_40.209701:34651..34798:IncFII(K)_1__CP000648:94.594595","","IncFII(K)",94.59,100,"34651","34798","1","148"
"ru7Tt1Xx7t3XWW6LAU7GY6","SAMN05960943","NODE_30_length_20858_cov_29.694542","NODE_30_length_20858_cov_29.694542:12631..13190:IncFIB(K)_1__JN233704:100.000000","","IncFIB(K)",100,100,"12631","13190","1","560"
"ru7Tt1Xx7t3XWW6LAU7GY6","SAMN05960943","NODE_34_length_5350_cov_548.125309","NODE_34_length_5350_cov_548.125309:3227..3508:Col440II_1__CP023921:100.000000","","Col440II",100,100,"3227","3508","1","282"
"ru7Tt1Xx7t3XWW6LAU7GY6","SAMN05960943","NODE_34_length_5350_cov_548.125309","NODE_34_length_5350_cov_548.125309:4085..4215:Col(pHAD28)_1__KU674895:92.366412","","Col(pHAD28)",92.37,100,"4085","4215","1","131"
"ru7Tt1Xx7t3XWW6LAU7GY6","SAMN05960943","NODE_36_length_4099_cov_473.123500","NODE_36_length_4099_cov_473.123500:1071..1184:Col440I_1__CP023920:95.614035","","Col440I",95.61,100,"1071","1184","1","114"
"ru7Tt1Xx7t3XWW6LAU7GY6","SAMN05960943","NODE_38_length_2594_cov_752.446894","NODE_38_length_2594_cov_752.446894:1033..1161:Col(pHAD28)_1__KU674895:94.656489","","Col(pHAD28)",96.12,98.47,"1033","1161","1","129"
"sw6a6rkZJH6Mb4A3jHLFfK","SAMEA6155817","NODE_13_length_76873_cov_6.870959","NODE_13_length_76873_cov_6.870959:25107..25401:IncFIA(pBK30683)_1__KF954760:99.661017","","IncFIA(pBK30683)",99.66,100,"25107","25401","1","295"
"sw6a6rkZJH6Mb4A3jHLFfK","SAMEA6155817","NODE_15_length_47183_cov_7.862926","NODE_15_length_47183_cov_7.862926:13181..13740:IncFIB(K)_1__JN233704:98.928571","","IncFIB(K)",98.93,100,"13181","13740","1","560"
"sw6a6rkZJH6Mb4A3jHLFfK","SAMEA6155817","NODE_16_length_45226_cov_8.060784","NODE_16_length_45226_cov_8.060784:39249..39396:IncFII(K)_1__CP000648:99.324324","","IncFII(K)",99.32,100,"39249","39396","1","148"
"sw6a6rkZJH6Mb4A3jHLFfK","SAMEA6155817","NODE_23_length_8482_cov_24.112847","NODE_23_length_8482_cov_24.112847:6471..6601:Col(pHAD28)_1__KU674895:94.656489","","Col(pHAD28)",94.66,100,"6471","6601","1","131"
"4Hnraj3XgcJrSeDnYDpxAb","SAMEA5753353","NODE_23_length_60943_cov_22.453619","NODE_23_length_60943_cov_22.453619:44801..45360:IncFIB(K)(pCAV1099-114)_1__CP011596:99.642857","","IncFIB(K)(pCAV1099-114)",99.64,100,"44801","45360","1","560"
"4Hnraj3XgcJrSeDnYDpxAb","SAMEA5753353","NODE_25_length_45783_cov_27.347386","NODE_25_length_45783_cov_27.347386:16135..16385:IncR_1__DQ449578:99.203187","","IncR",99.2,100,"16135","16385","1","251"
"bL6NJqitzvkQG79RwxfPZo","SAMEA111504606","NODE_30_length_43872_cov_25.198963","NODE_30_length_43872_cov_25.198963:3873..4133:IncFII_1__AY458016:100.000000","","IncFII",100,100,"3873","4133","1","261"
"bL6NJqitzvkQG79RwxfPZo","SAMEA111504606","NODE_37_length_28819_cov_22.794392","NODE_37_length_28819_cov_22.794392:23734..24107:IncX3_1__JN247852:100.000000","","IncX3",100,100,"23734","24107","1","374"
"bL6NJqitzvkQG79RwxfPZo","SAMEA111504606","NODE_50_length_8235_cov_35.430760","NODE_50_length_8235_cov_35.430760:4346..4905:IncFIB(K)(pCAV1099-114)_1__CP011596:100.000000","","IncFIB(K)(pCAV1099-114)",100,100,"4346","4905","1","560"
"bL6NJqitzvkQG79RwxfPZo","SAMEA111504606","NODE_55_length_6871_cov_1281.931024","NODE_55_length_6871_cov_1281.931024:6104..6234:Col(pHAD28)_1__KU674895:92.366412","","Col(pHAD28)",92.37,100,"6104","6234","1","131"
"bL6NJqitzvkQG79RwxfPZo","SAMEA111504606","NODE_55_length_6871_cov_1281.931024","NODE_55_length_6871_cov_1281.931024:2315..2445:Col(pHAD28)_1__KU674895:91.603053","","Col(pHAD28)",91.6,100,"2315","2445","1","131"
"bL6NJqitzvkQG79RwxfPZo","SAMEA111504606","NODE_56_length_6842_cov_26.820452","NODE_56_length_6842_cov_26.820452:77..305:ColKP3_1__JN205800:81.785714","","ColKP3",100,81.79,"77","305","1","229"
"uH9qCLXB9HGRpSMcA5KAZK","SAMEA115925722","NODE_37_length_42846_cov_10.583924","NODE_37_length_42846_cov_10.583924:40971..41118:IncFII(K)_1__CP000648:95.945946","","IncFII(K)",95.95,100,"40971","41118","1","148"
"uH9qCLXB9HGRpSMcA5KAZK","SAMEA115925722","NODE_57_length_12461_cov_10.694897","NODE_57_length_12461_cov_10.694897:5354..5648:IncFIA(pBK30683)_1__KF954760:97.288136","","IncFIA(pBK30683)",97.29,100,"5354","5648","1","295"
"uH9qCLXB9HGRpSMcA5KAZK","SAMEA115925722","NODE_70_length_4854_cov_316.112994","NODE_70_length_4854_cov_316.112994:128..258:Col(pHAD28)_1__KU674895:92.366412","","Col(pHAD28)",92.37,100,"128","258","1","131"
"uH9qCLXB9HGRpSMcA5KAZK","SAMEA115925722","NODE_78_length_3726_cov_373.793755","NODE_78_length_3726_cov_373.793755:3469..3599:Col(pHAD28)_1__KU674895:93.129771","","Col(pHAD28)",93.13,100,"3469","3599","1","131"
"gz4qmnkBjJwDq7sn2xK47Y","SAMEA4785017","NODE_24_length_44457_cov_25.338876","NODE_24_length_44457_cov_25.338876:40773..40920:IncFII(K)_1__CP000648:97.972973","","IncFII(K)",97.97,100,"40773","40920","1","148"
"gz4qmnkBjJwDq7sn2xK47Y","SAMEA4785017","NODE_31_length_28460_cov_24.783090","NODE_31_length_28460_cov_24.783090:17544..18283:IncFIB(pQil)_1__JN233705:100.000000","","IncFIB(pQil)",100,100,"17544","18283","1","740"
"gz4qmnkBjJwDq7sn2xK47Y","SAMEA4785017","NODE_37_length_19215_cov_51.969070","NODE_37_length_19215_cov_51.969070:13791..14041:IncR_1__DQ449578:100.000000","","IncR",100,100,"13791","14041","1","251"
"gz4qmnkBjJwDq7sn2xK47Y","SAMEA4785017","NODE_57_length_4033_cov_238.427994","NODE_57_length_4033_cov_238.427994:1608..1735:Col(pHAD28)_1__KU674895:89.378070","","Col(pHAD28)",91.47,97.71,"1608","1735","1","129"
"gz4qmnkBjJwDq7sn2xK47Y","SAMEA4785017","NODE_67_length_2852_cov_234.953187","NODE_67_length_2852_cov_234.953187:2053..2183:Col(pHAD28)_1__KU674895:92.366412","","Col(pHAD28)",92.37,100,"2053","2183","1","131"
"os9PxKsnWVQ1yaa4MF8a6c","SAMEA111504611","NODE_48_length_8237_cov_12.490689","NODE_48_length_8237_cov_12.490689:4347..4906:IncFIB(K)(pCAV1099-114)_1__CP011596:100.000000","","IncFIB(K)(pCAV1099-114)",100,100,"4347","4906","1","560"
"os9PxKsnWVQ1yaa4MF8a6c","SAMEA111504611","NODE_58_length_4235_cov_573.122837","NODE_58_length_4235_cov_573.122837:2618..2748:Col(pHAD28)_1__KU674895:92.366412","","Col(pHAD28)",92.37,100,"2618","2748","1","131"
"os9PxKsnWVQ1yaa4MF8a6c","SAMEA111504611","NODE_61_length_3722_cov_515.050178","NODE_61_length_3722_cov_515.050178:1..130:Col(pHAD28)_1__KU674895:91.603053","","Col(pHAD28)",92.31,99.24,"1","130","2","131"
"6A7Wk1psHh9ewryZXAJyXf","SAMEA115925712","NODE_38_length_33417_cov_35.576450","NODE_38_length_33417_cov_35.576450:23806..24365:IncFIB(K)(pCAV1099-114)_1__CP011596:99.642857","","IncFIB(K)(pCAV1099-114)",99.64,100,"23806","24365","1","560"
"6A7Wk1psHh9ewryZXAJyXf","SAMEA115925712","NODE_38_length_33417_cov_35.576450","NODE_38_length_33417_cov_35.576450:31663..32105:repFIB_pC39_CP061701:97.968397","","repFIB",97.97,100,"31663","32105","1","443"
"6A7Wk1psHh9ewryZXAJyXf","SAMEA115925712","NODE_52_length_17623_cov_35.106331","NODE_52_length_17623_cov_35.106331:13908..14647:IncFIB(pQil)_1__JN233705:99.864865","","IncFIB(pQil)",99.86,100,"13908","14647","1","740"
"6A7Wk1psHh9ewryZXAJyXf","SAMEA115925712","NODE_75_length_2346_cov_32.257596","NODE_75_length_2346_cov_32.257596:807..1376:IncHI1B(pNDM-MAR)_1__JN420336:100.000000","","IncHI1B(pNDM-MAR)",100,100,"807","1376","1","570"
"iCV5KZtRkyPyEau49JCQkr","SAMN36884875","NODE_19_length_111192_cov_35.633658","NODE_19_length_111192_cov_35.633658:20820..21379:IncFIB(pKPHS1)_1__CP003223:98.392857","","IncFIB(pKPHS1)",98.39,100,"20820","21379","1","560"
"iCV5KZtRkyPyEau49JCQkr","SAMN36884875","NODE_25_length_55644_cov_58.006391","NODE_25_length_55644_cov_58.006391:51879..52139:IncFII_1__AY458016:100.000000","","IncFII",100,100,"51879","52139","1","261"
"iCV5KZtRkyPyEau49JCQkr","SAMN36884875","NODE_36_length_26706_cov_42.252264","NODE_36_length_26706_cov_42.252264:13153..13540:IncFIA(HI1)_1__AF250878:96.649485","","IncFIA(HI1)",96.65,100,"13153","13540","1","388"
"iCV5KZtRkyPyEau49JCQkr","SAMN36884875","NODE_46_length_11216_cov_38.228209","NODE_46_length_11216_cov_38.228209:5439..5998:IncFIB(K)(pCAV1099-114)_1__CP011596:100.000000","","IncFIB(K)(pCAV1099-114)",100,100,"5439","5998","1","560"
"iCV5KZtRkyPyEau49JCQkr","SAMN36884875","NODE_48_length_9985_cov_32.965608","NODE_48_length_9985_cov_32.965608:8574..9143:IncHI1B(pNDM-MAR)_1__JN420336:100.000000","","IncHI1B(pNDM-MAR)",100,100,"8574","9143","1","570"
"iCV5KZtRkyPyEau49JCQkr","SAMN36884875","NODE_60_length_5770_cov_41.385294","NODE_60_length_5770_cov_41.385294:2294..2916:repB(R1701)_1__CP039970:98.876404","","repB(R1701)",98.88,100,"2294","2916","1","623"
"iCV5KZtRkyPyEau49JCQkr","SAMN36884875","NODE_61_length_5753_cov_39.191900","NODE_61_length_5753_cov_39.191900:1727..1874:IncFII(K)_1__CP000648:98.648649","","IncFII(K)",98.65,100,"1727","1874","1","148"
"iCV5KZtRkyPyEau49JCQkr","SAMN36884875","NODE_84_length_1992_cov_354.369783","NODE_84_length_1992_cov_354.369783:807..997:ColpVC_1__JX133088:95.854922","","ColpVC",96.86,98.96,"807","997","1","191"
"2H7LhawUkgSTwFeNQbsHfx","SAMN36943779","NODE_49_length_27571_cov_9.525990","NODE_49_length_27571_cov_9.525990:5209..5459:IncR_1__DQ449578:100.000000","","IncR",100,100,"5209","5459","1","251"
"2H7LhawUkgSTwFeNQbsHfx","SAMN36943779","NODE_65_length_11315_cov_5.885342","NODE_65_length_11315_cov_5.885342:8911..9058:IncFII(K)_1__CP000648:97.297297","","IncFII(K)",97.3,100,"8911","9058","1","148"
"2H7LhawUkgSTwFeNQbsHfx","SAMN36943779","NODE_70_length_9522_cov_7.379815","NODE_70_length_9522_cov_7.379815:6739..7298:IncFIB(K)_1__JN233704:98.928571","","IncFIB(K)",98.93,100,"6739","7298","1","560"
"2H7LhawUkgSTwFeNQbsHfx","SAMN36943779","NODE_114_length_2205_cov_614.236467","NODE_114_length_2205_cov_614.236467:1346..1461:Col(pHAD28)_1__KU674895:83.206107","","Col(pHAD28)",93.97,88.55,"1346","1461","1","116"
"2H7LhawUkgSTwFeNQbsHfx","SAMN36943779","NODE_139_length_1225_cov_4.403197","NODE_139_length_1225_cov_4.403197:34..656:repB(R1701)_1__CP039970:98.715891","","repB(R1701)",98.72,100,"34","656","1","623"
"aHqRui8jXfGrasdZ9o7RMw","SAMEA7472505","NODE_26_length_57003_cov_7.599265","NODE_26_length_57003_cov_7.599265:40721..40868:IncFII(K)_1__CP000648:98.648649","","IncFII(K)",98.65,100,"40721","40868","1","148"
"aHqRui8jXfGrasdZ9o7RMw","SAMEA7472505","NODE_33_length_34321_cov_7.712620","NODE_33_length_34321_cov_7.712620:29211..29584:IncX3_1__JN247852:100.000000","","IncX3",100,100,"29211","29584","1","374"
"aHqRui8jXfGrasdZ9o7RMw","SAMEA7472505","NODE_35_length_32086_cov_8.121237","NODE_35_length_32086_cov_8.121237:18187..18926:IncFIB(pQil)_1__JN233705:100.000000","","IncFIB(pQil)",100,100,"18187","18926","1","740"
"aHqRui8jXfGrasdZ9o7RMw","SAMEA7472505","NODE_52_length_8283_cov_5.049853","NODE_52_length_8283_cov_5.049853:4370..4929:IncFIB(K)(pCAV1099-114)_1__CP011596:100.000000","","IncFIB(K)(pCAV1099-114)",100,100,"4370","4929","1","560"
"aHqRui8jXfGrasdZ9o7RMw","SAMEA7472505","NODE_55_length_4940_cov_294.566205","NODE_55_length_4940_cov_294.566205:3308..3421:Col440I_1__CP023920:94.736842","","Col440I",94.74,100,"3308","3421","1","114"
"aHqRui8jXfGrasdZ9o7RMw","SAMEA7472505","NODE_78_length_2001_cov_4.834385","NODE_78_length_2001_cov_4.834385:492..1061:IncHI1B(pNDM-MAR)_1__JN420336:100.000000","","IncHI1B(pNDM-MAR)",100,100,"492","1061","1","570"
"aHqRui8jXfGrasdZ9o7RMw","SAMEA7472505","NODE_79_length_1879_cov_1369.489888","NODE_79_length_1879_cov_1369.489888:1596..1788:ColpVC_1__JX133088:97.409326","","ColpVC",97.41,100,"1596","1788","1","193"
"ajk5KRQbpVw1sMvcdSbbn1","SAMN05960949","NODE_42_length_23343_cov_20.933660","NODE_42_length_23343_cov_20.933660:8824..8971:IncFII(K)_1__CP000648:97.297297","","IncFII(K)",97.3,100,"8824","8971","1","148"
"ajk5KRQbpVw1sMvcdSbbn1","SAMN05960949","NODE_44_length_20141_cov_46.915527","NODE_44_length_20141_cov_46.915527:14715..14965:IncR_1__DQ449578:100.000000","","IncR",100,100,"14715","14965","1","251"
"ajk5KRQbpVw1sMvcdSbbn1","SAMN05960949","NODE_51_length_12219_cov_20.670132","NODE_51_length_12219_cov_20.670132:7539..8098:IncFIB(K)_1__JN233704:100.000000","","IncFIB(K)",100,100,"7539","8098","1","560"
"ajk5KRQbpVw1sMvcdSbbn1","SAMN05960949","NODE_58_length_6250_cov_88.018859","NODE_58_length_6250_cov_88.018859:3576..3962:IncFIA(HI1)_1__AF250878:98.195876","","IncFIA(HI1)",98.45,99.74,"3576","3962","2","388"
"ajk5KRQbpVw1sMvcdSbbn1","SAMN05960949","NODE_60_length_4595_cov_80.751112","NODE_60_length_4595_cov_80.751112:3126..3748:repB(R1701)_1__CP039970:99.197432","","repB(R1701)",99.2,100,"3126","3748","1","623"
"ajk5KRQbpVw1sMvcdSbbn1","SAMN05960949","NODE_62_length_3575_cov_940.732739","NODE_62_length_3575_cov_940.732739:3294..3424:Col(pHAD28)_1__KU674895:92.366412","","Col(pHAD28)",92.37,100,"3294","3424","1","131"
"ajk5KRQbpVw1sMvcdSbbn1","SAMN05960949","NODE_70_length_1930_cov_398.732933","NODE_70_length_1930_cov_398.732933:1347..1477:Col(pHAD28)_1__KU674895:94.656489","","Col(pHAD28)",94.66,100,"1347","1477","1","131"
"cLrDJaBZwCxksJns9enuHQ","SAMEA5753763","NODE_32_length_49871_cov_27.106244","NODE_32_length_49871_cov_27.106244:46912..47141:IncFII(pKP91)_1__CP000966:100.000000","","IncFII(pKP91)",100,100,"46912","47141","1","230"
"cLrDJaBZwCxksJns9enuHQ","SAMEA5753763","NODE_33_length_35733_cov_26.160268","NODE_33_length_35733_cov_26.160268:26045..26339:IncFIA(pBK30683)_1__KF954760:100.000000","","IncFIA(pBK30683)",100,100,"26045","26339","1","295"
"cLrDJaBZwCxksJns9enuHQ","SAMEA5753763","NODE_43_length_13996_cov_28.958552","NODE_43_length_13996_cov_28.958552:5380..5939:IncFIB(K)_1__JN233704:98.928571","","IncFIB(K)",98.93,100,"5380","5939","1","560"
"cLrDJaBZwCxksJns9enuHQ","SAMEA5753763","NODE_45_length_12046_cov_29.016741","NODE_45_length_12046_cov_29.016741:3495..3608:Col440I_1__CP023920:95.614035","","Col440I",95.61,100,"3495","3608","1","114"
"cLrDJaBZwCxksJns9enuHQ","SAMEA5753763","NODE_56_length_5886_cov_35.349404","NODE_56_length_5886_cov_35.349404:3451..3581:Col(pHAD28)_1__KU674895:94.656489","","Col(pHAD28)",94.66,100,"3451","3581","1","131"
"9EK6nFkQxjy3n4a8BZUhs5","SAMN36884884","NODE_37_length_13861_cov_37.885772","NODE_37_length_13861_cov_37.885772:8031..8590:IncFIB(K)(pCAV1099-114)_1__CP011596:100.000000","","IncFIB(K)(pCAV1099-114)",100,100,"8031","8590","1","560"
"9EK6nFkQxjy3n4a8BZUhs5","SAMN36884884","NODE_51_length_3888_cov_186.109528","NODE_51_length_3888_cov_186.109528:3564..3694:Col(pHAD28)_1__KU674895:92.366412","","Col(pHAD28)",92.37,100,"3564","3694","1","131"
"opgxhkceTYBhoHePQ7i3J2","SAMEA111505116","NODE_19_length_112697_cov_19.791444","NODE_19_length_112697_cov_19.791444:25782..26341:IncFIB(pKPHS1)_1__CP003223:95.535714","","IncFIB(pKPHS1)",95.54,100,"25782","26341","1","560"
"opgxhkceTYBhoHePQ7i3J2","SAMEA111505116","NODE_42_length_23361_cov_15.052736","NODE_42_length_23361_cov_15.052736:6473..7212:IncFIB(pQil)_1__JN233705:100.000000","","IncFIB(pQil)",100,100,"6473","7212","1","740"
"opgxhkceTYBhoHePQ7i3J2","SAMEA111505116","NODE_43_length_22248_cov_21.215893","NODE_43_length_22248_cov_21.215893:3486..4045:IncFIB(K)(pCAV1099-114)_1__CP011596:99.642857","","IncFIB(K)(pCAV1099-114)",99.64,100,"3486","4045","1","560"
"opgxhkceTYBhoHePQ7i3J2","SAMEA111505116","NODE_47_length_16441_cov_22.238421","NODE_47_length_16441_cov_22.238421:11753..12190:RepB_1_pC39_CP061702.1:99.543379","","RepB",99.54,100,"11753","12190","1","438"
"opgxhkceTYBhoHePQ7i3J2","SAMEA111505116","NODE_50_length_12540_cov_17.453751","NODE_50_length_12540_cov_17.453751:5175..5425:IncR_1__DQ449578:100.000000","","IncR",100,100,"5175","5425","1","251"
"opgxhkceTYBhoHePQ7i3J2","SAMEA111505116","NODE_63_length_4243_cov_935.391075","NODE_63_length_4243_cov_935.391075:1612..1742:Col(pHAD28)_1__KU674895:92.366412","","Col(pHAD28)",92.37,100,"1612","1742","1","131"
"3CZfqkzSWZLhnUJapfWebH","SAMN41988748","NODE_32_length_14831_cov_37.878903","NODE_32_length_14831_cov_37.878903:5230..5617:IncFIA(HI1)_1__AF250878:97.164948","","IncFIA(HI1)",97.16,100,"5230","5617","1","388"
"3CZfqkzSWZLhnUJapfWebH","SAMN41988748","NODE_37_length_9523_cov_38.192063","NODE_37_length_9523_cov_38.192063:1492..2256:IncY_1__K02380:99.477124","","IncY",99.48,100,"1492","2256","1","765"
"3CZfqkzSWZLhnUJapfWebH","SAMN41988748","NODE_38_length_9199_cov_7.092747","NODE_38_length_9199_cov_7.092747:6677..7236:IncFIB(K)_1__JN233704:98.928571","","IncFIB(K)",98.93,100,"6677","7236","1","560"
"k4M3rSMsx1QNStuBYozfXJ","SAMN05960886","NODE_17_length_85656_cov_22.357427","NODE_17_length_85656_cov_22.357427:74468..74615:IncFII(K)_1__CP000648:97.297297","","IncFII(K)",97.3,100,"74468","74615","1","148"
"k4M3rSMsx1QNStuBYozfXJ","SAMN05960886","NODE_34_length_12392_cov_22.818840","NODE_34_length_12392_cov_22.818840:4125..4684:IncFIB(K)_1__JN233704:100.000000","","IncFIB(K)",100,100,"4125","4684","1","560"
"k4M3rSMsx1QNStuBYozfXJ","SAMN05960886","NODE_51_length_977_cov_129.096811","NODE_51_length_977_cov_129.096811:311..824:IncN_1__AY046276:99.610895","","IncN",99.61,100,"311","824","1","514"
"17cjBXCud4W8WzY9Adcadf","SAMEA6654231","NODE_17_length_52053_cov_6.005062","NODE_17_length_52053_cov_6.005062:2643..3202:IncFIB(K)_1__JN233704:99.107143","","IncFIB(K)",99.11,100,"2643","3202","1","560"
"17cjBXCud4W8WzY9Adcadf","SAMEA6654231","NODE_17_length_52053_cov_6.005062","NODE_17_length_52053_cov_6.005062:29584..30022:IncFIB(pNDM-Mar)_1__JN420336:99.316629","","IncFIB(pNDM-Mar)",99.32,100,"29584","30022","1","439"
"17cjBXCud4W8WzY9Adcadf","SAMEA6654231","NODE_24_length_34321_cov_11.619981","NODE_24_length_34321_cov_11.619981:4738..5111:IncX3_1__JN247852:100.000000","","IncX3",100,100,"4738","5111","1","374"
"17cjBXCud4W8WzY9Adcadf","SAMEA6654231","NODE_30_length_21749_cov_6.240739","NODE_30_length_21749_cov_6.240739:7469..7696:IncFII(pKP91)_1__CP000966:94.385798","","IncFII(pKP91)",95.63,98.7,"7469","7696","3","230"
"17cjBXCud4W8WzY9Adcadf","SAMEA6654231","NODE_37_length_8766_cov_14.031614","NODE_37_length_8766_cov_14.031614:2628..2856:ColKP3_1__JN205800:81.785714","","ColKP3",100,81.79,"2628","2856","1","229"
"17cjBXCud4W8WzY9Adcadf","SAMEA6654231","NODE_45_length_6832_cov_6.895886","NODE_45_length_6832_cov_6.895886:6212..6740:IncQ1_1__M28829:66.457286","","IncQ1",100,66.46,"6212","6740","1","529"
"bgSrxKwxA6HeN1jdLNgHsG","SAMEA5753739","NODE_44_length_15557_cov_14.266981","NODE_44_length_15557_cov_14.266981:6401..6651:IncR_1__DQ449578:99.601594","","IncR",99.6,100,"6401","6651","1","251"
"bgSrxKwxA6HeN1jdLNgHsG","SAMEA5753739","NODE_58_length_8577_cov_14.842770","NODE_58_length_8577_cov_14.842770:1461..2020:IncFIB(K)_1__JN233704:98.928571","","IncFIB(K)",98.93,100,"1461","2020","1","560"
"uQyJaAJRdkvckdJnxkNQWD","SAMEA5753725","NODE_31_length_4930_cov_29.083213","NODE_31_length_4930_cov_29.083213:2855..2986:Col(pHAD28)_1__KU674895:90.151515","","Col(pHAD28)",90.15,100,"2855","2986","1","131"
"8JbGkEtkonwzJzAFhjvvPP","SAMEA7472509","NODE_42_length_21958_cov_7.495128","NODE_42_length_21958_cov_7.495128:13655..14224:IncHI1B(pNDM-MAR)_1__JN420336:100.000000","","IncHI1B(pNDM-MAR)",100,100,"13655","14224","1","570"
"8JbGkEtkonwzJzAFhjvvPP","SAMEA7472509","NODE_43_length_21948_cov_5.115612","NODE_43_length_21948_cov_5.115612:157..544:IncFIA(HI1)_1__AF250878:97.164948","","IncFIA(HI1)",97.16,100,"157","544","1","388"
"8JbGkEtkonwzJzAFhjvvPP","SAMEA7472509","NODE_50_length_10022_cov_5.584299","NODE_50_length_10022_cov_5.584299:5094..5653:IncFIB(K)(pCAV1099-114)_1__CP011596:100.000000","","IncFIB(K)(pCAV1099-114)",100,100,"5094","5653","1","560"
"8JbGkEtkonwzJzAFhjvvPP","SAMEA7472509","NODE_55_length_7762_cov_5.039410","NODE_55_length_7762_cov_5.039410:1978..2125:IncFII(K)_1__CP000648:95.270270","","IncFII(K)",95.27,100,"1978","2125","1","148"
"8JbGkEtkonwzJzAFhjvvPP","SAMEA7472509","NODE_66_length_5108_cov_194.927730","NODE_66_length_5108_cov_194.927730:1248..1363:Col(pHAD28)_1__KU674895:82.442748","","Col(pHAD28)",93.1,88.55,"1248","1363","1","116"
"8JbGkEtkonwzJzAFhjvvPP","SAMEA7472509","NODE_71_length_3651_cov_243.084741","NODE_71_length_3651_cov_243.084741:3350..3480:Col(pHAD28)_1__KU674895:90.076336","","Col(pHAD28)",90.08,100,"3350","3480","1","131"
"8JbGkEtkonwzJzAFhjvvPP","SAMEA7472509","NODE_85_length_1847_cov_786.859268","NODE_85_length_1847_cov_786.859268:1238..1428:ColpVC_1__JX133088:95.854922","","ColpVC",96.86,98.96,"1238","1428","1","191"
"dQaeWNGmkR27kysq26if8M","SAMEA5753730","NODE_69_length_7559_cov_14.597721","NODE_69_length_7559_cov_14.597721:6369..6928:IncFIB(K)(pCAV1099-114)_1__CP011596:100.000000","","IncFIB(K)(pCAV1099-114)",100,100,"6369","6928","1","560"
"dQaeWNGmkR27kysq26if8M","SAMEA5753730","NODE_75_length_4859_cov_12.838025","NODE_75_length_4859_cov_12.838025:3792..4361:IncHI1B(pNDM-MAR)_1__JN420336:99.473684","","IncHI1B(pNDM-MAR)",99.47,100,"3792","4361","1","570"
"dQaeWNGmkR27kysq26if8M","SAMEA5753730","NODE_88_length_2200_cov_35.484055","NODE_88_length_2200_cov_35.484055:1170..1285:Col(pHAD28)_1__KU674895:83.206107","","Col(pHAD28)",93.97,88.55,"1170","1285","1","116"
"r9av7Pjq7KmtguHZVx827e","SAMEA115925713","NODE_31_length_16930_cov_9.979057","NODE_31_length_16930_cov_9.979057:3263..3410:IncFII(K)_1__CP000648:97.297297","","IncFII(K)",97.3,100,"3263","3410","1","148"
"r9av7Pjq7KmtguHZVx827e","SAMEA115925713","NODE_32_length_16768_cov_9.972563","NODE_32_length_16768_cov_9.972563:623..873:IncR_1__DQ449578:100.000000","","IncR",100,100,"623","873","1","251"
"vJZE3Nvvtpj7S7mzx9aBLJ","SAMEA6155781","NODE_9_length_57467_cov_14.208479","NODE_9_length_57467_cov_14.208479:29993..30243:IncR_1__DQ449578:100.000000","","IncR",100,100,"29993","30243","1","251"
"vJZE3Nvvtpj7S7mzx9aBLJ","SAMEA6155781","NODE_9_length_57467_cov_14.208479","NODE_9_length_57467_cov_14.208479:5372..5485:Col440I_1__CP023920:94.736842","","Col440I",94.74,100,"5372","5485","1","114"
"vJZE3Nvvtpj7S7mzx9aBLJ","SAMEA6155781","NODE_12_length_15096_cov_11.121491","NODE_12_length_15096_cov_11.121491:12454..12840:IncFIA(HI1)_1__AF250878:98.195876","","IncFIA(HI1)",98.45,99.74,"12454","12840","2","388"
"1ZKLGKjWkBqdJjheeB9mFL","SAMN05960879","NODE_28_length_18990_cov_35.188026","NODE_28_length_18990_cov_35.188026:6210..6769:IncFIB(K)_1__JN233704:98.928571","","IncFIB(K)",98.93,100,"6210","6769","1","560"
"1ZKLGKjWkBqdJjheeB9mFL","SAMN05960879","NODE_33_length_13706_cov_33.317557","NODE_33_length_13706_cov_33.317557:641..1405:IncY_1__K02380:99.477124","","IncY",99.48,100,"641","1405","1","765"
"1ZKLGKjWkBqdJjheeB9mFL","SAMN05960879","NODE_49_length_4186_cov_242.665525","NODE_49_length_4186_cov_242.665525:3081..3199:Col(pHAD28)_1__KU674895:82.512723","","Col(pHAD28)",90.83,90.84,"3081","3199","1","120"
"1ZKLGKjWkBqdJjheeB9mFL","SAMN05960879","NODE_53_length_3381_cov_57.104509","NODE_53_length_3381_cov_57.104509:2044..2430:IncFIA(HI1)_1__AF250878:98.711340","","IncFIA(HI1)",98.97,99.74,"2044","2430","2","388"
"1ZKLGKjWkBqdJjheeB9mFL","SAMN05960879","NODE_81_length_631_cov_205.913534","NODE_81_length_631_cov_205.913534:1..478:IncN_1__AY046276:92.607004","","IncN",99.58,93,"1","478","1","478"
"8YnVyxHA7nqtqzDfQdJ3mB","SAMEA8515137","NODE_25_length_91174_cov_13.609135","NODE_25_length_91174_cov_13.609135:42671..42818:IncFII(K)_1__CP000648:98.648649","","IncFII(K)",98.65,100,"42671","42818","1","148"
"8YnVyxHA7nqtqzDfQdJ3mB","SAMEA8515137","NODE_39_length_38257_cov_14.291708","NODE_39_length_38257_cov_14.291708:3617..3990:IncX3_1__JN247852:100.000000","","IncX3",100,100,"3617","3990","1","374"
"8YnVyxHA7nqtqzDfQdJ3mB","SAMEA8515137","NODE_42_length_37091_cov_13.846940","NODE_42_length_37091_cov_13.846940:23192..23931:IncFIB(pQil)_1__JN233705:100.000000","","IncFIB(pQil)",100,100,"23192","23931","1","740"
"8YnVyxHA7nqtqzDfQdJ3mB","SAMEA8515137","NODE_59_length_18945_cov_7.384803","NODE_59_length_18945_cov_7.384803:5219..5778:IncFIB(K)(pCAV1099-114)_1__CP011596:100.000000","","IncFIB(K)(pCAV1099-114)",100,100,"5219","5778","1","560"
"8YnVyxHA7nqtqzDfQdJ3mB","SAMEA8515137","NODE_67_length_4940_cov_58.241066","NODE_67_length_4940_cov_58.241066:281..394:Col440I_1__CP023920:94.736842","","Col440I",94.74,100,"281","394","1","114"
"8YnVyxHA7nqtqzDfQdJ3mB","SAMEA8515137","NODE_84_length_1879_cov_294.483708","NODE_84_length_1879_cov_294.483708:1316..1508:ColpVC_1__JX133088:97.409326","","ColpVC",97.41,100,"1316","1508","1","193"
"5Vzojp1ehDS15wUpA1k7aJ","SAMEA111505122","NODE_55_length_7318_cov_29.102030","NODE_55_length_7318_cov_29.102030:3450..4009:IncFIB(K)(pCAV1099-114)_1__CP011596:99.642857","","IncFIB(K)(pCAV1099-114)",99.64,100,"3450","4009","1","560"
"5Vzojp1ehDS15wUpA1k7aJ","SAMEA111505122","NODE_58_length_6201_cov_828.711231","NODE_58_length_6201_cov_828.711231:2207..2319:Col440I_1__CP023920:91.297322","","Col440I",92.11,99.12,"2207","2319","1","114"
"5Vzojp1ehDS15wUpA1k7aJ","SAMEA111505122","NODE_62_length_4677_cov_26.532377","NODE_62_length_4677_cov_26.532377:802..1244:repFIB_pC39_CP061701:97.968397","","repFIB",97.97,100,"802","1244","1","443"
"5Vzojp1ehDS15wUpA1k7aJ","SAMEA111505122","NODE_65_length_4066_cov_968.697319","NODE_65_length_4066_cov_968.697319:1389..1516:Col(pHAD28)_1__KU674895:89.378070","","Col(pHAD28)",91.47,97.71,"1389","1516","1","129"
"5Vzojp1ehDS15wUpA1k7aJ","SAMEA111505122","NODE_67_length_3786_cov_21.648612","NODE_67_length_3786_cov_21.648612:2411..2980:IncHI1B(pNDM-MAR)_1__JN420336:100.000000","","IncHI1B(pNDM-MAR)",100,100,"2411","2980","1","570"
"hNFZHi4TzoXS9HPc1dSDA8","SAMEA5753773","NODE_85_length_3250_cov_23.621707","NODE_85_length_3250_cov_23.621707:1041..1154:Col440I_1__CP023920:92.982456","","Col440I",92.98,100,"1041","1154","1","114"
"pnFzwi6DT6U9P7HitW1FMj","SAMEA4785011","NODE_35_length_27144_cov_49.740367","NODE_35_length_27144_cov_49.740367:16825..17564:IncFIB(pQil)_1__JN233705:100.000000","","IncFIB(pQil)",100,100,"16825","17564","1","740"
"pnFzwi6DT6U9P7HitW1FMj","SAMEA4785011","NODE_37_length_24280_cov_39.851312","NODE_37_length_24280_cov_39.851312:23412..23559:IncFII(K)_1__CP000648:97.972973","","IncFII(K)",97.97,100,"23412","23559","1","148"
"pnFzwi6DT6U9P7HitW1FMj","SAMEA4785011","NODE_43_length_12377_cov_43.005609","NODE_43_length_12377_cov_43.005609:4152..4711:IncFIB(K)_1__JN233704:100.000000","","IncFIB(K)",100,100,"4152","4711","1","560"
"pnFzwi6DT6U9P7HitW1FMj","SAMEA4785011","NODE_48_length_9657_cov_61.467752","NODE_48_length_9657_cov_61.467752:5298..5548:IncR_1__DQ449578:100.000000","","IncR",100,100,"5298","5548","1","251"
"pnFzwi6DT6U9P7HitW1FMj","SAMEA4785011","NODE_56_length_6202_cov_76.279582","NODE_56_length_6202_cov_76.279582:2265..2651:IncFIA(HI1)_1__AF250878:98.195876","","IncFIA(HI1)",98.45,99.74,"2265","2651","2","388"
"pnFzwi6DT6U9P7HitW1FMj","SAMEA4785011","NODE_63_length_3871_cov_325.380400","NODE_63_length_3871_cov_325.380400:536..649:Col440I_1__CP023920:95.614035","","Col440I",95.61,100,"536","649","1","114"
"pnFzwi6DT6U9P7HitW1FMj","SAMEA4785011","NODE_64_length_3757_cov_49.793047","NODE_64_length_3757_cov_49.793047:722..869:IncFII(K)_1__CP000648:97.972973","","IncFII(K)",97.97,100,"722","869","1","148"
"nL2Rwd36aKVaXBMmuKchbV","SAMEA115925707","NODE_27_length_31459_cov_17.007743","NODE_27_length_31459_cov_17.007743:14383..15122:IncFIB(pQil)_1__JN233705:100.000000","","IncFIB(pQil)",100,100,"14383","15122","1","740"
"nL2Rwd36aKVaXBMmuKchbV","SAMEA115925707","NODE_29_length_29202_cov_21.740790","NODE_29_length_29202_cov_21.740790:522..997:IncN4_1__JQ996149:96.848739","","IncN4",96.85,100,"522","997","1","476"
"nL2Rwd36aKVaXBMmuKchbV","SAMEA115925707","NODE_44_length_10757_cov_23.147070","NODE_44_length_10757_cov_23.147070:4102..4661:IncFIB(K)_1__JN233704:98.928571","","IncFIB(K)",98.93,100,"4102","4661","1","560"
"nL2Rwd36aKVaXBMmuKchbV","SAMEA115925707","NODE_52_length_3528_cov_18.524761","NODE_52_length_3528_cov_18.524761:1715..1862:IncFII(K)_1__CP000648:95.945946","","IncFII(K)",95.95,100,"1715","1862","1","148"
"dZfePqBBSqwaWSZP1wwyxd","SAMEA111504607","NODE_20_length_107149_cov_17.484665","NODE_20_length_107149_cov_17.484665:12387..12946:repB_KLEB_VIR_AP006726:100.000000","","repB",100,100,"12387","12946","1","560"
"dZfePqBBSqwaWSZP1wwyxd","SAMEA111504607","NODE_20_length_107149_cov_17.484665","NODE_20_length_107149_cov_17.484665:29466..29903:RepB_1_pC39_CP061702.1:100.000000","","RepB",100,100,"29466","29903","1","438"
"aV1sM8V81ttSdPBmseMK66","SAMN05960907","NODE_18_length_101137_cov_29.887813","NODE_18_length_101137_cov_29.887813:77676..78235:IncFIB(K)_1__JN233704:100.000000","","IncFIB(K)",100,100,"77676","78235","1","560"
"aV1sM8V81ttSdPBmseMK66","SAMN05960907","NODE_18_length_101137_cov_29.887813","NODE_18_length_101137_cov_29.887813:63721..63868:IncFII(K)_1__CP000648:97.297297","","IncFII(K)",97.3,100,"63721","63868","1","148"
"aV1sM8V81ttSdPBmseMK66","SAMN05960907","NODE_45_length_6299_cov_230.714032","NODE_45_length_6299_cov_230.714032:4806..4936:Col(pHAD28)_1__KU674895:92.366412","","Col(pHAD28)",92.37,100,"4806","4936","1","131"
"aV1sM8V81ttSdPBmseMK66","SAMN05960907","NODE_51_length_4363_cov_276.585366","NODE_51_length_4363_cov_276.585366:2510..2640:Col(pHAD28)_1__KU674895:92.366412","","Col(pHAD28)",92.37,100,"2510","2640","1","131"
"geUM1oQYdtik6Xehr3Zscf","SAMEA5753355","NODE_18_length_122699_cov_26.317977","NODE_18_length_122699_cov_26.317977:32713..33272:IncFIB(K)_1__JN233704:99.642857","","IncFIB(K)",99.64,100,"32713","33272","1","560"
"geUM1oQYdtik6Xehr3Zscf","SAMEA5753355","NODE_18_length_122699_cov_26.317977","NODE_18_length_122699_cov_26.317977:120306..120535:IncFII(pKP91)_1__CP000966:100.000000","","IncFII(pKP91)",100,100,"120306","120535","1","230"
"geUM1oQYdtik6Xehr3Zscf","SAMEA5753355","NODE_38_length_5974_cov_33.953191","NODE_38_length_5974_cov_33.953191:2023..2153:Col(pHAD28)_1__KU674895:94.656489","","Col(pHAD28)",94.66,100,"2023","2153","1","131"
"geUM1oQYdtik6Xehr3Zscf","SAMEA5753355","NODE_42_length_3727_cov_34.136163","NODE_42_length_3727_cov_34.136163:1923..2036:Col440I_1__CP023920:97.368421","","Col440I",97.37,100,"1923","2036","1","114"
"iatBhmBrmLiAAiLsaRp5YH","SAMEA6422766","NODE_13_length_186259_cov_10.746326","NODE_13_length_186259_cov_10.746326:818..1260:repFIB_pC39_CP061701:97.968397","","repFIB",97.97,100,"818","1260","1","443"
"iatBhmBrmLiAAiLsaRp5YH","SAMEA6422766","NODE_24_length_36826_cov_7.546356","NODE_24_length_36826_cov_7.546356:32952..33511:IncFIB(K)(pCAV1099-114)_1__CP011596:99.642857","","IncFIB(K)(pCAV1099-114)",99.64,100,"32952","33511","1","560"
"iatBhmBrmLiAAiLsaRp5YH","SAMEA6422766","NODE_27_length_19897_cov_8.316295","NODE_27_length_19897_cov_8.316295:16300..16869:IncHI1B(pNDM-MAR)_1__JN420336:100.000000","","IncHI1B(pNDM-MAR)",100,100,"16300","16869","1","570"
"hN9QXqRKzHjwKe8aeifrGQ","SAMEA4785012","NODE_27_length_44614_cov_44.485485","NODE_27_length_44614_cov_44.485485:40930..41077:IncFII(K)_1__CP000648:97.972973","","IncFII(K)",97.97,100,"40930","41077","1","148"
"hN9QXqRKzHjwKe8aeifrGQ","SAMEA4785012","NODE_33_length_28318_cov_44.201855","NODE_33_length_28318_cov_44.201855:17544..18283:IncFIB(pQil)_1__JN233705:100.000000","","IncFIB(pQil)",100,100,"17544","18283","1","740"
"hN9QXqRKzHjwKe8aeifrGQ","SAMEA4785012","NODE_39_length_19287_cov_73.031439","NODE_39_length_19287_cov_73.031439:5247..5497:IncR_1__DQ449578:100.000000","","IncR",100,100,"5247","5497","1","251"
"hN9QXqRKzHjwKe8aeifrGQ","SAMEA4785012","NODE_58_length_4022_cov_291.346592","NODE_58_length_4022_cov_291.346592:1595..1722:Col(pHAD28)_1__KU674895:89.378070","","Col(pHAD28)",91.47,97.71,"1595","1722","1","129"
"hN9QXqRKzHjwKe8aeifrGQ","SAMEA4785012","NODE_60_length_3826_cov_270.467342","NODE_60_length_3826_cov_270.467342:39..152:Col440I_1__CP023920:92.105263","","Col440I",92.11,100,"39","152","1","114"
"jpRJy2sHoCEddK5MzjPAm8","SAMEA111504612","NODE_39_length_12628_cov_20.891931","NODE_39_length_12628_cov_20.891931:3526..4085:IncFIB(K)(pCAV1099-114)_1__CP011596:99.642857","","IncFIB(K)(pCAV1099-114)",99.64,100,"3526","4085","1","560"
"jpRJy2sHoCEddK5MzjPAm8","SAMEA111504612","NODE_39_length_12628_cov_20.891931","NODE_39_length_12628_cov_20.891931:11371..11813:repFIB_pC39_CP061701:97.968397","","repFIB",97.97,100,"11371","11813","1","443"
"jpRJy2sHoCEddK5MzjPAm8","SAMEA111504612","NODE_40_length_12344_cov_23.732462","NODE_40_length_12344_cov_23.732462:6836..7086:IncR_1__DQ449578:100.000000","","IncR",100,100,"6836","7086","1","251"
"jTcoqu2MdhH2h4g6svP51p","SAMN41988737","NODE_24_length_57507_cov_18.721363","NODE_24_length_57507_cov_18.721363:12358..12505:IncFII(K)_1__CP000648:99.324324","","IncFII(K)",99.32,100,"12358","12505","1","148"
"jTcoqu2MdhH2h4g6svP51p","SAMN41988737","NODE_29_length_21159_cov_19.037274","NODE_29_length_21159_cov_19.037274:7970..8529:IncFIB(K)_1__JN233704:100.000000","","IncFIB(K)",100,100,"7970","8529","1","560"
"jTcoqu2MdhH2h4g6svP51p","SAMN41988737","NODE_33_length_13644_cov_27.138280","NODE_33_length_13644_cov_27.138280:12766..13388:repB(R1701)_1__CP039970:98.876404","","repB(R1701)",98.88,100,"12766","13388","1","623"
"jTcoqu2MdhH2h4g6svP51p","SAMN41988737","NODE_37_length_10691_cov_27.355457","NODE_37_length_10691_cov_27.355457:8051..8437:IncFIA(HI1)_1__AF250878:98.195876","","IncFIA(HI1)",98.45,99.74,"8051","8437","2","388"
"kUP4v3dKJP9skf3bHvwXUu","SAMN05960904","NODE_38_length_28103_cov_63.389659","NODE_38_length_28103_cov_63.389659:27020..27407:IncFIA(HI1)_1__AF250878:96.649485","","IncFIA(HI1)",96.65,100,"27020","27407","1","388"
"kUP4v3dKJP9skf3bHvwXUu","SAMN05960904","NODE_51_length_4151_cov_802.487907","NODE_51_length_4151_cov_802.487907:30..143:Col440I_1__CP023920:95.614035","","Col440I",95.61,100,"30","143","1","114"
"kUP4v3dKJP9skf3bHvwXUu","SAMN05960904","NODE_51_length_4151_cov_802.487907","NODE_51_length_4151_cov_802.487907:2561..2655:Col(MGD2)_1__NC_003789:63.357843","","Col(MGD2)",91.67,69.12,"2561","2655","1","95"
"kUP4v3dKJP9skf3bHvwXUu","SAMN05960904","NODE_54_length_2179_cov_711.697115","NODE_54_length_2179_cov_711.697115:30..143:Col440I_1__CP023920:96.491228","","Col440I",96.49,100,"30","143","1","114"
"kqYjA4z1VWxyg1LQ1akVnQ","SAMEA6155866","NODE_17_length_76138_cov_11.716040","NODE_17_length_76138_cov_11.716040:67132..67691:IncFIB(K)_1__JN233704:98.928571","","IncFIB(K)",98.93,100,"67132","67691","1","560"
"kqYjA4z1VWxyg1LQ1akVnQ","SAMEA6155866","NODE_25_length_6361_cov_12.977962","NODE_25_length_6361_cov_12.977962:954..1181:IncFII(pKP91)_1__CP000966:94.816784","","IncFII(pKP91)",96.07,98.7,"954","1181","3","230"
"kqYjA4z1VWxyg1LQ1akVnQ","SAMEA6155866","NODE_28_length_4150_cov_68.874846","NODE_28_length_4150_cov_68.874846:3036..3317:Col440II_1__CP023921:96.808511","","Col440II",96.81,100,"3036","3317","1","282"
"kqYjA4z1VWxyg1LQ1akVnQ","SAMEA6155866","NODE_30_length_3640_cov_66.397063","NODE_30_length_3640_cov_66.397063:1293..1423:Col(pHAD28)_1__KU674895:93.129771","","Col(pHAD28)",93.13,100,"1293","1423","1","131"
"uc7XTeozGMpUiurZSWSuWM","SAMN05960925","NODE_26_length_58519_cov_12.277491","NODE_26_length_58519_cov_12.277491:56620..56767:IncFII(K)_1__CP000648:95.945946","","IncFII(K)",95.95,100,"56620","56767","1","148"
"uc7XTeozGMpUiurZSWSuWM","SAMN05960925","NODE_39_length_9685_cov_12.982370","NODE_39_length_9685_cov_12.982370:5001..5560:IncFIB(K)_1__JN233704:98.928571","","IncFIB(K)",98.93,100,"5001","5560","1","560"
"xhNWCcrWXPqL9Ru7rU3mrt","SAMN05960895","NODE_23_length_58323_cov_18.972932","NODE_23_length_58323_cov_18.972932:30241..30491:IncR_1__DQ449578:100.000000","","IncR",100,100,"30241","30491","1","251"
"xhNWCcrWXPqL9Ru7rU3mrt","SAMN05960895","NODE_25_length_46279_cov_18.296254","NODE_25_length_46279_cov_18.296254:41339..41566:IncFII(pKP91)_1__CP000966:94.385798","","IncFII(pKP91)",95.63,98.7,"41339","41566","3","230"
"xhNWCcrWXPqL9Ru7rU3mrt","SAMN05960895","NODE_34_length_17572_cov_20.190179","NODE_34_length_17572_cov_20.190179:4043..4602:IncFIB(K)_1__JN233704:99.107143","","IncFIB(K)",99.11,100,"4043","4602","1","560"
"xhNWCcrWXPqL9Ru7rU3mrt","SAMN05960895","NODE_37_length_14303_cov_23.543157","NODE_37_length_14303_cov_23.543157:2289..2675:IncFIA(HI1)_1__AF250878:98.195876","","IncFIA(HI1)",98.45,99.74,"2289","2675","2","388"
"xhNWCcrWXPqL9Ru7rU3mrt","SAMN05960895","NODE_42_length_5742_cov_30.977671","NODE_42_length_5742_cov_30.977671:2388..3010:repB(R1701)_1__CP039970:99.197432","","repB(R1701)",99.2,100,"2388","3010","1","623"
"mbBUQEkWPfbuxaRBM3VeNf","SAMEA6155829","NODE_24_length_41617_cov_14.209186","NODE_24_length_41617_cov_14.209186:22210..22460:IncR_1__DQ449578:99.203187","","IncR",99.2,100,"22210","22460","1","251"
"mbBUQEkWPfbuxaRBM3VeNf","SAMEA6155829","NODE_38_length_11564_cov_7.609507","NODE_38_length_11564_cov_7.609507:5272..5831:IncFIB(K)(pCAV1099-114)_1__CP011596:100.000000","","IncFIB(K)(pCAV1099-114)",100,100,"5272","5831","1","560"
"mbBUQEkWPfbuxaRBM3VeNf","SAMEA6155829","NODE_49_length_3888_cov_166.280021","NODE_49_length_3888_cov_166.280021:1776..1906:Col(pHAD28)_1__KU674895:92.366412","","Col(pHAD28)",92.37,100,"1776","1906","1","131"
"pvabPX7NiEvSwjZkUUaUuv","SAMN36884878","NODE_20_length_70337_cov_51.342877","NODE_20_length_70337_cov_51.342877:9179..9326:IncFII(K)_1__CP000648:97.297297","","IncFII(K)",97.3,100,"9179","9326","1","148"
"pvabPX7NiEvSwjZkUUaUuv","SAMN36884878","NODE_25_length_44110_cov_80.305106","NODE_25_length_44110_cov_80.305106:3897..4157:IncFII_1__AY458016:100.000000","","IncFII",100,100,"3897","4157","1","261"
"pvabPX7NiEvSwjZkUUaUuv","SAMN36884878","NODE_41_length_15252_cov_60.177061","NODE_41_length_15252_cov_60.177061:9480..9730:IncR_1__DQ449578:100.000000","","IncR",100,100,"9480","9730","1","251"
"pvabPX7NiEvSwjZkUUaUuv","SAMN36884878","NODE_42_length_12751_cov_51.960481","NODE_42_length_12751_cov_51.960481:4398..4957:IncFIB(K)_1__JN233704:100.000000","","IncFIB(K)",100,100,"4398","4957","1","560"
"pvabPX7NiEvSwjZkUUaUuv","SAMN36884878","NODE_49_length_4449_cov_252.784138","NODE_49_length_4449_cov_252.784138:2667..2797:Col(pHAD28)_1__KU674895:92.366412","","Col(pHAD28)",92.37,100,"2667","2797","1","131"
"pvabPX7NiEvSwjZkUUaUuv","SAMN36884878","NODE_55_length_3718_cov_235.499033","NODE_55_length_3718_cov_235.499033:1973..2082:Col440I_1__CP023920:91.228070","","Col440I",94.55,96.49,"1973","2082","1","110"
"pvabPX7NiEvSwjZkUUaUuv","SAMN36884878","NODE_65_length_1557_cov_61.817633","NODE_65_length_1557_cov_61.817633:778..1164:IncFIA(HI1)_1__AF250878:98.195876","","IncFIA(HI1)",98.45,99.74,"778","1164","2","388"
"dyToryGFYPUg65sMmJ5YhD","SAMN05960881","NODE_27_length_30108_cov_215.238395","NODE_27_length_30108_cov_215.238395:29631..30108:IncN_1__AY046276:92.607004","","IncN",99.58,93,"29631","30108","1","478"
"dyToryGFYPUg65sMmJ5YhD","SAMN05960881","NODE_30_length_26882_cov_39.231154","NODE_30_length_26882_cov_39.231154:19942..20501:IncFIB(K)_1__JN233704:98.928571","","IncFIB(K)",98.93,100,"19942","20501","1","560"
"dyToryGFYPUg65sMmJ5YhD","SAMN05960881","NODE_38_length_13706_cov_39.705446","NODE_38_length_13706_cov_39.705446:641..1405:IncY_1__K02380:99.477124","","IncY",99.48,100,"641","1405","1","765"
"dyToryGFYPUg65sMmJ5YhD","SAMN05960881","NODE_53_length_4186_cov_298.258625","NODE_53_length_4186_cov_298.258625:1100..1218:Col(pHAD28)_1__KU674895:82.512723","","Col(pHAD28)",90.83,90.84,"1100","1218","1","120"
"dyToryGFYPUg65sMmJ5YhD","SAMN05960881","NODE_57_length_3381_cov_70.024375","NODE_57_length_3381_cov_70.024375:2044..2430:IncFIA(HI1)_1__AF250878:98.711340","","IncFIA(HI1)",98.97,99.74,"2044","2430","2","388"
"wTdMVFMhJBMNS9NczV2jFY","SAMEA7472442","NODE_32_length_19432_cov_14.259091","NODE_32_length_19432_cov_14.259091:14270..14496:IncFII(pBK30683)_1__KF954760:100.000000","","IncFII(pBK30683)",100,100,"14270","14496","1","227"
"wTdMVFMhJBMNS9NczV2jFY","SAMEA7472442","NODE_34_length_17060_cov_14.915276","NODE_34_length_17060_cov_14.915276:727..977:IncR_1__DQ449578:99.203187","","IncR",99.2,100,"727","977","1","251"
"wTdMVFMhJBMNS9NczV2jFY","SAMEA7472442","NODE_44_length_9381_cov_5.812648","NODE_44_length_9381_cov_5.812648:6512..7071:IncFIB(K)_1__JN233704:98.928571","","IncFIB(K)",98.93,100,"6512","7071","1","560"
"wTdMVFMhJBMNS9NczV2jFY","SAMEA7472442","NODE_61_length_3307_cov_370.930175","NODE_61_length_3307_cov_370.930175:2883..3013:Col(pHAD28)_1__KU674895:90.839695","","Col(pHAD28)",90.84,100,"2883","3013","1","131"
"8Zy84MWZMiScmkJwsiFnyQ","SAMEA111505123","NODE_104_length_5714_cov_5.658627","NODE_104_length_5714_cov_5.658627:4162..4721:IncFIB(K)_1__JN233704:98.750000","","IncFIB(K)",98.75,100,"4162","4721","1","560"
"8Zy84MWZMiScmkJwsiFnyQ","SAMEA111505123","NODE_105_length_5686_cov_5.959900","NODE_105_length_5686_cov_5.959900:3013..3752:IncFIB(pQil)_1__JN233705:99.864865","","IncFIB(pQil)",99.86,100,"3013","3752","1","740"
"8Zy84MWZMiScmkJwsiFnyQ","SAMEA111505123","NODE_110_length_4872_cov_62.809464","NODE_110_length_4872_cov_62.809464:3341..3454:Col440I_1__CP023920:97.368421","","Col440I",97.37,100,"3341","3454","1","114"
"8Zy84MWZMiScmkJwsiFnyQ","SAMEA111505123","NODE_120_length_3728_cov_156.072543","NODE_120_length_3728_cov_156.072543:1412..1520:Col440I_1__CP023920:88.596491","","Col440I",92.66,95.61,"1412","1520","1","109"
"8Zy84MWZMiScmkJwsiFnyQ","SAMEA111505123","NODE_135_length_2557_cov_6.550363","NODE_135_length_2557_cov_6.550363:1431..1578:IncFII(K)_1__CP000648:97.297297","","IncFII(K)",97.3,100,"1431","1578","1","148"
"8Zy84MWZMiScmkJwsiFnyQ","SAMEA111505123","NODE_136_length_2447_cov_3.542580","NODE_136_length_2447_cov_3.542580:1751..2001:IncR_1__DQ449578:100.000000","","IncR",100,100,"1751","2001","1","251"
"rvGui5euCpQhNxbsBaxRQK","SAMEA6155778","NODE_10_length_55863_cov_7.722294","NODE_10_length_55863_cov_7.722294:27189..27439:IncR_1__DQ449578:100.000000","","IncR",100,100,"27189","27439","1","251"
"rvGui5euCpQhNxbsBaxRQK","SAMEA6155778","NODE_10_length_55863_cov_7.722294","NODE_10_length_55863_cov_7.722294:51908..52021:Col440I_1__CP023920:94.736842","","Col440I",94.74,100,"51908","52021","1","114"
"rvGui5euCpQhNxbsBaxRQK","SAMEA6155778","NODE_13_length_17886_cov_6.459043","NODE_13_length_17886_cov_6.459043:15244..15630:IncFIA(HI1)_1__AF250878:98.195876","","IncFIA(HI1)",98.45,99.74,"15244","15630","2","388"
"koB4JkyTa9iuBJaS6ynr2d","SAMN46427849","NODE_26_length_11691_cov_18.044513","NODE_26_length_11691_cov_18.044513:5861..6420:IncFIB(K)(pCAV1099-114)_1__CP011596:100.000000","","IncFIB(K)(pCAV1099-114)",100,100,"5861","6420","1","560"
"koB4JkyTa9iuBJaS6ynr2d","SAMN46427849","NODE_39_length_4266_cov_247.353972","NODE_39_length_4266_cov_247.353972:3079..3209:Col(pHAD28)_1__KU674895:92.366412","","Col(pHAD28)",92.37,100,"3079","3209","1","131"
"koB4JkyTa9iuBJaS6ynr2d","SAMN46427849","NODE_46_length_1873_cov_12.775648","NODE_46_length_1873_cov_12.775648:462..1031:IncHI1B(pNDM-MAR)_1__JN420336:100.000000","","IncHI1B(pNDM-MAR)",100,100,"462","1031","1","570"
"k8xYz3zN61c7cXRqG1V9mj","SAMEA5753754","NODE_35_length_38850_cov_24.047715","NODE_35_length_38850_cov_24.047715:5507..6066:IncFIB(K)(pCAV1099-114)_1__CP011596:99.821429","","IncFIB(K)(pCAV1099-114)",99.82,100,"5507","6066","1","560"
"k8xYz3zN61c7cXRqG1V9mj","SAMEA5753754","NODE_36_length_38678_cov_20.748179","NODE_36_length_38678_cov_20.748179:31700..31929:IncFII(pKP91)_1__CP000966:100.000000","","IncFII(pKP91)",100,100,"31700","31929","1","230"
"k8xYz3zN61c7cXRqG1V9mj","SAMEA5753754","NODE_45_length_24037_cov_22.188946","NODE_45_length_24037_cov_22.188946:6870..7257:IncFIA(HI1)_1__AF250878:97.422680","","IncFIA(HI1)",97.42,100,"6870","7257","1","388"
"k8xYz3zN61c7cXRqG1V9mj","SAMEA5753754","NODE_55_length_12614_cov_16.514023","NODE_55_length_12614_cov_16.514023:4397..4507:Col440I_1__CP023920:93.859649","","Col440I",96.4,97.37,"4397","4507","1","111"
"k8xYz3zN61c7cXRqG1V9mj","SAMEA5753754","NODE_60_length_9856_cov_16.166752","NODE_60_length_9856_cov_16.166752:2428..2865:RepB_1_pC39_CP061702.1:99.543379","","RepB",99.54,100,"2428","2865","1","438"
"k8xYz3zN61c7cXRqG1V9mj","SAMEA5753754","NODE_64_length_9172_cov_9.093023","NODE_64_length_9172_cov_9.093023:1560..1998:IncFIB(pNDM-Mar)_1__JN420336:100.000000","","IncFIB(pNDM-Mar)",100,100,"1560","1998","1","439"
"k8xYz3zN61c7cXRqG1V9mj","SAMEA5753754","NODE_75_length_6146_cov_20.117414","NODE_75_length_6146_cov_20.117414:889..1002:Col440I_1__CP023920:96.491228","","Col440I",96.49,100,"889","1002","1","114"
"k8xYz3zN61c7cXRqG1V9mj","SAMEA5753754","NODE_86_length_4358_cov_17.056351","NODE_86_length_4358_cov_17.056351:4088..4200:Col440I_1__CP023920:93.036319","","Col440I",93.86,99.12,"4088","4200","1","114"
"k8xYz3zN61c7cXRqG1V9mj","SAMEA5753754","NODE_91_length_3852_cov_22.638423","NODE_91_length_3852_cov_22.638423:1749..1879:Col(pHAD28)_1__KU674895:94.656489","","Col(pHAD28)",94.66,100,"1749","1879","1","131"
"gUxVpQuVi3i99x2a1hsEc7","SAMEA5753757","NODE_23_length_49168_cov_26.759787","NODE_23_length_49168_cov_26.759787:40460..41019:IncFIB(K)(pCAV1099-114)_1__CP011596:99.821429","","IncFIB(K)(pCAV1099-114)",99.82,100,"40460","41019","1","560"
"gUxVpQuVi3i99x2a1hsEc7","SAMEA5753757","NODE_23_length_49168_cov_26.759787","NODE_23_length_49168_cov_26.759787:5219..5656:RepB_1_pC39_CP061702.1:100.000000","","RepB",100,100,"5219","5656","1","438"
"j62D2jwXVD9t2v2ZiXNj24","SAMEA6155834","NODE_9_length_56199_cov_17.263725","NODE_9_length_56199_cov_17.263725:28869..29119:IncR_1__DQ449578:100.000000","","IncR",100,100,"28869","29119","1","251"
"j62D2jwXVD9t2v2ZiXNj24","SAMEA6155834","NODE_9_length_56199_cov_17.263725","NODE_9_length_56199_cov_17.263725:4287..4400:Col440I_1__CP023920:94.736842","","Col440I",94.74,100,"4287","4400","1","114"
"j62D2jwXVD9t2v2ZiXNj24","SAMEA6155834","NODE_12_length_17886_cov_13.963794","NODE_12_length_17886_cov_13.963794:15244..15630:IncFIA(HI1)_1__AF250878:98.195876","","IncFIA(HI1)",98.45,99.74,"15244","15630","2","388"
"r22EXMLiW4Z32nTtPaYYRY","SAMEA6158235","NODE_59_length_15117_cov_8.858570","NODE_59_length_15117_cov_8.858570:5524..5774:IncR_1__DQ449578:100.000000","","IncR",100,100,"5524","5774","1","251"
"r22EXMLiW4Z32nTtPaYYRY","SAMEA6158235","NODE_74_length_6148_cov_9.335262","NODE_74_length_6148_cov_9.335262:2394..3016:repB(R1701)_1__CP039970:99.197432","","repB(R1701)",99.2,100,"2394","3016","1","623"
"r22EXMLiW4Z32nTtPaYYRY","SAMEA6158235","NODE_102_length_1557_cov_8.967391","NODE_102_length_1557_cov_8.967391:778..1164:IncFIA(HI1)_1__AF250878:98.195876","","IncFIA(HI1)",98.45,99.74,"778","1164","2","388"
"wnY8BLJvKiKJj8EKgNEMqp","SAMEA111505139","NODE_49_length_22194_cov_9.193951","NODE_49_length_22194_cov_9.193951:2441..3010:IncHI1B(pNDM-MAR)_1__JN420336:100.000000","","IncHI1B(pNDM-MAR)",100,100,"2441","3010","1","570"
"wnY8BLJvKiKJj8EKgNEMqp","SAMEA111505139","NODE_58_length_11104_cov_10.294678","NODE_58_length_11104_cov_10.294678:4102..4661:IncFIB(K)_1__JN233704:98.928571","","IncFIB(K)",98.93,100,"4102","4661","1","560"
"wnY8BLJvKiKJj8EKgNEMqp","SAMEA111505139","NODE_66_length_7423_cov_6.278035","NODE_66_length_7423_cov_6.278035:1666..1813:IncFII(K)_1__CP000648:95.945946","","IncFII(K)",95.95,100,"1666","1813","1","148"
"wnY8BLJvKiKJj8EKgNEMqp","SAMEA111505139","NODE_67_length_7010_cov_719.071810","NODE_67_length_7010_cov_719.071810:138..251:Col440I_1__CP023920:95.614035","","Col440I",95.61,100,"138","251","1","114"
"wnY8BLJvKiKJj8EKgNEMqp","SAMEA111505139","NODE_82_length_4333_cov_695.100752","NODE_82_length_4333_cov_695.100752:3216..3329:Col440I_1__CP023920:95.614035","","Col440I",95.61,100,"3216","3329","1","114"
"wnY8BLJvKiKJj8EKgNEMqp","SAMEA111505139","NODE_90_length_3775_cov_11.941622","NODE_90_length_3775_cov_11.941622:1598..2036:IncFIB(pNDM-Mar)_1__JN420336:100.000000","","IncFIB(pNDM-Mar)",100,100,"1598","2036","1","439"
"wnY8BLJvKiKJj8EKgNEMqp","SAMEA111505139","NODE_91_length_3602_cov_1144.498441","NODE_91_length_3602_cov_1144.498441:3143..3273:Col(pHAD28)_1__KU674895:92.366412","","Col(pHAD28)",92.37,100,"3143","3273","1","131"
"hv4tdSDtdCJiL7h8Erv8Qw","SAMEA7472507","NODE_39_length_21950_cov_7.936616","NODE_39_length_21950_cov_7.936616:7735..8304:IncHI1B(pNDM-MAR)_1__JN420336:100.000000","","IncHI1B(pNDM-MAR)",100,100,"7735","8304","1","570"
"hv4tdSDtdCJiL7h8Erv8Qw","SAMEA7472507","NODE_47_length_14942_cov_5.329516","NODE_47_length_14942_cov_5.329516:7194..7581:IncFIA(HI1)_1__AF250878:96.907216","","IncFIA(HI1)",96.91,100,"7194","7581","1","388"
"hv4tdSDtdCJiL7h8Erv8Qw","SAMEA7472507","NODE_53_length_10709_cov_4.539208","NODE_53_length_10709_cov_4.539208:5671..5818:IncFII(K)_1__CP000648:95.270270","","IncFII(K)",95.27,100,"5671","5818","1","148"
"hv4tdSDtdCJiL7h8Erv8Qw","SAMEA7472507","NODE_55_length_10105_cov_8.989506","NODE_55_length_10105_cov_8.989506:3686..4245:IncFIB(K)(pCAV1099-114)_1__CP011596:100.000000","","IncFIB(K)(pCAV1099-114)",100,100,"3686","4245","1","560"
"hv4tdSDtdCJiL7h8Erv8Qw","SAMEA7472507","NODE_69_length_5108_cov_230.002196","NODE_69_length_5108_cov_230.002196:1747..1862:Col(pHAD28)_1__KU674895:82.442748","","Col(pHAD28)",93.1,88.55,"1747","1862","1","116"
"hv4tdSDtdCJiL7h8Erv8Qw","SAMEA7472507","NODE_75_length_3651_cov_248.578829","NODE_75_length_3651_cov_248.578829:2148..2278:Col(pHAD28)_1__KU674895:90.076336","","Col(pHAD28)",90.08,100,"2148","2278","1","131"
"bJZWZD2FSBUWqM6DtiggqM","SAMEA7472468","NODE_33_length_34322_cov_9.062064","NODE_33_length_34322_cov_9.062064:29212..29585:IncX3_1__JN247852:100.000000","","IncX3",100,100,"29212","29585","1","374"
"bJZWZD2FSBUWqM6DtiggqM","SAMEA7472468","NODE_37_length_24135_cov_3.708313","NODE_37_length_24135_cov_3.708313:10100..10839:IncFIB(pQil)_1__JN233705:100.000000","","IncFIB(pQil)",100,100,"10100","10839","1","740"
"bJZWZD2FSBUWqM6DtiggqM","SAMEA7472468","NODE_50_length_7125_cov_3.204526","NODE_50_length_7125_cov_3.204526:5717..5864:IncFII(K)_1__CP000648:98.648649","","IncFII(K)",98.65,100,"5717","5864","1","148"
"bJZWZD2FSBUWqM6DtiggqM","SAMEA7472468","NODE_55_length_4940_cov_404.455071","NODE_55_length_4940_cov_404.455071:1125..1238:Col440I_1__CP023920:94.736842","","Col440I",94.74,100,"1125","1238","1","114"
"bJZWZD2FSBUWqM6DtiggqM","SAMEA7472468","NODE_93_length_1879_cov_1938.844382","NODE_93_length_1879_cov_1938.844382:822..1014:ColpVC_1__JX133088:97.409326","","ColpVC",97.41,100,"822","1014","1","193"
"xyGww7Z1sR6wErTvaU1AXk","SAMN05960898","NODE_28_length_29371_cov_20.234969","NODE_28_length_29371_cov_20.234969:5555..5805:IncR_1__DQ449578:100.000000","","IncR",100,100,"5555","5805","1","251"
"xyGww7Z1sR6wErTvaU1AXk","SAMN05960898","NODE_29_length_29037_cov_18.669950","NODE_29_length_29037_cov_18.669950:19980..20127:IncFII(K)_1__CP000648:97.297297","","IncFII(K)",97.3,100,"19980","20127","1","148"
"xyGww7Z1sR6wErTvaU1AXk","SAMN05960898","NODE_34_length_12331_cov_19.555265","NODE_34_length_12331_cov_19.555265:4125..4684:IncFIB(K)_1__JN233704:100.000000","","IncFIB(K)",100,100,"4125","4684","1","560"
"4mRJucNety59xcCC1tY51j","SAMEA6422764","NODE_26_length_69832_cov_21.744526","NODE_26_length_69832_cov_21.744526:65148..65707:IncFIB(K)_1__JN233704:98.928571","","IncFIB(K)",98.93,100,"65148","65707","1","560"
"4mRJucNety59xcCC1tY51j","SAMEA6422764","NODE_26_length_69832_cov_21.744526","NODE_26_length_69832_cov_21.744526:1753..1900:IncFII(K)_1__CP000648:95.945946","","IncFII(K)",95.95,100,"1753","1900","1","148"
"4mRJucNety59xcCC1tY51j","SAMEA6422764","NODE_46_length_8380_cov_107.421084","NODE_46_length_8380_cov_107.421084:7411..7538:Col(pHAD28)_1__KU674895:89.378070","","Col(pHAD28)",91.47,97.71,"7411","7538","1","129"
"4mRJucNety59xcCC1tY51j","SAMEA6422764","NODE_46_length_8380_cov_107.421084","NODE_46_length_8380_cov_107.421084:2654..2768:Col(pHAD28)_1__KU674895:81.679389","","Col(pHAD28)",93.04,87.79,"2654","2768","1","115"
"4mRJucNety59xcCC1tY51j","SAMEA6422764","NODE_53_length_3709_cov_57.890305","NODE_53_length_3709_cov_57.890305:34..164:Col(pHAD28)_1__KU674895:92.366412","","Col(pHAD28)",92.37,100,"34","164","1","131"
"4mRJucNety59xcCC1tY51j","SAMEA6422764","NODE_54_length_3400_cov_111.892457","NODE_54_length_3400_cov_111.892457:2735..2865:Col(pHAD28)_1__KU674895:91.603053","","Col(pHAD28)",91.6,100,"2735","2865","1","131"
"4mRJucNety59xcCC1tY51j","SAMEA6422764","NODE_58_length_2644_cov_160.603143","NODE_58_length_2644_cov_160.603143:197..394:Col(IMGS31)_1__NC_011406:100.000000","","Col(IMGS31)",100,100,"197","394","1","198"
"emScuqyhFJCc1HeEFEmvuE","SAMEA6155893","NODE_16_length_47041_cov_12.025372","NODE_16_length_47041_cov_12.025372:11179..11429:IncR_1__DQ449578:99.601594","","IncR",99.6,100,"11179","11429","1","251"
"emScuqyhFJCc1HeEFEmvuE","SAMEA6155893","NODE_16_length_47041_cov_12.025372","NODE_16_length_47041_cov_12.025372:2335..2465:Col(pHAD28)_1__KU674895:93.129771","","Col(pHAD28)",93.13,100,"2335","2465","1","131"
"emScuqyhFJCc1HeEFEmvuE","SAMEA6155893","NODE_19_length_33438_cov_8.744353","NODE_19_length_33438_cov_8.744353:31262..31491:IncFII(pKP91)_1__CP000966:100.000000","","IncFII(pKP91)",100,100,"31262","31491","1","230"
"emScuqyhFJCc1HeEFEmvuE","SAMEA6155893","NODE_22_length_27001_cov_8.545982","NODE_22_length_27001_cov_8.545982:3224..3783:IncFIB(K)_1__JN233704:98.750000","","IncFIB(K)",98.75,100,"3224","3783","1","560"
"emScuqyhFJCc1HeEFEmvuE","SAMEA6155893","NODE_35_length_2610_cov_45.420948","NODE_35_length_2610_cov_45.420948:137..246:Col440I_1__CP023920:88.596491","","Col440I",91.82,96.49,"137","246","1","110"
"iBWRLXhehPKCwucq4oFFBv","SAMEA5753448","NODE_25_length_37912_cov_23.350964","NODE_25_length_37912_cov_23.350964:4657..5216:IncFIB(K)(pCAV1099-114)_1__CP011596:99.821429","","IncFIB(K)(pCAV1099-114)",99.82,100,"4657","5216","1","560"
"iBWRLXhehPKCwucq4oFFBv","SAMEA5753448","NODE_54_length_4847_cov_16.780750","NODE_54_length_4847_cov_16.780750:3413..3982:IncHI1B(pNDM-MAR)_1__JN420336:99.473684","","IncHI1B(pNDM-MAR)",99.47,100,"3413","3982","1","570"
"pW1Kpbr4jEfJfJpkB7udD1","SAMEA6155826","NODE_17_length_73266_cov_11.436016","NODE_17_length_73266_cov_11.436016:64888..65447:IncFIB(K)_1__JN233704:100.000000","","IncFIB(K)",100,100,"64888","65447","1","560"
"pW1Kpbr4jEfJfJpkB7udD1","SAMEA6155826","NODE_18_length_71148_cov_11.101507","NODE_18_length_71148_cov_11.101507:63721..63868:IncFII(K)_1__CP000648:97.297297","","IncFII(K)",97.3,100,"63721","63868","1","148"
"pW1Kpbr4jEfJfJpkB7udD1","SAMEA6155826","NODE_21_length_44445_cov_14.890295","NODE_21_length_44445_cov_14.890295:41803..42189:IncFIA(HI1)_1__AF250878:98.195876","","IncFIA(HI1)",98.45,99.74,"41803","42189","2","388"
"pW1Kpbr4jEfJfJpkB7udD1","SAMEA6155826","NODE_21_length_44445_cov_14.890295","NODE_21_length_44445_cov_14.890295:5502..5752:IncR_1__DQ449578:100.000000","","IncR",100,100,"5502","5752","1","251"
"r8hvFxtWhiAbUyg1kwXsir","SAMEA7472515","NODE_57_length_3912_cov_3.592709","NODE_57_length_3912_cov_3.592709:1826..2385:IncFIB(K)_1__JN233704:100.000000","","IncFIB(K)",100,100,"1826","2385","1","560"
"kdUfqfNFMSrgBoucX5xvfP","SAMEA7472372","NODE_19_length_86618_cov_11.396668","NODE_19_length_86618_cov_11.396668:21171..21730:IncFIB(K)_1__JN233704:98.928571","","IncFIB(K)",98.93,100,"21171","21730","1","560"
"kdUfqfNFMSrgBoucX5xvfP","SAMEA7472372","NODE_22_length_73388_cov_11.173478","NODE_22_length_73388_cov_11.173478:11375..11522:IncFII(K)_1__CP000648:97.297297","","IncFII(K)",97.3,100,"11375","11522","1","148"
"kdUfqfNFMSrgBoucX5xvfP","SAMEA7472372","NODE_35_length_4582_cov_9.374972","NODE_35_length_4582_cov_9.374972:93..621:IncQ1_1__M28829:66.457286","","IncQ1",100,66.46,"93","621","1","529"
"kdUfqfNFMSrgBoucX5xvfP","SAMEA7472372","NODE_37_length_3448_cov_338.690953","NODE_37_length_3448_cov_338.690953:1451..1559:Col440I_1__CP023920:92.137161","","Col440I",96.36,95.61,"1451","1559","1","110"
"8UQhM26DjirjJRY7tk4fiJ","SAMEA7472405","NODE_25_length_39442_cov_6.490977","NODE_25_length_39442_cov_6.490977:38043..38612:IncHI1B(pNDM-MAR)_1__JN420336:100.000000","","IncHI1B(pNDM-MAR)",100,100,"38043","38612","1","570"
"8UQhM26DjirjJRY7tk4fiJ","SAMEA7472405","NODE_25_length_39442_cov_6.490977","NODE_25_length_39442_cov_6.490977:2579..3138:IncFIB(K)(pCAV1099-114)_1__CP011596:99.642857","","IncFIB(K)(pCAV1099-114)",99.64,100,"2579","3138","1","560"
"8UQhM26DjirjJRY7tk4fiJ","SAMEA7472405","NODE_37_length_9079_cov_4.132851","NODE_37_length_9079_cov_4.132851:8371..8621:IncR_1__DQ449578:100.000000","","IncR",100,100,"8371","8621","1","251"
"8UQhM26DjirjJRY7tk4fiJ","SAMEA7472405","NODE_41_length_5827_cov_3.968226","NODE_41_length_5827_cov_3.968226:2272..2658:IncFIA(HI1)_1__AF250878:97.680412","","IncFIA(HI1)",97.93,99.74,"2272","2658","2","388"
"8UQhM26DjirjJRY7tk4fiJ","SAMEA7472405","NODE_52_length_3746_cov_6.256649","NODE_52_length_3746_cov_6.256649:2782..3224:repFIB_pC39_CP061701:97.968397","","repFIB",97.97,100,"2782","3224","1","443"
"j9ZShn3RZeenuS7oiH6gYa","SAMEA6155855","NODE_17_length_60749_cov_9.901962","NODE_17_length_60749_cov_9.901962:3224..3783:IncFIB(K)_1__JN233704:98.750000","","IncFIB(K)",98.75,100,"3224","3783","1","560"
"j9ZShn3RZeenuS7oiH6gYa","SAMEA6155855","NODE_17_length_60749_cov_9.901962","NODE_17_length_60749_cov_9.901962:58570..58799:IncFII(pKP91)_1__CP000966:100.000000","","IncFII(pKP91)",100,100,"58570","58799","1","230"
"j9ZShn3RZeenuS7oiH6gYa","SAMEA6155855","NODE_18_length_55513_cov_13.073176","NODE_18_length_55513_cov_13.073176:19651..19901:IncR_1__DQ449578:99.601594","","IncR",99.6,100,"19651","19901","1","251"
"j9ZShn3RZeenuS7oiH6gYa","SAMEA6155855","NODE_18_length_55513_cov_13.073176","NODE_18_length_55513_cov_13.073176:10807..10937:Col(pHAD28)_1__KU674895:93.129771","","Col(pHAD28)",93.13,100,"10807","10937","1","131"
"j9ZShn3RZeenuS7oiH6gYa","SAMEA6155855","NODE_32_length_2610_cov_55.713262","NODE_32_length_2610_cov_55.713262:1011..1120:Col440I_1__CP023920:88.596491","","Col440I",91.82,96.49,"1011","1120","1","110"
"sB3AMskB74w4RxSkWLsher","SAMEA5753731","NODE_32_length_52402_cov_23.944133","NODE_32_length_52402_cov_23.944133:45044..45271:IncFII(pKP91)_1__CP000966:94.816784","","IncFII(pKP91)",96.07,98.7,"45044","45271","3","230"
"sB3AMskB74w4RxSkWLsher","SAMEA5753731","NODE_36_length_38721_cov_27.352804","NODE_36_length_38721_cov_27.352804:5508..6067:IncFIB(K)(pCAV1099-114)_1__CP011596:99.821429","","IncFIB(K)(pCAV1099-114)",99.82,100,"5508","6067","1","560"
"sB3AMskB74w4RxSkWLsher","SAMEA5753731","NODE_37_length_38405_cov_23.240145","NODE_37_length_38405_cov_23.240145:31383..31770:IncFIA(HI1)_1__AF250878:97.422680","","IncFIA(HI1)",97.42,100,"31383","31770","1","388"
"sB3AMskB74w4RxSkWLsher","SAMEA5753731","NODE_38_length_35824_cov_25.282099","NODE_38_length_35824_cov_25.282099:14568..14678:Col440I_1__CP023920:93.859649","","Col440I",96.4,97.37,"14568","14678","1","111"
"sB3AMskB74w4RxSkWLsher","SAMEA5753731","NODE_58_length_9858_cov_22.558766","NODE_58_length_9858_cov_22.558766:6993..7430:RepB_1_pC39_CP061702.1:99.543379","","RepB",99.54,100,"6993","7430","1","438"
"sB3AMskB74w4RxSkWLsher","SAMEA5753731","NODE_68_length_4457_cov_35.463286","NODE_68_length_4457_cov_35.463286:232..345:Col440I_1__CP023920:95.614035","","Col440I",95.61,100,"232","345","1","114"
"viX7qNyijfnBPd9ruFm8we","SAMEA7472517","NODE_26_length_21589_cov_3.656182","NODE_26_length_21589_cov_3.656182:9254..9627:IncX3_1__JN247852:100.000000","","IncX3",100,100,"9254","9627","1","374"
"mhumFeLBiEKJ31MhCzA8vb","SAMN36884891","NODE_32_length_23548_cov_39.054245","NODE_32_length_23548_cov_39.054245:8896..9043:IncFII(K)_1__CP000648:97.297297","","IncFII(K)",97.3,100,"8896","9043","1","148"
"mhumFeLBiEKJ31MhCzA8vb","SAMN36884891","NODE_36_length_14627_cov_43.529598","NODE_36_length_14627_cov_43.529598:10101..10865:IncY_1__K02380:99.477124","","IncY",99.48,100,"10101","10865","1","765"
"mhumFeLBiEKJ31MhCzA8vb","SAMN36884891","NODE_38_length_12532_cov_40.391056","NODE_38_length_12532_cov_40.391056:7798..8357:IncFIB(K)_1__JN233704:100.000000","","IncFIB(K)",100,100,"7798","8357","1","560"
"mhumFeLBiEKJ31MhCzA8vb","SAMN36884891","NODE_41_length_7796_cov_181.277511","NODE_41_length_7796_cov_181.277511:2909..3022:Col440I_1__CP023920:95.614035","","Col440I",95.61,100,"2909","3022","1","114"
"5f2Wsts6UszDxa6ggD49MU","SAMEA5753371","NODE_20_length_66559_cov_20.547593","NODE_20_length_66559_cov_20.547593:12954..13341:IncFIA(HI1)_1__AF250878:97.422680","","IncFIA(HI1)",97.42,100,"12954","13341","1","388"
"5f2Wsts6UszDxa6ggD49MU","SAMEA5753371","NODE_30_length_33537_cov_24.109127","NODE_30_length_33537_cov_24.109127:5506..6065:IncFIB(K)(pCAV1099-114)_1__CP011596:99.821429","","IncFIB(K)(pCAV1099-114)",99.82,100,"5506","6065","1","560"
"5f2Wsts6UszDxa6ggD49MU","SAMEA5753371","NODE_40_length_18516_cov_24.960743","NODE_40_length_18516_cov_24.960743:1673..1820:IncFII(K)_1__CP000648:97.972973","","IncFII(K)",97.97,100,"1673","1820","1","148"
"5f2Wsts6UszDxa6ggD49MU","SAMEA5753371","NODE_55_length_6341_cov_16.244473","NODE_55_length_6341_cov_16.244473:2308..2877:IncHI1B(pNDM-MAR)_1__JN420336:99.824561","","IncHI1B(pNDM-MAR)",99.82,100,"2308","2877","1","570"
"5f2Wsts6UszDxa6ggD49MU","SAMEA5753371","NODE_81_length_1879_cov_21.244944","NODE_81_length_1879_cov_21.244944:1193..1303:Col440I_1__CP023920:93.859649","","Col440I",96.4,97.37,"1193","1303","1","111"
"nxs8abV3G6H4G7mikPrnuF","SAMEA6422761","NODE_17_length_36016_cov_4.442966","NODE_17_length_36016_cov_4.442966:3313..3872:IncFIB(K)(pCAV1099-114)_1__CP011596:100.000000","","IncFIB(K)(pCAV1099-114)",100,100,"3313","3872","1","560"
"nxs8abV3G6H4G7mikPrnuF","SAMEA6422761","NODE_17_length_36016_cov_4.442966","NODE_17_length_36016_cov_4.442966:15754..16191:RepB_1_pC39_CP061702.1:100.000000","","RepB",100,100,"15754","16191","1","438"
"nxs8abV3G6H4G7mikPrnuF","SAMEA6422761","NODE_29_length_3640_cov_18.083875","NODE_29_length_3640_cov_18.083875:920..1033:Col440I_1__CP023920:90.350877","","Col440I",90.35,100,"920","1033","1","114"
"bS81DVrppm6u5fWTkYFQ7B","SAMEA6422785","NODE_19_length_88787_cov_10.842089","NODE_19_length_88787_cov_10.842089:77266..77413:IncFII(K)_1__CP000648:97.297297","","IncFII(K)",97.3,100,"77266","77413","1","148"
"bS81DVrppm6u5fWTkYFQ7B","SAMEA6422785","NODE_34_length_12554_cov_10.832196","NODE_34_length_12554_cov_10.832196:7820..8379:IncFIB(K)_1__JN233704:100.000000","","IncFIB(K)",100,100,"7820","8379","1","560"
"bS81DVrppm6u5fWTkYFQ7B","SAMEA6422785","NODE_37_length_11081_cov_18.406939","NODE_37_length_11081_cov_18.406939:5329..5579:IncR_1__DQ449578:100.000000","","IncR",100,100,"5329","5579","1","251"
"bS81DVrppm6u5fWTkYFQ7B","SAMEA6422785","NODE_43_length_4776_cov_49.260637","NODE_43_length_4776_cov_49.260637:3085..3215:Col(pHAD28)_1__KU674895:92.366412","","Col(pHAD28)",92.37,100,"3085","3215","1","131"
"bS81DVrppm6u5fWTkYFQ7B","SAMEA6422785","NODE_45_length_4255_cov_63.448749","NODE_45_length_4255_cov_63.448749:2490..2620:Col(pHAD28)_1__KU674895:92.366412","","Col(pHAD28)",92.37,100,"2490","2620","1","131"
"bS81DVrppm6u5fWTkYFQ7B","SAMEA6422785","NODE_49_length_3067_cov_61.044811","NODE_49_length_3067_cov_61.044811:814..925:Col(pHAD28)_1__KU674895:77.862595","","Col(pHAD28)",91.07,85.5,"814","925","1","112"
"5CNpBnF5H4n9eHHomRLzQT","SAMEA6155865","NODE_23_length_21977_cov_10.540954","NODE_23_length_21977_cov_10.540954:12971..13530:IncFIB(K)_1__JN233704:98.928571","","IncFIB(K)",98.93,100,"12971","13530","1","560"
"5CNpBnF5H4n9eHHomRLzQT","SAMEA6155865","NODE_25_length_10958_cov_9.917304","NODE_25_length_10958_cov_9.917304:5551..5778:IncFII(pKP91)_1__CP000966:94.816784","","IncFII(pKP91)",96.07,98.7,"5551","5778","3","230"
"5CNpBnF5H4n9eHHomRLzQT","SAMEA6155865","NODE_29_length_4150_cov_45.023698","NODE_29_length_4150_cov_45.023698:1086..1367:Col440II_1__CP023921:96.808511","","Col440II",96.81,100,"1086","1367","1","282"
"5CNpBnF5H4n9eHHomRLzQT","SAMEA6155865","NODE_30_length_3640_cov_36.268003","NODE_30_length_3640_cov_36.268003:787..917:Col(pHAD28)_1__KU674895:93.129771","","Col(pHAD28)",93.13,100,"787","917","1","131"
"7osKw9nwAbzmFk8SAZCCVq","SAMEA5753797","NODE_27_length_10991_cov_6.103562","NODE_27_length_10991_cov_6.103562:528..1097:IncHI1B(pNDM-MAR)_1__JN420336:99.122807","","IncHI1B(pNDM-MAR)",99.12,100,"528","1097","1","570"
"7osKw9nwAbzmFk8SAZCCVq","SAMEA5753797","NODE_33_length_7249_cov_10.272587","NODE_33_length_7249_cov_10.272587:3364..3923:repB_KLEB_VIR_AP006726:99.821429","","repB",99.82,100,"3364","3923","1","560"
"7osKw9nwAbzmFk8SAZCCVq","SAMEA5753797","NODE_35_length_6850_cov_21.999259","NODE_35_length_6850_cov_21.999259:811..924:Col440I_1__CP023920:95.614035","","Col440I",95.61,100,"811","924","1","114"
"utzjj6oLjCnX7gZM8dEmkc","SAMEA111505126","NODE_13_length_125062_cov_13.885252","NODE_13_length_125062_cov_13.885252:644..1086:repFIB_pC39_CP061701:97.968397","","repFIB",97.97,100,"644","1086","1","443"
"utzjj6oLjCnX7gZM8dEmkc","SAMEA111505126","NODE_76_length_14784_cov_7.276769","NODE_76_length_14784_cov_7.276769:2335..2904:IncHI1B(pNDM-MAR)_1__JN420336:100.000000","","IncHI1B(pNDM-MAR)",100,100,"2335","2904","1","570"
"utzjj6oLjCnX7gZM8dEmkc","SAMEA111505126","NODE_86_length_12023_cov_20.652829","NODE_86_length_12023_cov_20.652829:6674..6924:IncR_1__DQ449578:100.000000","","IncR",100,100,"6674","6924","1","251"
"utzjj6oLjCnX7gZM8dEmkc","SAMEA111505126","NODE_92_length_6601_cov_7.592553","NODE_92_length_6601_cov_7.592553:3480..4039:IncFIB(K)(pCAV1099-114)_1__CP011596:99.642857","","IncFIB(K)(pCAV1099-114)",99.64,100,"3480","4039","1","560"
"utzjj6oLjCnX7gZM8dEmkc","SAMEA111505126","NODE_102_length_4110_cov_1064.425527","NODE_102_length_4110_cov_1064.425527:3978..4087:Col440I_1__CP023920:87.000158","","Col440I",90.99,95.61,"3978","4087","1","110"
"utzjj6oLjCnX7gZM8dEmkc","SAMEA111505126","NODE_105_length_3385_cov_430.438369","NODE_105_length_3385_cov_430.438369:24..137:Col440I_1__CP023920:95.614035","","Col440I",95.61,100,"24","137","1","114"
"utzjj6oLjCnX7gZM8dEmkc","SAMEA111505126","NODE_112_length_2311_cov_368.352415","NODE_112_length_2311_cov_368.352415:23..153:Col(pHAD28)_1__KU674895:93.129771","","Col(pHAD28)",93.13,100,"23","153","1","131"
"utzjj6oLjCnX7gZM8dEmkc","SAMEA111505126","NODE_116_length_2133_cov_4695.567541","NODE_116_length_2133_cov_4695.567541:849..1041:ColpVC_1__JX133088:98.445596","","ColpVC",98.45,100,"849","1041","1","193"
"utzjj6oLjCnX7gZM8dEmkc","SAMEA111505126","NODE_118_length_2083_cov_951.385458","NODE_118_length_2083_cov_951.385458:1944..2074:Col(pHAD28)_1__KU674895:90.839695","","Col(pHAD28)",90.84,100,"1944","2074","1","131"
"aFmgnCiB28KNQAe6qxxKur","SAMEA7472371","NODE_47_length_23084_cov_41.024103","NODE_47_length_23084_cov_41.024103:943..1525:IncFII(pMET)_1__EU383016:90.083331","","IncFII(pMET)",90.24,99.83,"943","1525","1","577"
"aFmgnCiB28KNQAe6qxxKur","SAMEA7472371","NODE_48_length_19526_cov_4.959283","NODE_48_length_19526_cov_4.959283:17833..18455:repB(R1701)_1__CP039970:99.197432","","repB(R1701)",99.2,100,"17833","18455","1","623"
"aFmgnCiB28KNQAe6qxxKur","SAMEA7472371","NODE_52_length_8468_cov_930.702354","NODE_52_length_8468_cov_930.702354:2334..2464:Col(pHAD28)_1__KU674895:91.603053","","Col(pHAD28)",91.6,100,"2334","2464","1","131"
"aFmgnCiB28KNQAe6qxxKur","SAMEA7472371","NODE_52_length_8468_cov_930.702354","NODE_52_length_8468_cov_930.702354:6005..6135:Col(pHAD28)_1__KU674895:91.603053","","Col(pHAD28)",91.6,100,"6005","6135","1","131"
"aFmgnCiB28KNQAe6qxxKur","SAMEA7472371","NODE_55_length_4998_cov_9.597673","NODE_55_length_4998_cov_9.597673:3780..4074:IncFIA(pBK30683)_1__KF954760:94.915254","","IncFIA(pBK30683)",94.92,100,"3780","4074","1","295"
"cocDC5PVaDCsHxNGfWc5k3","SAMEA6422756","NODE_18_length_3840_cov_41.754611","NODE_18_length_3840_cov_41.754611:2341..2459:Col(pHAD28)_1__KU674895:84.732824","","Col(pHAD28)",93.28,90.84,"2341","2459","1","119"
"8kVbukWkaFEqdXzhiXoBpf","SAMEA6155853","NODE_19_length_31941_cov_5.547170","NODE_19_length_31941_cov_5.547170:22970..23117:IncFII(K)_1__CP000648:97.297297","","IncFII(K)",97.3,100,"22970","23117","1","148"
"8kVbukWkaFEqdXzhiXoBpf","SAMEA6155853","NODE_25_length_12481_cov_5.572686","NODE_25_length_12481_cov_5.572686:4125..4684:IncFIB(K)_1__JN233704:100.000000","","IncFIB(K)",100,100,"4125","4684","1","560"
"kaiogLxCJLSa245NCTkt9g","SAMN05960956","NODE_19_length_69638_cov_15.084931","NODE_19_length_69638_cov_15.084931:64954..65513:IncFIB(K)_1__JN233704:98.928571","","IncFIB(K)",98.93,100,"64954","65513","1","560"
"kaiogLxCJLSa245NCTkt9g","SAMN05960956","NODE_19_length_69638_cov_15.084931","NODE_19_length_69638_cov_15.084931:1753..1900:IncFII(K)_1__CP000648:95.945946","","IncFII(K)",95.95,100,"1753","1900","1","148"
"kaiogLxCJLSa245NCTkt9g","SAMN05960956","NODE_37_length_4726_cov_338.416901","NODE_37_length_4726_cov_338.416901:76..189:Col440I_1__CP023920:100.000000","","Col440I",100,100,"76","189","1","114"
"kaiogLxCJLSa245NCTkt9g","SAMN05960956","NODE_39_length_4514_cov_947.914156","NODE_39_length_4514_cov_947.914156:3604..3885:Col440II_1__CP023921:97.517730","","Col440II",97.52,100,"3604","3885","1","282"
"kaiogLxCJLSa245NCTkt9g","SAMN05960956","NODE_39_length_4514_cov_947.914156","NODE_39_length_4514_cov_947.914156:37..167:Col(pHAD28)_1__KU674895:93.129771","","Col(pHAD28)",93.13,100,"37","167","1","131"
"oGSv5BjAnBd2ofvw7ZBZEz","SAMEA6654232","NODE_33_length_12925_cov_5.198815","NODE_33_length_12925_cov_5.198815:5231..5458:IncFII(pKP91)_1__CP000966:94.385798","","IncFII(pKP91)",95.63,98.7,"5231","5458","3","230"
"oGSv5BjAnBd2ofvw7ZBZEz","SAMEA6654232","NODE_34_length_11411_cov_7.280941","NODE_34_length_11411_cov_7.280941:6301..6674:IncX3_1__JN247852:100.000000","","IncX3",100,100,"6301","6674","1","374"
"oGSv5BjAnBd2ofvw7ZBZEz","SAMEA6654232","NODE_39_length_8766_cov_9.467174","NODE_39_length_8766_cov_9.467174:2628..2856:ColKP3_1__JN205800:81.785714","","ColKP3",100,81.79,"2628","2856","1","229"
"oGSv5BjAnBd2ofvw7ZBZEz","SAMEA6654232","NODE_47_length_7037_cov_5.818968","NODE_47_length_7037_cov_5.818968:2436..2995:IncFIB(K)_1__JN233704:99.107143","","IncFIB(K)",99.11,100,"2436","2995","1","560"
"oGSv5BjAnBd2ofvw7ZBZEz","SAMEA6654232","NODE_48_length_6833_cov_5.576478","NODE_48_length_6833_cov_5.576478:94..622:IncQ1_1__M28829:66.457286","","IncQ1",100,66.46,"94","622","1","529"
"oGSv5BjAnBd2ofvw7ZBZEz","SAMEA6654232","NODE_68_length_3071_cov_5.120794","NODE_68_length_3071_cov_5.120794:1048..1486:IncFIB(pNDM-Mar)_1__JN420336:99.316629","","IncFIB(pNDM-Mar)",99.32,100,"1048","1486","1","439"
"cdbaGrHDemPtw1BgydfcvJ","SAMN36884876","NODE_28_length_40752_cov_61.655573","NODE_28_length_40752_cov_61.655573:1753..1900:IncFII(K)_1__CP000648:95.945946","","IncFII(K)",95.95,100,"1753","1900","1","148"
"cdbaGrHDemPtw1BgydfcvJ","SAMN36884876","NODE_40_length_15010_cov_65.716987","NODE_40_length_15010_cov_65.716987:12448..12835:IncFIA(HI1)_1__AF250878:96.907216","","IncFIA(HI1)",96.91,100,"12448","12835","1","388"
"cdbaGrHDemPtw1BgydfcvJ","SAMN36884876","NODE_42_length_11678_cov_49.599275","NODE_42_length_11678_cov_49.599275:4692..5251:IncFIB(K)_1__JN233704:98.928571","","IncFIB(K)",98.93,100,"4692","5251","1","560"
"6Yx8hEXhsdHNMdjcnHpdXj","SAMEA6155833","NODE_27_length_32234_cov_9.140159","NODE_27_length_32234_cov_9.140159:29592..29978:IncFIA(HI1)_1__AF250878:98.195876","","IncFIA(HI1)",98.45,99.74,"29592","29978","2","388"
"6Yx8hEXhsdHNMdjcnHpdXj","SAMEA6155833","NODE_32_length_17478_cov_6.125266","NODE_32_length_17478_cov_6.125266:12370..12929:IncFIB(K)(pCAV1099-114)_1__CP011596:99.464286","","IncFIB(K)(pCAV1099-114)",99.46,100,"12370","12929","1","560"
"6Yx8hEXhsdHNMdjcnHpdXj","SAMEA6155833","NODE_36_length_13985_cov_8.436411","NODE_36_length_13985_cov_8.436411:5501..5751:IncR_1__DQ449578:100.000000","","IncR",100,100,"5501","5751","1","251"
"6Yx8hEXhsdHNMdjcnHpdXj","SAMEA6155833","NODE_44_length_4951_cov_12.552350","NODE_44_length_4951_cov_12.552350:1724..1837:Col440I_1__CP023920:95.614035","","Col440I",95.61,100,"1724","1837","1","114"
"6Yx8hEXhsdHNMdjcnHpdXj","SAMEA6155833","NODE_54_length_2195_cov_41.898378","NODE_54_length_2195_cov_41.898378:1302..1417:Col(pHAD28)_1__KU674895:83.206107","","Col(pHAD28)",93.97,88.55,"1302","1417","1","116"
"hAbwaa2M11aDucG5dNcx6N","SAMEA6155807","NODE_11_length_110486_cov_9.280758","NODE_11_length_110486_cov_9.280758:913..1472:IncFIB(pKPHS1)_1__CP003223:98.571429","","IncFIB(pKPHS1)",98.57,100,"913","1472","1","560"
"hAbwaa2M11aDucG5dNcx6N","SAMEA6155807","NODE_15_length_80668_cov_11.731758","NODE_15_length_80668_cov_11.731758:57785..58035:IncR_1__DQ449578:99.601594","","IncR",99.6,100,"57785","58035","1","251"
"hAbwaa2M11aDucG5dNcx6N","SAMEA6155807","NODE_15_length_80668_cov_11.731758","NODE_15_length_80668_cov_11.731758:74556..74785:IncFII(pKP91)_1__CP000966:100.000000","","IncFII(pKP91)",100,100,"74556","74785","1","230"
"hAbwaa2M11aDucG5dNcx6N","SAMEA6155807","NODE_25_length_23310_cov_9.552540","NODE_25_length_23310_cov_9.552540:14176..14406:IncFII(pKP91)_1__CP000966:99.567100","","IncFII(pKP91)",99.57,100,"14176","14406","1","230"
"hAbwaa2M11aDucG5dNcx6N","SAMEA6155807","NODE_29_length_10895_cov_9.636347","NODE_29_length_10895_cov_9.636347:6161..6720:IncFIB(K)_1__JN233704:100.000000","","IncFIB(K)",100,100,"6161","6720","1","560"
"hAbwaa2M11aDucG5dNcx6N","SAMEA6155807","NODE_31_length_8093_cov_8.556042","NODE_31_length_8093_cov_8.556042:6007..6771:IncY_1__K02380:99.477124","","IncY",99.48,100,"6007","6771","1","765"
"hAbwaa2M11aDucG5dNcx6N","SAMEA6155807","NODE_35_length_4810_cov_25.588198","NODE_35_length_4810_cov_25.588198:3379..3509:Col(pHAD28)_1__KU674895:94.656489","","Col(pHAD28)",94.66,100,"3379","3509","1","131"
"ov8R6Jr2mE8UgaeeqheaFP","SAMEA115925716","NODE_35_length_50113_cov_12.398237","NODE_35_length_50113_cov_12.398237:36865..37303:IncFIB(pNDM-Mar)_1__JN420336:100.000000","","IncFIB(pNDM-Mar)",100,100,"36865","37303","1","439"
"ov8R6Jr2mE8UgaeeqheaFP","SAMEA115925716","NODE_36_length_50112_cov_10.578452","NODE_36_length_50112_cov_10.578452:9330..9557:IncFII(pKP91)_1__CP000966:94.816784","","IncFII(pKP91)",96.07,98.7,"9330","9557","3","230"
"ov8R6Jr2mE8UgaeeqheaFP","SAMEA115925716","NODE_60_length_13228_cov_19.531362","NODE_60_length_13228_cov_19.531362:9401..9651:IncR_1__DQ449578:99.601594","","IncR",99.6,100,"9401","9651","1","251"
"ov8R6Jr2mE8UgaeeqheaFP","SAMEA115925716","NODE_73_length_4780_cov_11.451860","NODE_73_length_4780_cov_11.451860:587..1209:repB(R1701)_1__CP039970:99.197432","","repB(R1701)",99.2,100,"587","1209","1","623"
"ov8R6Jr2mE8UgaeeqheaFP","SAMEA115925716","NODE_74_length_4588_cov_274.066253","NODE_74_length_4588_cov_274.066253:279..392:Col440I_1__CP023920:97.368421","","Col440I",97.37,100,"279","392","1","114"
"ov8R6Jr2mE8UgaeeqheaFP","SAMEA115925716","NODE_77_length_4015_cov_11.341371","NODE_77_length_4015_cov_11.341371:2650..3219:IncHI1B(pNDM-MAR)_1__JN420336:100.000000","","IncHI1B(pNDM-MAR)",100,100,"2650","3219","1","570"
"ov8R6Jr2mE8UgaeeqheaFP","SAMEA115925716","NODE_86_length_2570_cov_770.303006","NODE_86_length_2570_cov_770.303006:199..327:Col(pHAD28)_1__KU674895:94.656489","","Col(pHAD28)",96.12,98.47,"199","327","1","129"
"dgL11DroRQLtr1f55o8bTr","SAMN05960906","NODE_22_length_69990_cov_23.577857","NODE_22_length_69990_cov_23.577857:8911..9058:IncFII(K)_1__CP000648:97.297297","","IncFII(K)",97.3,100,"8911","9058","1","148"
"dgL11DroRQLtr1f55o8bTr","SAMN05960906","NODE_38_length_16841_cov_25.026879","NODE_38_length_16841_cov_25.026879:4125..4684:IncFIB(K)_1__JN233704:100.000000","","IncFIB(K)",100,100,"4125","4684","1","560"
"dgL11DroRQLtr1f55o8bTr","SAMN05960906","NODE_48_length_6299_cov_235.200806","NODE_48_length_6299_cov_235.200806:914..1044:Col(pHAD28)_1__KU674895:92.366412","","Col(pHAD28)",92.37,100,"914","1044","1","131"
"dgL11DroRQLtr1f55o8bTr","SAMN05960906","NODE_54_length_4363_cov_293.175422","NODE_54_length_4363_cov_293.175422:1724..1854:Col(pHAD28)_1__KU674895:92.366412","","Col(pHAD28)",92.37,100,"1724","1854","1","131"
"kVaSn9PWDtVoXozYzBTQFk","SAMEA111504609","NODE_22_length_74129_cov_8.632419","NODE_22_length_74129_cov_8.632419:65021..65580:IncFIB(pKPHS1)_1__CP003223:95.535714","","IncFIB(pKPHS1)",95.54,100,"65021","65580","1","560"
"kVaSn9PWDtVoXozYzBTQFk","SAMEA111504609","NODE_26_length_42390_cov_16.906008","NODE_26_length_42390_cov_16.906008:19998..20557:IncFIB(K)(pCAV1099-114)_1__CP011596:99.642857","","IncFIB(K)(pCAV1099-114)",99.64,100,"19998","20557","1","560"
"kVaSn9PWDtVoXozYzBTQFk","SAMEA111504609","NODE_26_length_42390_cov_16.906008","NODE_26_length_42390_cov_16.906008:4394..4831:RepB_1_pC39_CP061702.1:99.543379","","RepB",99.54,100,"4394","4831","1","438"
"kVaSn9PWDtVoXozYzBTQFk","SAMEA111504609","NODE_29_length_38132_cov_6.488786","NODE_29_length_38132_cov_6.488786:30897..31636:IncFIB(pQil)_1__JN233705:100.000000","","IncFIB(pQil)",100,100,"30897","31636","1","740"
"kVaSn9PWDtVoXozYzBTQFk","SAMEA111504609","NODE_38_length_17670_cov_19.747880","NODE_38_length_17670_cov_19.747880:15142..15584:repFIB_pC39_CP061701:97.742664","","repFIB",97.74,100,"15142","15584","1","443"
"kVaSn9PWDtVoXozYzBTQFk","SAMEA111504609","NODE_44_length_8834_cov_6.331998","NODE_44_length_8834_cov_6.331998:3494..3744:IncR_1__DQ449578:100.000000","","IncR",100,100,"3494","3744","1","251"
"kVaSn9PWDtVoXozYzBTQFk","SAMEA111504609","NODE_57_length_4266_cov_481.824334","NODE_57_length_4266_cov_481.824334:1403..1533:Col(pHAD28)_1__KU674895:92.366412","","Col(pHAD28)",92.37,100,"1403","1533","1","131"
"rSffqw8uKXHjTgvArFBgq7","SAMEA6155858","NODE_23_length_43799_cov_6.584096","NODE_23_length_43799_cov_6.584096:1753..1900:IncFII(K)_1__CP000648:95.945946","","IncFII(K)",95.95,100,"1753","1900","1","148"
"rSffqw8uKXHjTgvArFBgq7","SAMEA6155858","NODE_29_length_25343_cov_6.038029","NODE_29_length_25343_cov_6.038029:4126..4685:IncFIB(K)_1__JN233704:98.928571","","IncFIB(K)",98.93,100,"4126","4685","1","560"
"rSffqw8uKXHjTgvArFBgq7","SAMEA6155858","NODE_39_length_4266_cov_111.214783","NODE_39_length_4266_cov_111.214783:1042..1172:Col(pHAD28)_1__KU674895:92.366412","","Col(pHAD28)",92.37,100,"1042","1172","1","131"
"miwMhf78aTEavL2snrWv8o","SAMEA6155789","NODE_19_length_55513_cov_13.882106","NODE_19_length_55513_cov_13.882106:35613..35863:IncR_1__DQ449578:99.601594","","IncR",99.6,100,"35613","35863","1","251"
"miwMhf78aTEavL2snrWv8o","SAMEA6155789","NODE_19_length_55513_cov_13.882106","NODE_19_length_55513_cov_13.882106:44577..44707:Col(pHAD28)_1__KU674895:93.129771","","Col(pHAD28)",93.13,100,"44577","44707","1","131"
"miwMhf78aTEavL2snrWv8o","SAMEA6155789","NODE_20_length_40431_cov_10.305961","NODE_20_length_40431_cov_10.305961:36199..36758:IncFIB(K)_1__JN233704:98.750000","","IncFIB(K)",98.75,100,"36199","36758","1","560"
"miwMhf78aTEavL2snrWv8o","SAMEA6155789","NODE_23_length_33294_cov_10.164995","NODE_23_length_33294_cov_10.164995:31115..31344:IncFII(pKP91)_1__CP000966:100.000000","","IncFII(pKP91)",100,100,"31115","31344","1","230"
"miwMhf78aTEavL2snrWv8o","SAMEA6155789","NODE_36_length_2610_cov_69.547591","NODE_36_length_2610_cov_69.547591:1653..1762:Col440I_1__CP023920:88.596491","","Col440I",91.82,96.49,"1653","1762","1","110"
"jVsruuu8Mj75YfkzqpdtsP","SAMEA5753327","NODE_21_length_83235_cov_25.401318","NODE_21_length_83235_cov_25.401318:8288..8517:IncFII(pKP91)_1__CP000966:100.000000","","IncFII(pKP91)",100,100,"8288","8517","1","230"
"jVsruuu8Mj75YfkzqpdtsP","SAMEA5753327","NODE_29_length_36556_cov_24.329155","NODE_29_length_36556_cov_24.329155:4642..4892:IncR_1__DQ449578:99.203187","","IncR",99.2,100,"4642","4892","1","251"
"jVsruuu8Mj75YfkzqpdtsP","SAMEA5753327","NODE_31_length_34142_cov_12.180918","NODE_31_length_34142_cov_12.180918:5187..5798:pKPC-CAV1193_1__CP013325:94.934641","","pKPC-CAV1193",94.93,100,"5187","5798","1","612"
"jVsruuu8Mj75YfkzqpdtsP","SAMEA5753327","NODE_47_length_11333_cov_24.023589","NODE_47_length_11333_cov_24.023589:7500..8059:IncFIB(K)(pCAV1099-114)_1__CP011596:99.464286","","IncFIB(K)(pCAV1099-114)",99.46,100,"7500","8059","1","560"
"jVsruuu8Mj75YfkzqpdtsP","SAMEA5753327","NODE_51_length_9365_cov_22.950680","NODE_51_length_9365_cov_22.950680:9126..9239:Col440I_1__CP023920:96.491228","","Col440I",96.49,100,"9126","9239","1","114"
"jVsruuu8Mj75YfkzqpdtsP","SAMEA5753327","NODE_67_length_3559_cov_19.691908","NODE_67_length_3559_cov_19.691908:1714..2156:repFIB_pC39_CP061701:97.968397","","repFIB",97.97,100,"1714","2156","1","443"
"jVsruuu8Mj75YfkzqpdtsP","SAMEA5753327","NODE_68_length_3254_cov_29.953724","NODE_68_length_3254_cov_29.953724:2763..2876:Col440I_1__CP023920:95.614035","","Col440I",95.61,100,"2763","2876","1","114"
"jVsruuu8Mj75YfkzqpdtsP","SAMEA5753327","NODE_74_length_2594_cov_29.748297","NODE_74_length_2594_cov_29.748297:2393..2521:Col(pHAD28)_1__KU674895:94.656489","","Col(pHAD28)",96.12,98.47,"2393","2521","1","129"
"jVsruuu8Mj75YfkzqpdtsP","SAMEA5753327","NODE_85_length_1522_cov_21.936051","NODE_85_length_1522_cov_21.936051:932..1369:RepB_1_pC39_CP061702.1:99.543379","","RepB",99.54,100,"932","1369","1","438"
"fh4M2ynawwkpe9bESyogqC","SAMEA5753786","NODE_33_length_3799_cov_28.363243","NODE_33_length_3799_cov_28.363243:3412..3529:Col(pHAD28)_1__KU674895:84.732824","","Col(pHAD28)",94.07,90.08,"3412","3529","1","118"
"bV4RhJMeAGN5HN3w7U73N2","SAMEA8515127","NODE_26_length_73010_cov_17.134383","NODE_26_length_73010_cov_17.134383:6473..6767:IncFIA(pBK30683)_1__KF954760:99.661017","","IncFIA(pBK30683)",99.66,100,"6473","6767","1","295"
"bV4RhJMeAGN5HN3w7U73N2","SAMEA8515127","NODE_63_length_9610_cov_24.498791","NODE_63_length_9610_cov_24.498791:2311..2870:IncFIB(K)_1__JN233704:99.107143","","IncFIB(K)",99.11,100,"2311","2870","1","560"
"vtgvqBT53v8fF46ctdA8wB","SAMEA6155877","NODE_12_length_56343_cov_33.757236","NODE_12_length_56343_cov_33.757236:28869..29119:IncR_1__DQ449578:100.000000","","IncR",100,100,"28869","29119","1","251"
"vtgvqBT53v8fF46ctdA8wB","SAMEA6155877","NODE_12_length_56343_cov_33.757236","NODE_12_length_56343_cov_33.757236:4287..4400:Col440I_1__CP023920:94.736842","","Col440I",94.74,100,"4287","4400","1","114"
"vtgvqBT53v8fF46ctdA8wB","SAMEA6155877","NODE_15_length_17886_cov_27.514140","NODE_15_length_17886_cov_27.514140:2257..2643:IncFIA(HI1)_1__AF250878:98.195876","","IncFIA(HI1)",98.45,99.74,"2257","2643","2","388"
"umyMDwpZFUJdhx8vnF28oZ","SAMEA6155773","NODE_21_length_12744_cov_9.470384","NODE_21_length_12744_cov_9.470384:7628..7878:IncR_1__DQ449578:100.000000","","IncR",100,100,"7628","7878","1","251"
"umyMDwpZFUJdhx8vnF28oZ","SAMEA6155773","NODE_22_length_11192_cov_6.105292","NODE_22_length_11192_cov_6.105292:6134..6693:IncFIB(K)_1__JN233704:98.750000","","IncFIB(K)",98.75,100,"6134","6693","1","560"
"umyMDwpZFUJdhx8vnF28oZ","SAMEA6155773","NODE_27_length_5501_cov_4.942058","NODE_27_length_5501_cov_4.942058:2245..2472:IncFII(pKP91)_1__CP000966:94.816784","","IncFII(pKP91)",96.07,98.7,"2245","2472","3","230"
"pchsxW6orFh8S3vDcUZoVx","SAMEA5753803","NODE_25_length_52292_cov_15.041538","NODE_25_length_52292_cov_15.041538:7016..7243:IncFII(pKP91)_1__CP000966:94.816784","","IncFII(pKP91)",96.07,98.7,"7016","7243","3","230"
"pchsxW6orFh8S3vDcUZoVx","SAMEA5753803","NODE_26_length_48352_cov_12.869148","NODE_26_length_48352_cov_12.869148:41351..41645:IncFIA(pBK30683)_1__KF954760:96.949153","","IncFIA(pBK30683)",96.95,100,"41351","41645","1","295"
"pchsxW6orFh8S3vDcUZoVx","SAMEA5753803","NODE_28_length_38720_cov_18.243391","NODE_28_length_38720_cov_18.243391:32654..33213:IncFIB(K)(pCAV1099-114)_1__CP011596:99.821429","","IncFIB(K)(pCAV1099-114)",99.82,100,"32654","33213","1","560"
"pchsxW6orFh8S3vDcUZoVx","SAMEA5753803","NODE_38_length_19649_cov_14.507826","NODE_38_length_19649_cov_14.507826:9295..9405:Col440I_1__CP023920:93.859649","","Col440I",96.4,97.37,"9295","9405","1","111"
"pchsxW6orFh8S3vDcUZoVx","SAMEA5753803","NODE_51_length_10433_cov_16.010161","NODE_51_length_10433_cov_16.010161:7080..7517:RepB_1_pC39_CP061702.1:99.543379","","RepB",99.54,100,"7080","7517","1","438"
"pchsxW6orFh8S3vDcUZoVx","SAMEA5753803","NODE_58_length_4457_cov_51.164066","NODE_58_length_4457_cov_51.164066:232..345:Col440I_1__CP023920:95.614035","","Col440I",95.61,100,"232","345","1","114"
"aipP1e8eQesusYkxTMLP3u","SAMEA6155929","NODE_16_length_90331_cov_21.094046","NODE_16_length_90331_cov_21.094046:63841..64091:IncR_1__DQ449578:99.203187","","IncR",99.2,100,"63841","64091","1","251"
"aipP1e8eQesusYkxTMLP3u","SAMEA6155929","NODE_16_length_90331_cov_21.094046","NODE_16_length_90331_cov_21.094046:40292..40519:IncFII(pKP91)_1__CP000966:94.816784","","IncFII(pKP91)",96.07,98.7,"40292","40519","3","230"
"aipP1e8eQesusYkxTMLP3u","SAMEA6155929","NODE_20_length_38584_cov_22.245290","NODE_20_length_38584_cov_22.245290:29703..30363:IncL_1__JN626286:100.000000","","IncL",100,100,"29703","30363","1","661"
"aipP1e8eQesusYkxTMLP3u","SAMEA6155929","NODE_24_length_26439_cov_13.558998","NODE_24_length_26439_cov_13.558998:6177..6614:RepB_1_pC39_CP061702.1:100.000000","","RepB",100,100,"6177","6614","1","438"
"aipP1e8eQesusYkxTMLP3u","SAMEA6155929","NODE_28_length_10995_cov_13.954020","NODE_28_length_10995_cov_13.954020:5136..5695:IncFIB(K)(pCAV1099-114)_1__CP011596:100.000000","","IncFIB(K)(pCAV1099-114)",100,100,"5136","5695","1","560"
"aipP1e8eQesusYkxTMLP3u","SAMEA6155929","NODE_33_length_4679_cov_42.744978","NODE_33_length_4679_cov_42.744978:1965..2078:Col440I_1__CP023920:95.614035","","Col440I",95.61,100,"1965","2078","1","114"
"cLnu3gj3nHHhWDddjKVqpA","SAMEA6155847","NODE_24_length_43799_cov_15.193753","NODE_24_length_43799_cov_15.193753:41900..42047:IncFII(K)_1__CP000648:95.945946","","IncFII(K)",95.95,100,"41900","42047","1","148"
"cLnu3gj3nHHhWDddjKVqpA","SAMEA6155847","NODE_28_length_34064_cov_16.309260","NODE_28_length_34064_cov_16.309260:20874..21433:IncFIB(K)_1__JN233704:98.928571","","IncFIB(K)",98.93,100,"20874","21433","1","560"
"cLnu3gj3nHHhWDddjKVqpA","SAMEA6155847","NODE_37_length_4266_cov_94.834173","NODE_37_length_4266_cov_94.834173:237..367:Col(pHAD28)_1__KU674895:92.366412","","Col(pHAD28)",92.37,100,"237","367","1","131"
"92wiTibEdTeNBpqY17uE8E","SAMEA6422771","NODE_29_length_9002_cov_5.295968","NODE_29_length_9002_cov_5.295968:4176..4735:IncFIB(K)_1__JN233704:98.928571","","IncFIB(K)",98.93,100,"4176","4735","1","560"
"92wiTibEdTeNBpqY17uE8E","SAMEA6422771","NODE_31_length_5224_cov_29.152585","NODE_31_length_5224_cov_29.152585:4566..4681:Col(pHAD28)_1__KU674895:83.969466","","Col(pHAD28)",94.83,88.55,"4566","4681","1","116"
"92wiTibEdTeNBpqY17uE8E","SAMEA6422771","NODE_32_length_4573_cov_23.265087","NODE_32_length_4573_cov_23.265087:2282..2412:Col(pHAD28)_1__KU674895:93.129771","","Col(pHAD28)",93.13,100,"2282","2412","1","131"
"dAkZRDf8BnMSmHg38GM8rm","SAMN05960921","NODE_14_length_111307_cov_26.036445","NODE_14_length_111307_cov_26.036445:913..1472:IncFIB(pKPHS1)_1__CP003223:98.750000","","IncFIB(pKPHS1)",98.75,100,"913","1472","1","560"
"dAkZRDf8BnMSmHg38GM8rm","SAMN05960921","NODE_19_length_77051_cov_29.261878","NODE_19_length_77051_cov_29.261878:55834..56393:IncFIB(K)_1__JN233704:98.928571","","IncFIB(K)",98.93,100,"55834","56393","1","560"
"dAkZRDf8BnMSmHg38GM8rm","SAMN05960921","NODE_23_length_43779_cov_27.482647","NODE_23_length_43779_cov_27.482647:41943..42090:IncFII(K)_1__CP000648:95.945946","","IncFII(K)",95.95,100,"41943","42090","1","148"
"dAkZRDf8BnMSmHg38GM8rm","SAMN05960921","NODE_27_length_25171_cov_45.511327","NODE_27_length_25171_cov_45.511327:8222..8882:IncL_1__JN626286:100.000000","","IncL",100,100,"8222","8882","1","661"
"eH94miV6WHVNfQjumX6o7R","SAMEA6155843","NODE_12_length_56163_cov_13.806864","NODE_12_length_56163_cov_13.806864:27045..27295:IncR_1__DQ449578:100.000000","","IncR",100,100,"27045","27295","1","251"
"eH94miV6WHVNfQjumX6o7R","SAMEA6155843","NODE_12_length_56163_cov_13.806864","NODE_12_length_56163_cov_13.806864:51764..51877:Col440I_1__CP023920:94.736842","","Col440I",94.74,100,"51764","51877","1","114"
"eH94miV6WHVNfQjumX6o7R","SAMEA6155843","NODE_15_length_17886_cov_12.108731","NODE_15_length_17886_cov_12.108731:15244..15630:IncFIA(HI1)_1__AF250878:98.195876","","IncFIA(HI1)",98.45,99.74,"15244","15630","2","388"
"mZQaeb3FczXTW5Z5S3MwVo","SAMEA7472409","NODE_19_length_78167_cov_8.702294","NODE_19_length_78167_cov_8.702294:48810..49379:IncHI1B(pNDM-MAR)_1__JN420336:99.298246","","IncHI1B(pNDM-MAR)",99.3,100,"48810","49379","1","570"
"mZQaeb3FczXTW5Z5S3MwVo","SAMEA7472409","NODE_19_length_78167_cov_8.702294","NODE_19_length_78167_cov_8.702294:67094..67653:repB_KLEB_VIR_AP006726:100.000000","","repB",100,100,"67094","67653","1","560"
"mZQaeb3FczXTW5Z5S3MwVo","SAMEA7472409","NODE_43_length_4287_cov_188.846466","NODE_43_length_4287_cov_188.846466:3567..3697:Col(pHAD28)_1__KU674895:93.893130","","Col(pHAD28)",93.89,100,"3567","3697","1","131"
"7hnX9PJywogzyRrzeEeVfk","SAMN05960873","NODE_25_length_58624_cov_28.255378","NODE_25_length_58624_cov_28.255378:16970..17197:IncFII(pKP91)_1__CP000966:94.385798","","IncFII(pKP91)",95.63,98.7,"16970","17197","3","230"
"7hnX9PJywogzyRrzeEeVfk","SAMN05960873","NODE_26_length_51205_cov_31.792568","NODE_26_length_51205_cov_31.792568:29990..30549:IncFIB(K)_1__JN233704:99.107143","","IncFIB(K)",99.11,100,"29990","30549","1","560"
"7hnX9PJywogzyRrzeEeVfk","SAMN05960873","NODE_34_length_9462_cov_34.359287","NODE_34_length_9462_cov_34.359287:7674..8296:repB(R1701)_1__CP039970:99.197432","","repB(R1701)",99.2,100,"7674","8296","1","623"
"ppPWXTxt911sQikKZ64yQ2","SAMEA111505118","NODE_29_length_45494_cov_24.364803","NODE_29_length_45494_cov_24.364803:36414..36973:IncFIB(K)(pCAV1099-114)_1__CP011596:99.642857","","IncFIB(K)(pCAV1099-114)",99.64,100,"36414","36973","1","560"
"ppPWXTxt911sQikKZ64yQ2","SAMEA111505118","NODE_29_length_45494_cov_24.364803","NODE_29_length_45494_cov_24.364803:44259..44701:repFIB_pC39_CP061701:97.968397","","repFIB",97.97,100,"44259","44701","1","443"
"ppPWXTxt911sQikKZ64yQ2","SAMEA111505118","NODE_39_length_23689_cov_25.211485","NODE_39_length_23689_cov_25.211485:22520..23089:IncHI1B(pNDM-MAR)_1__JN420336:100.000000","","IncHI1B(pNDM-MAR)",100,100,"22520","23089","1","570"
"4rJRoHYr5NR82wGsPzD5vn","SAMEA6155876","NODE_23_length_85288_cov_4.865241","NODE_23_length_85288_cov_4.865241:10767..11205:IncFIB(pNDM-Mar)_1__JN420336:99.316629","","IncFIB(pNDM-Mar)",99.32,100,"10767","11205","1","439"
"4rJRoHYr5NR82wGsPzD5vn","SAMEA6155876","NODE_42_length_23548_cov_3.625826","NODE_42_length_23548_cov_3.625826:4520..5079:IncFIB(K)(pCAV1099-114)_1__CP011596:100.000000","","IncFIB(K)(pCAV1099-114)",100,100,"4520","5079","1","560"
"4rJRoHYr5NR82wGsPzD5vn","SAMEA6155876","NODE_47_length_19523_cov_17.204695","NODE_47_length_19523_cov_17.204695:12956..13182:IncFII(pBK30683)_1__KF954760:98.678414","","IncFII(pBK30683)",98.68,100,"12956","13182","1","227"
"4rJRoHYr5NR82wGsPzD5vn","SAMEA6155876","NODE_61_length_10260_cov_8.092511","NODE_61_length_10260_cov_8.092511:4333..4583:IncR_1__DQ449578:99.601594","","IncR",99.6,100,"4333","4583","1","251"
"4rJRoHYr5NR82wGsPzD5vn","SAMEA6155876","NODE_67_length_8060_cov_18.082276","NODE_67_length_8060_cov_18.082276:5581..5694:Col440I_1__CP023920:96.491228","","Col440I",96.49,100,"5581","5694","1","114"
"4rJRoHYr5NR82wGsPzD5vn","SAMEA6155876","NODE_73_length_5996_cov_57.047312","NODE_73_length_5996_cov_57.047312:2727..2857:Col(pHAD28)_1__KU674895:94.656489","","Col(pHAD28)",94.66,100,"2727","2857","1","131"
"4rJRoHYr5NR82wGsPzD5vn","SAMEA6155876","NODE_84_length_4308_cov_8.907341","NODE_84_length_4308_cov_8.907341:835..1404:IncHI1B(pNDM-MAR)_1__JN420336:100.000000","","IncHI1B(pNDM-MAR)",100,100,"835","1404","1","570"
"4rJRoHYr5NR82wGsPzD5vn","SAMEA6155876","NODE_98_length_2610_cov_36.561131","NODE_98_length_2610_cov_36.561131:2177..2286:Col440I_1__CP023920:88.596491","","Col440I",91.82,96.49,"2177","2286","1","110"
"4rJRoHYr5NR82wGsPzD5vn","SAMEA6155876","NODE_99_length_2587_cov_28.559084","NODE_99_length_2587_cov_28.559084:1064..1177:Col440I_1__CP023920:95.614035","","Col440I",95.61,100,"1064","1177","1","114"
"4rJRoHYr5NR82wGsPzD5vn","SAMEA6155876","NODE_107_length_2070_cov_2.912227","NODE_107_length_2070_cov_2.912227:324..689:RepB_1_pC39_CP061702.1:83.105023","","RepB",99.45,83.56,"324","689","73","438"
"4Rve9vkKjgmV9RdsLuAftK","SAMN31892430","NODE_25_length_77033_cov_51.655578","NODE_25_length_77033_cov_51.655578:32583..33152:IncHI1B(pNDM-MAR)_1__JN420336:99.298246","","IncHI1B(pNDM-MAR)",99.3,100,"32583","33152","1","570"
"4Rve9vkKjgmV9RdsLuAftK","SAMN31892430","NODE_25_length_77033_cov_51.655578","NODE_25_length_77033_cov_51.655578:13937..14496:repB_KLEB_VIR_AP006726:100.000000","","repB",100,100,"13937","14496","1","560"
"k6jL9xWt1Di2np5pYwysKb","SAMEA6635864","NODE_29_length_32627_cov_10.420899","NODE_29_length_32627_cov_10.420899:19158..19408:IncR_1__DQ449578:99.203187","","IncR",99.2,100,"19158","19408","1","251"
"k6jL9xWt1Di2np5pYwysKb","SAMEA6635864","NODE_40_length_11733_cov_12.458398","NODE_40_length_11733_cov_12.458398:5272..5831:IncFIB(K)(pCAV1099-114)_1__CP011596:100.000000","","IncFIB(K)(pCAV1099-114)",100,100,"5272","5831","1","560"
"k6jL9xWt1Di2np5pYwysKb","SAMEA6635864","NODE_50_length_3888_cov_55.472948","NODE_50_length_3888_cov_55.472948:1983..2113:Col(pHAD28)_1__KU674895:92.366412","","Col(pHAD28)",92.37,100,"1983","2113","1","131"
"azNWjydAsZsWq5oBkJZpsG","SAMEA7472511","NODE_24_length_101345_cov_14.578121","NODE_24_length_101345_cov_14.578121:23787..24225:IncFIB(pNDM-Mar)_1__JN420336:99.316629","","IncFIB(pNDM-Mar)",99.32,100,"23787","24225","1","439"
"azNWjydAsZsWq5oBkJZpsG","SAMEA7472511","NODE_34_length_51749_cov_12.678819","NODE_34_length_51749_cov_12.678819:42216..42363:IncFII(K)_1__CP000648:100.000000","","IncFII(K)",100,100,"42216","42363","1","148"
"azNWjydAsZsWq5oBkJZpsG","SAMEA7472511","NODE_53_length_12675_cov_14.410226","NODE_53_length_12675_cov_14.410226:4125..4684:IncFIB(K)_1__JN233704:100.000000","","IncFIB(K)",100,100,"4125","4684","1","560"
"azNWjydAsZsWq5oBkJZpsG","SAMEA7472511","NODE_66_length_3846_cov_13.466507","NODE_66_length_3846_cov_13.466507:2443..3012:IncHI1B(pNDM-MAR)_1__JN420336:100.000000","","IncHI1B(pNDM-MAR)",100,100,"2443","3012","1","570"
"bdwVoBzdHnEN9SvqNbikxT","SAMN05960957","NODE_26_length_58519_cov_10.274974","NODE_26_length_58519_cov_10.274974:1753..1900:IncFII(K)_1__CP000648:95.945946","","IncFII(K)",95.95,100,"1753","1900","1","148"
"bdwVoBzdHnEN9SvqNbikxT","SAMN05960957","NODE_30_length_38615_cov_10.261632","NODE_30_length_38615_cov_10.261632:12632..13191:IncFIB(K)_1__JN233704:98.928571","","IncFIB(K)",98.93,100,"12632","13191","1","560"
"bdwVoBzdHnEN9SvqNbikxT","SAMN05960957","NODE_43_length_4726_cov_71.770694","NODE_43_length_4726_cov_71.770694:4538..4651:Col440I_1__CP023920:100.000000","","Col440I",100,100,"4538","4651","1","114"
"bdwVoBzdHnEN9SvqNbikxT","SAMN05960957","NODE_45_length_4514_cov_186.234655","NODE_45_length_4514_cov_186.234655:630..911:Col440II_1__CP023921:97.517730","","Col440II",97.52,100,"630","911","1","282"
"bdwVoBzdHnEN9SvqNbikxT","SAMN05960957","NODE_45_length_4514_cov_186.234655","NODE_45_length_4514_cov_186.234655:4348..4478:Col(pHAD28)_1__KU674895:93.129771","","Col(pHAD28)",93.13,100,"4348","4478","1","131"
"8iTG3rswnZSXfdyUnnin2P","SAMEA6155792","NODE_36_length_12959_cov_5.721462","NODE_36_length_12959_cov_5.721462:4370..4929:IncFIB(K)(pCAV1099-114)_1__CP011596:100.000000","","IncFIB(K)(pCAV1099-114)",100,100,"4370","4929","1","560"
"8iTG3rswnZSXfdyUnnin2P","SAMEA6155792","NODE_46_length_3742_cov_38.398573","NODE_46_length_3742_cov_38.398573:2505..2618:Col440I_1__CP023920:90.350877","","Col440I",90.35,100,"2505","2618","1","114"
"kvBvKLVWrLzSZ2bJfyvXeG","SAMEA5753369","NODE_63_length_12592_cov_14.248059","NODE_63_length_12592_cov_14.248059:11188..11952:IncY_1__K02380:99.477124","","IncY",99.48,100,"11188","11952","1","765"
"kvBvKLVWrLzSZ2bJfyvXeG","SAMEA5753369","NODE_70_length_9759_cov_22.165010","NODE_70_length_9759_cov_22.165010:2310..2869:IncFIB(K)_1__JN233704:98.928571","","IncFIB(K)",98.93,100,"2310","2869","1","560"
"kvBvKLVWrLzSZ2bJfyvXeG","SAMEA5753369","NODE_97_length_3474_cov_17.018963","NODE_97_length_3474_cov_17.018963:1044..1430:IncFIA(HI1)_1__AF250878:98.711340","","IncFIA(HI1)",98.97,99.74,"1044","1430","2","388"
"fs5SV1mCiSjT1fyFMjF6VZ","SAMEA6654216","NODE_37_length_11733_cov_18.664002","NODE_37_length_11733_cov_18.664002:5272..5831:IncFIB(K)(pCAV1099-114)_1__CP011596:100.000000","","IncFIB(K)(pCAV1099-114)",100,100,"5272","5831","1","560"
"fs5SV1mCiSjT1fyFMjF6VZ","SAMEA6654216","NODE_40_length_8269_cov_936.110894","NODE_40_length_8269_cov_936.110894:7647..7777:Col(pHAD28)_1__KU674895:92.366412","","Col(pHAD28)",92.37,100,"7647","7777","1","131"
"fs5SV1mCiSjT1fyFMjF6VZ","SAMEA6654216","NODE_40_length_8269_cov_936.110894","NODE_40_length_8269_cov_936.110894:3858..3988:Col(pHAD28)_1__KU674895:92.366412","","Col(pHAD28)",92.37,100,"3858","3988","1","131"
"wzDKTANo7rKwooQZ846smZ","SAMEA5753721","NODE_20_length_100471_cov_24.393656","NODE_20_length_100471_cov_24.393656:82362..82921:IncFIB(K)_1__JN233704:99.285714","","IncFIB(K)",99.29,100,"82362","82921","1","560"
"wzDKTANo7rKwooQZ846smZ","SAMEA5753721","NODE_20_length_100471_cov_24.393656","NODE_20_length_100471_cov_24.393656:12554..12781:IncFII(pKP91)_1__CP000966:94.816784","","IncFII(pKP91)",96.07,98.7,"12554","12781","3","230"
"wzDKTANo7rKwooQZ846smZ","SAMEA5753721","NODE_37_length_14265_cov_26.437738","NODE_37_length_14265_cov_26.437738:13346..13733:IncFIA(HI1)_1__AF250878:97.422680","","IncFIA(HI1)",97.42,100,"13346","13733","1","388"
"wzDKTANo7rKwooQZ846smZ","SAMEA5753721","NODE_50_length_4169_cov_25.320147","NODE_50_length_4169_cov_25.320147:2746..2858:Col440I_1__CP023920:90.427824","","Col440I",91.23,99.12,"2746","2858","1","114"
"cGYL9WzsyTTm9hRXfqGYGn","SAMEA7472380","NODE_89_length_13127_cov_4.379721","NODE_89_length_13127_cov_4.379721:10766..11325:IncFIB(pKPHS1)_1__CP003223:95.178571","","IncFIB(pKPHS1)",95.18,100,"10766","11325","1","560"
"cGYL9WzsyTTm9hRXfqGYGn","SAMEA7472380","NODE_114_length_6335_cov_3.520847","NODE_114_length_6335_cov_3.520847:3579..4138:IncFIB(K)_1__JN233704:98.750000","","IncFIB(K)",98.75,100,"3579","4138","1","560"
"iU6qbLVcAJ8i2C414QCBri","SAMEA7472477","NODE_16_length_105207_cov_21.273100","NODE_16_length_105207_cov_21.273100:42049..42196:IncFII(K)_1__CP000648:99.324324","","IncFII(K)",99.32,100,"42049","42196","1","148"
"iU6qbLVcAJ8i2C414QCBri","SAMEA7472477","NODE_20_length_91316_cov_24.362926","NODE_20_length_91316_cov_24.362926:24027..24586:IncFIB(K)_1__JN233704:100.000000","","IncFIB(K)",100,100,"24027","24586","1","560"
"iU6qbLVcAJ8i2C414QCBri","SAMEA7472477","NODE_32_length_4576_cov_16.001340","NODE_32_length_4576_cov_16.001340:3957..4485:IncQ1_1__M28829:66.457286","","IncQ1",100,66.46,"3957","4485","1","529"
"iU6qbLVcAJ8i2C414QCBri","SAMEA7472477","NODE_37_length_2948_cov_5.825553","NODE_37_length_2948_cov_5.825553:2667..2797:Col(pHAD28)_1__KU674895:92.366412","","Col(pHAD28)",92.37,100,"2667","2797","1","131"
"iU6qbLVcAJ8i2C414QCBri","SAMEA7472477","NODE_40_length_2427_cov_4.179124","NODE_40_length_2427_cov_4.179124:2125..2237:Col440I_1__CP023920:91.297322","","Col440I",92.11,99.12,"2125","2237","1","114"
"pbnK26AZXgQgjnJLjZv9wx","SAMEA6155779","NODE_11_length_56343_cov_15.589734","NODE_11_length_56343_cov_15.589734:27225..27475:IncR_1__DQ449578:100.000000","","IncR",100,100,"27225","27475","1","251"
"pbnK26AZXgQgjnJLjZv9wx","SAMEA6155779","NODE_11_length_56343_cov_15.589734","NODE_11_length_56343_cov_15.589734:51944..52057:Col440I_1__CP023920:94.736842","","Col440I",94.74,100,"51944","52057","1","114"
"pbnK26AZXgQgjnJLjZv9wx","SAMEA6155779","NODE_13_length_17886_cov_11.414348","NODE_13_length_17886_cov_11.414348:15244..15630:IncFIA(HI1)_1__AF250878:98.195876","","IncFIA(HI1)",98.45,99.74,"15244","15630","2","388"
"jBBWXA8udJH12wFK6SRUnY","SAMEA115925719","NODE_31_length_35553_cov_20.000958","NODE_31_length_35553_cov_20.000958:30468..30841:IncX3_1__JN247852:100.000000","","IncX3",100,100,"30468","30841","1","374"
"jBBWXA8udJH12wFK6SRUnY","SAMEA115925719","NODE_45_length_13767_cov_32.019281","NODE_45_length_13767_cov_32.019281:13073..13511:IncFIB(pNDM-Mar)_1__JN420336:99.772210","","IncFIB(pNDM-Mar)",99.77,100,"13073","13511","1","439"
"jBBWXA8udJH12wFK6SRUnY","SAMEA115925719","NODE_49_length_12434_cov_29.613075","NODE_49_length_12434_cov_29.613075:4152..4711:IncFIB(K)_1__JN233704:100.000000","","IncFIB(K)",100,100,"4152","4711","1","560"
"jBBWXA8udJH12wFK6SRUnY","SAMEA115925719","NODE_51_length_10858_cov_29.558101","NODE_51_length_10858_cov_29.558101:8798..8945:IncFII(K)_1__CP000648:97.972973","","IncFII(K)",97.97,100,"8798","8945","1","148"
"jBBWXA8udJH12wFK6SRUnY","SAMEA115925719","NODE_62_length_6852_cov_209.972997","NODE_62_length_6852_cov_209.972997:544..674:Col(pHAD28)_1__KU674895:92.366412","","Col(pHAD28)",92.37,100,"544","674","1","131"
"jBBWXA8udJH12wFK6SRUnY","SAMEA115925719","NODE_71_length_4484_cov_548.473804","NODE_71_length_4484_cov_548.473804:2069..2183:Col(pHAD28)_1__KU674895:81.679389","","Col(pHAD28)",93.04,87.79,"2069","2183","1","115"
"jBBWXA8udJH12wFK6SRUnY","SAMEA115925719","NODE_75_length_4245_cov_396.555396","NODE_75_length_4245_cov_396.555396:4158..4245:Col(pHAD28)_1__KU674895:62.595420","","Col(pHAD28)",93.18,67.18,"4158","4245","1","88"
"jBBWXA8udJH12wFK6SRUnY","SAMEA115925719","NODE_92_length_2177_cov_27.800190","NODE_92_length_2177_cov_27.800190:810..1379:IncHI1B(pNDM-MAR)_1__JN420336:100.000000","","IncHI1B(pNDM-MAR)",100,100,"810","1379","1","570"
"mU9yEWqCpyz52t5ggREiez","SAMN05960966","NODE_23_length_69914_cov_29.211301","NODE_23_length_69914_cov_29.211301:60944..61091:IncFII(K)_1__CP000648:97.297297","","IncFII(K)",97.3,100,"60944","61091","1","148"
"mU9yEWqCpyz52t5ggREiez","SAMN05960966","NODE_33_length_40769_cov_37.344480","NODE_33_length_40769_cov_37.344480:5033..5283:IncR_1__DQ449578:100.000000","","IncR",100,100,"5033","5283","1","251"
"mU9yEWqCpyz52t5ggREiez","SAMN05960966","NODE_40_length_12262_cov_30.500206","NODE_40_length_12262_cov_30.500206:7582..8141:IncFIB(K)_1__JN233704:100.000000","","IncFIB(K)",100,100,"7582","8141","1","560"
"mU9yEWqCpyz52t5ggREiez","SAMN05960966","NODE_47_length_6250_cov_54.381239","NODE_47_length_6250_cov_54.381239:3576..3962:IncFIA(HI1)_1__AF250878:98.195876","","IncFIA(HI1)",98.45,99.74,"3576","3962","2","388"
"mU9yEWqCpyz52t5ggREiez","SAMN05960966","NODE_49_length_4595_cov_50.379004","NODE_49_length_4595_cov_50.379004:3126..3748:repB(R1701)_1__CP039970:99.197432","","repB(R1701)",99.2,100,"3126","3748","1","623"
"mU9yEWqCpyz52t5ggREiez","SAMN05960966","NODE_53_length_3412_cov_392.824328","NODE_53_length_3412_cov_392.824328:3131..3261:Col(pHAD28)_1__KU674895:92.366412","","Col(pHAD28)",92.37,100,"3131","3261","1","131"
"mU9yEWqCpyz52t5ggREiez","SAMN05960966","NODE_60_length_1930_cov_181.348990","NODE_60_length_1930_cov_181.348990:454..584:Col(pHAD28)_1__KU674895:94.656489","","Col(pHAD28)",94.66,100,"454","584","1","131"
"deos3gCFmYQxmsgmjQDH7U","SAMEA115925721","NODE_45_length_39385_cov_5.632867","NODE_45_length_39385_cov_5.632867:1537..1975:IncFIB(pNDM-Mar)_1__JN420336:99.772210","","IncFIB(pNDM-Mar)",99.77,100,"1537","1975","1","439"
"deos3gCFmYQxmsgmjQDH7U","SAMEA115925721","NODE_91_length_4570_cov_6.339488","NODE_91_length_4570_cov_6.339488:812..1381:IncHI1B(pNDM-MAR)_1__JN420336:100.000000","","IncHI1B(pNDM-MAR)",100,100,"812","1381","1","570"
"deos3gCFmYQxmsgmjQDH7U","SAMEA115925721","NODE_107_length_3370_cov_5.217602","NODE_107_length_3370_cov_5.217602:2286..2845:IncFIB(K)_1__JN233704:98.928571","","IncFIB(K)",98.93,100,"2286","2845","1","560"
"deos3gCFmYQxmsgmjQDH7U","SAMEA115925721","NODE_122_length_2569_cov_134.009623","NODE_122_length_2569_cov_134.009623:152..280:Col(pHAD28)_1__KU674895:94.656489","","Col(pHAD28)",96.12,98.47,"152","280","1","129"
"deos3gCFmYQxmsgmjQDH7U","SAMEA115925721","NODE_138_length_1997_cov_3.076483","NODE_138_length_1997_cov_3.076483:1257..1483:IncFII(pBK30683)_1__KF954760:100.000000","","IncFII(pBK30683)",100,100,"1257","1483","1","227"
"deos3gCFmYQxmsgmjQDH7U","SAMEA115925721","NODE_139_length_1992_cov_266.828899","NODE_139_length_1992_cov_266.828899:1579..1692:Col440I_1__CP023920:95.614035","","Col440I",95.61,100,"1579","1692","1","114"
"qSJ6YXKzWVB7Hh8TNTP9tA","SAMEA115925703","NODE_27_length_43968_cov_16.995307","NODE_27_length_43968_cov_16.995307:42093..42240:IncFII(K)_1__CP000648:95.945946","","IncFII(K)",95.95,100,"42093","42240","1","148"
"qSJ6YXKzWVB7Hh8TNTP9tA","SAMEA115925703","NODE_38_length_22004_cov_16.638333","NODE_38_length_22004_cov_16.638333:2288..2847:IncFIB(K)_1__JN233704:98.928571","","IncFIB(K)",98.93,100,"2288","2847","1","560"
"87PJxck965L12Gh9N8vXp6","SAMEA5753727","NODE_62_length_4226_cov_29.081900","NODE_62_length_4226_cov_29.081900:2513..2622:Col440I_1__CP023920:92.982456","","Col440I",96.36,96.49,"2513","2622","1","110"
"3dikTEvbuQAXQaWLF6wGmM","SAMEA5753354","NODE_50_length_11671_cov_22.085897","NODE_50_length_11671_cov_22.085897:4176..4735:IncFIB(K)_1__JN233704:98.928571","","IncFIB(K)",98.93,100,"4176","4735","1","560"
"3dikTEvbuQAXQaWLF6wGmM","SAMEA5753354","NODE_57_length_8700_cov_26.166492","NODE_57_length_8700_cov_26.166492:7732..8119:IncFIA(HI1)_1__AF250878:96.649485","","IncFIA(HI1)",96.65,100,"7732","8119","1","388"
"3dikTEvbuQAXQaWLF6wGmM","SAMEA5753354","NODE_66_length_5876_cov_23.025273","NODE_66_length_5876_cov_23.025273:575..825:IncR_1__DQ449578:100.000000","","IncR",100,100,"575","825","1","251"
"3dikTEvbuQAXQaWLF6wGmM","SAMEA5753354","NODE_84_length_1901_cov_34.147614","NODE_84_length_1901_cov_34.147614:264..379:Col(pHAD28)_1__KU674895:83.206107","","Col(pHAD28)",93.97,88.55,"264","379","1","116"
"3dikTEvbuQAXQaWLF6wGmM","SAMEA5753354","NODE_87_length_1688_cov_25.471995","NODE_87_length_1688_cov_25.471995:1023..1170:IncFII(K)_1__CP000648:97.297297","","IncFII(K)",97.3,100,"1023","1170","1","148"
"3dikTEvbuQAXQaWLF6wGmM","SAMEA5753354","NODE_96_length_1020_cov_23.783931","NODE_96_length_1020_cov_23.783931:758..905:IncFII(K)_1__CP000648:97.297297","","IncFII(K)",97.3,100,"758","905","1","148"
"85vFfmMxAWjqo18pNuvhoz","SAMEA4785013","NODE_27_length_44562_cov_38.963855","NODE_27_length_44562_cov_38.963855:3538..3685:IncFII(K)_1__CP000648:97.972973","","IncFII(K)",97.97,100,"3538","3685","1","148"
"85vFfmMxAWjqo18pNuvhoz","SAMEA4785013","NODE_34_length_28318_cov_39.514853","NODE_34_length_28318_cov_39.514853:17544..18283:IncFIB(pQil)_1__JN233705:100.000000","","IncFIB(pQil)",100,100,"17544","18283","1","740"
"85vFfmMxAWjqo18pNuvhoz","SAMEA4785013","NODE_39_length_19359_cov_80.070940","NODE_39_length_19359_cov_80.070940:13791..14041:IncR_1__DQ449578:100.000000","","IncR",100,100,"13791","14041","1","251"
"85vFfmMxAWjqo18pNuvhoz","SAMEA4785013","NODE_58_length_4065_cov_385.719799","NODE_58_length_4065_cov_385.719799:2455..2582:Col(pHAD28)_1__KU674895:89.378070","","Col(pHAD28)",91.47,97.71,"2455","2582","1","129"
"85vFfmMxAWjqo18pNuvhoz","SAMEA4785013","NODE_67_length_2852_cov_361.728844","NODE_67_length_2852_cov_361.728844:2053..2183:Col(pHAD28)_1__KU674895:92.366412","","Col(pHAD28)",92.37,100,"2053","2183","1","131"
"ptHiVHjPXfRZKwpSphHw3n","SAMEA115925723","NODE_110_length_12462_cov_4.039964","NODE_110_length_12462_cov_4.039964:6815..7109:IncFIA(pBK30683)_1__KF954760:97.288136","","IncFIA(pBK30683)",97.29,100,"6815","7109","1","295"
"ptHiVHjPXfRZKwpSphHw3n","SAMEA115925723","NODE_146_length_4854_cov_165.171166","NODE_146_length_4854_cov_165.171166:4597..4727:Col(pHAD28)_1__KU674895:92.366412","","Col(pHAD28)",92.37,100,"4597","4727","1","131"
"ptHiVHjPXfRZKwpSphHw3n","SAMEA115925723","NODE_151_length_4586_cov_3.747506","NODE_151_length_4586_cov_3.747506:1729..1876:IncFII(K)_1__CP000648:95.945946","","IncFII(K)",95.95,100,"1729","1876","1","148"
"ptHiVHjPXfRZKwpSphHw3n","SAMEA115925723","NODE_160_length_3726_cov_182.426185","NODE_160_length_3726_cov_182.426185:128..258:Col(pHAD28)_1__KU674895:93.129771","","Col(pHAD28)",93.13,100,"128","258","1","131"
"8LLpFVCdS1PrSrLbyHVaST","SAMN41988735","NODE_16_length_41312_cov_40.387208","NODE_16_length_41312_cov_40.387208:2670..3239:IncHI1B(pNDM-MAR)_1__JN420336:99.824561","","IncHI1B(pNDM-MAR)",99.82,100,"2670","3239","1","570"
"8LLpFVCdS1PrSrLbyHVaST","SAMN41988735","NODE_22_length_27799_cov_41.001011","NODE_22_length_27799_cov_41.001011:14829..15388:repB_KLEB_VIR_AP006726:100.000000","","repB",100,100,"14829","15388","1","560"
"8LLpFVCdS1PrSrLbyHVaST","SAMN41988735","NODE_26_length_10568_cov_4.943643","NODE_26_length_10568_cov_4.943643:4833..5083:IncR_1__DQ449578:100.000000","","IncR",100,100,"4833","5083","1","251"
"8LLpFVCdS1PrSrLbyHVaST","SAMN41988735","NODE_27_length_9805_cov_5.718525","NODE_27_length_9805_cov_5.718525:6953..7339:IncFIA(HI1)_1__AF250878:98.195876","","IncFIA(HI1)",98.45,99.74,"6953","7339","2","388"
"43FEb4GXdhp3cEAaSbWjBv","SAMEA7472411","NODE_17_length_87724_cov_21.727806","NODE_17_length_87724_cov_21.727806:29040..29609:IncHI1B(pNDM-MAR)_1__JN420336:99.298246","","IncHI1B(pNDM-MAR)",99.3,100,"29040","29609","1","570"
"43FEb4GXdhp3cEAaSbWjBv","SAMEA7472411","NODE_17_length_87724_cov_21.727806","NODE_17_length_87724_cov_21.727806:10515..11074:repB_KLEB_VIR_AP006726:100.000000","","repB",100,100,"10515","11074","1","560"
"43FEb4GXdhp3cEAaSbWjBv","SAMEA7472411","NODE_40_length_4287_cov_221.894938","NODE_40_length_4287_cov_221.894938:1160..1290:Col(pHAD28)_1__KU674895:93.893130","","Col(pHAD28)",93.89,100,"1160","1290","1","131"
"uUpNEneKmgYQtETf9ghiUv","SAMEA7472462","NODE_24_length_72274_cov_9.279349","NODE_24_length_72274_cov_9.279349:9093..9240:IncFII(K)_1__CP000648:97.297297","","IncFII(K)",97.3,100,"9093","9240","1","148"
"uUpNEneKmgYQtETf9ghiUv","SAMEA7472462","NODE_42_length_12503_cov_10.281603","NODE_42_length_12503_cov_10.281603:4125..4684:IncFIB(K)_1__JN233704:100.000000","","IncFIB(K)",100,100,"4125","4684","1","560"
"uUpNEneKmgYQtETf9ghiUv","SAMEA7472462","NODE_51_length_4449_cov_208.998851","NODE_51_length_4449_cov_208.998851:1424..1554:Col(pHAD28)_1__KU674895:92.366412","","Col(pHAD28)",92.37,100,"1424","1554","1","131"
"c9h9kcdQiPzKhFFe3UtP9v","SAMEA6155838","NODE_23_length_12809_cov_6.557278","NODE_23_length_12809_cov_6.557278:4932..5182:IncR_1__DQ449578:100.000000","","IncR",100,100,"4932","5182","1","251"
"c9h9kcdQiPzKhFFe3UtP9v","SAMEA6155838","NODE_27_length_10041_cov_4.144538","NODE_27_length_10041_cov_4.144538:4983..5542:IncFIB(K)_1__JN233704:98.750000","","IncFIB(K)",98.75,100,"4983","5542","1","560"
"c9h9kcdQiPzKhFFe3UtP9v","SAMEA6155838","NODE_31_length_5501_cov_4.427064","NODE_31_length_5501_cov_4.427064:3030..3257:IncFII(pKP91)_1__CP000966:94.816784","","IncFII(pKP91)",96.07,98.7,"3030","3257","3","230"
"aKHZjRjNNmn3HymxZeqUxb","SAMEA5753792","NODE_38_length_20856_cov_16.036373","NODE_38_length_20856_cov_16.036373:6254..6813:IncFIB(K)_1__JN233704:98.928571","","IncFIB(K)",98.93,100,"6254","6813","1","560"
"aKHZjRjNNmn3HymxZeqUxb","SAMEA5753792","NODE_69_length_3950_cov_29.948844","NODE_69_length_3950_cov_29.948844:2790..3070:Col440II_1__CP023921:90.425532","","Col440II",90.75,99.65,"2790","3070","2","282"
"aKHZjRjNNmn3HymxZeqUxb","SAMEA5753792","NODE_69_length_3950_cov_29.948844","NODE_69_length_3950_cov_29.948844:3653..3771:Col(pHAD28)_1__KU674895:83.969466","","Col(pHAD28)",92.44,90.84,"3653","3771","1","119"
"aKHZjRjNNmn3HymxZeqUxb","SAMEA5753792","NODE_81_length_2043_cov_17.172325","NODE_81_length_2043_cov_17.172325:690..940:IncR_1__DQ449578:99.203187","","IncR",99.2,100,"690","940","1","251"
"cLPoF1A7AnHCaibQsPz2zV","SAMEA5753738","NODE_56_length_18798_cov_12.293117","NODE_56_length_18798_cov_12.293117:12450..12837:IncFIA(HI1)_1__AF250878:96.649485","","IncFIA(HI1)",96.65,100,"12450","12837","1","388"
"cLPoF1A7AnHCaibQsPz2zV","SAMEA5753738","NODE_66_length_11252_cov_7.449386","NODE_66_length_11252_cov_7.449386:859..1623:IncY_1__K02380:99.477124","","IncY",99.48,100,"859","1623","1","765"
"cLPoF1A7AnHCaibQsPz2zV","SAMEA5753738","NODE_68_length_10978_cov_4.775531","NODE_68_length_10978_cov_4.775531:8619..9178:IncFIB(pKPHS1)_1__CP003223:95.357143","","IncFIB(pKPHS1)",95.36,100,"8619","9178","1","560"
"cLPoF1A7AnHCaibQsPz2zV","SAMEA5753738","NODE_77_length_8298_cov_12.649591","NODE_77_length_8298_cov_12.649591:5994..6553:IncFIB(K)_1__JN233704:98.928571","","IncFIB(K)",98.93,100,"5994","6553","1","560"
"cLPoF1A7AnHCaibQsPz2zV","SAMEA5753738","NODE_90_length_6107_cov_24.349534","NODE_90_length_6107_cov_24.349534:446..576:Col(pHAD28)_1__KU674895:94.656489","","Col(pHAD28)",94.66,100,"446","576","1","131"
"cLPoF1A7AnHCaibQsPz2zV","SAMEA5753738","NODE_90_length_6107_cov_24.349534","NODE_90_length_6107_cov_24.349534:4778..4891:Col440I_1__CP023920:96.491228","","Col440I",96.49,100,"4778","4891","1","114"
"cLPoF1A7AnHCaibQsPz2zV","SAMEA5753738","NODE_98_length_4722_cov_10.802248","NODE_98_length_4722_cov_10.802248:2837..2984:IncFII(K)_1__CP000648:95.945946","","IncFII(K)",95.95,100,"2837","2984","1","148"
"cLPoF1A7AnHCaibQsPz2zV","SAMEA5753738","NODE_121_length_2666_cov_14.226334","NODE_121_length_2666_cov_14.226334:23..152:Col(pHAD28)_1__KU674895:92.418857","","Col(pHAD28)",93.13,99.24,"23","152","1","131"
"cLPoF1A7AnHCaibQsPz2zV","SAMEA5753738","NODE_125_length_2594_cov_29.515030","NODE_125_length_2594_cov_29.515030:374..502:Col(pHAD28)_1__KU674895:94.656489","","Col(pHAD28)",96.12,98.47,"374","502","1","129"
"jKvEssiC3yAVNGhJtayyUD","SAMEA6654220","NODE_25_length_39036_cov_10.148291","NODE_25_length_39036_cov_10.148291:37137..37284:IncFII(K)_1__CP000648:95.945946","","IncFII(K)",95.95,100,"37137","37284","1","148"
"jKvEssiC3yAVNGhJtayyUD","SAMEA6654220","NODE_29_length_35603_cov_18.141364","NODE_29_length_35603_cov_18.141364:30493..30866:IncX3_1__JN247852:100.000000","","IncX3",100,100,"30493","30866","1","374"
"jKvEssiC3yAVNGhJtayyUD","SAMEA6654220","NODE_40_length_19681_cov_9.847973","NODE_40_length_19681_cov_9.847973:14887..15325:IncFIB(pNDM-Mar)_1__JN420336:99.316629","","IncFIB(pNDM-Mar)",99.32,100,"14887","15325","1","439"
"jKvEssiC3yAVNGhJtayyUD","SAMEA6654220","NODE_42_length_14353_cov_9.761190","NODE_42_length_14353_cov_9.761190:12955..13577:repB(R1701)_1__CP039970:99.518459","","repB(R1701)",99.52,100,"12955","13577","1","623"
"jKvEssiC3yAVNGhJtayyUD","SAMEA6654220","NODE_50_length_8766_cov_21.461982","NODE_50_length_8766_cov_21.461982:2628..2856:ColKP3_1__JN205800:81.785714","","ColKP3",100,81.79,"2628","2856","1","229"
"jKvEssiC3yAVNGhJtayyUD","SAMEA6654220","NODE_59_length_4582_cov_8.539371","NODE_59_length_4582_cov_8.539371:94..622:IncQ1_1__M28829:66.457286","","IncQ1",100,66.46,"94","622","1","529"
"v14mp2i8gwWnMRM21sjxpA","SAMEA6155854","NODE_17_length_60849_cov_8.693317","NODE_17_length_60849_cov_8.693317:3224..3783:IncFIB(K)_1__JN233704:98.750000","","IncFIB(K)",98.75,100,"3224","3783","1","560"
"v14mp2i8gwWnMRM21sjxpA","SAMEA6155854","NODE_17_length_60849_cov_8.693317","NODE_17_length_60849_cov_8.693317:58670..58899:IncFII(pKP91)_1__CP000966:100.000000","","IncFII(pKP91)",100,100,"58670","58899","1","230"
"v14mp2i8gwWnMRM21sjxpA","SAMEA6155854","NODE_18_length_46741_cov_13.465546","NODE_18_length_46741_cov_13.465546:10879..11129:IncR_1__DQ449578:99.601594","","IncR",99.6,100,"10879","11129","1","251"
"v14mp2i8gwWnMRM21sjxpA","SAMEA6155854","NODE_18_length_46741_cov_13.465546","NODE_18_length_46741_cov_13.465546:2035..2165:Col(pHAD28)_1__KU674895:93.129771","","Col(pHAD28)",93.13,100,"2035","2165","1","131"
"v14mp2i8gwWnMRM21sjxpA","SAMEA6155854","NODE_34_length_2610_cov_67.483074","NODE_34_length_2610_cov_67.483074:1491..1600:Col440I_1__CP023920:88.596491","","Col440I",91.82,96.49,"1491","1600","1","110"
"m2GtyCCQgQRVk91EqqtwyE","SAMEA4785007","NODE_25_length_85767_cov_46.443892","NODE_25_length_85767_cov_46.443892:13098..13536:IncFIB(pNDM-Mar)_1__JN420336:99.316629","","IncFIB(pNDM-Mar)",99.32,100,"13098","13536","1","439"
"m2GtyCCQgQRVk91EqqtwyE","SAMEA4785007","NODE_34_length_51612_cov_37.096416","NODE_34_length_51612_cov_37.096416:9274..9421:IncFII(K)_1__CP000648:100.000000","","IncFII(K)",100,100,"9274","9421","1","148"
"m2GtyCCQgQRVk91EqqtwyE","SAMEA4785007","NODE_55_length_12397_cov_41.527593","NODE_55_length_12397_cov_41.527593:7687..8246:IncFIB(K)_1__JN233704:100.000000","","IncFIB(K)",100,100,"7687","8246","1","560"
"m2GtyCCQgQRVk91EqqtwyE","SAMEA4785007","NODE_57_length_10729_cov_61.857612","NODE_57_length_10729_cov_61.857612:5500..5750:IncR_1__DQ449578:100.000000","","IncR",100,100,"5500","5750","1","251"
"m2GtyCCQgQRVk91EqqtwyE","SAMEA4785007","NODE_59_length_8899_cov_72.330689","NODE_59_length_8899_cov_72.330689:5908..6530:repB(R1701)_1__CP039970:99.197432","","repB(R1701)",99.2,100,"5908","6530","1","623"
"m2GtyCCQgQRVk91EqqtwyE","SAMEA4785007","NODE_60_length_8789_cov_38.268878","NODE_60_length_8789_cov_38.268878:2411..2980:IncHI1B(pNDM-MAR)_1__JN420336:100.000000","","IncHI1B(pNDM-MAR)",100,100,"2411","2980","1","570"
"m2GtyCCQgQRVk91EqqtwyE","SAMEA4785007","NODE_63_length_5970_cov_65.675657","NODE_63_length_5970_cov_65.675657:3326..3712:IncFIA(HI1)_1__AF250878:98.195876","","IncFIA(HI1)",98.45,99.74,"3326","3712","2","388"
"m2GtyCCQgQRVk91EqqtwyE","SAMEA4785007","NODE_67_length_4565_cov_313.011136","NODE_67_length_4565_cov_313.011136:176..289:Col440I_1__CP023920:97.368421","","Col440I",97.37,100,"176","289","1","114"
"hoocsxPfXfnsg2XLutMNAK","SAMEA7472365","NODE_45_length_12236_cov_6.005356","NODE_45_length_12236_cov_6.005356:4176..4735:IncFIB(K)_1__JN233704:100.000000","","IncFIB(K)",100,100,"4176","4735","1","560"
"hoocsxPfXfnsg2XLutMNAK","SAMEA7472365","NODE_48_length_11059_cov_8.782026","NODE_48_length_11059_cov_8.782026:5487..5737:IncR_1__DQ449578:100.000000","","IncR",100,100,"5487","5737","1","251"
"hoocsxPfXfnsg2XLutMNAK","SAMEA7472365","NODE_54_length_8842_cov_8.681574","NODE_54_length_8842_cov_8.681574:2442..3011:IncHI1B(pNDM-MAR)_1__JN420336:100.000000","","IncHI1B(pNDM-MAR)",100,100,"2442","3011","1","570"
"hoocsxPfXfnsg2XLutMNAK","SAMEA7472365","NODE_76_length_3761_cov_9.676133","NODE_76_length_3761_cov_9.676133:1560..1998:IncFIB(pNDM-Mar)_1__JN420336:100.000000","","IncFIB(pNDM-Mar)",100,100,"1560","1998","1","439"
"hoocsxPfXfnsg2XLutMNAK","SAMEA7472365","NODE_78_length_3317_cov_268.531386","NODE_78_length_3317_cov_268.531386:3164..3294:Col(pHAD28)_1__KU674895:92.366412","","Col(pHAD28)",92.37,100,"3164","3294","1","131"
"hoocsxPfXfnsg2XLutMNAK","SAMEA7472365","NODE_84_length_2710_cov_5.229031","NODE_84_length_2710_cov_5.229031:1901..2048:IncFII(K)_1__CP000648:97.297297","","IncFII(K)",97.3,100,"1901","2048","1","148"
"9z1oeZUBBJAF8C3UyBvx4E","SAMEA12311723","NODE_79_length_10455_cov_47.284087","NODE_79_length_10455_cov_47.284087:8270..8384:Col(pHAD28)_1__KU674895:81.679389","","Col(pHAD28)",93.04,87.79,"8270","8384","1","115"
"9z1oeZUBBJAF8C3UyBvx4E","SAMEA12311723","NODE_81_length_9496_cov_23.167713","NODE_81_length_9496_cov_23.167713:8254..8383:ColRNAI_1__DQ298019:100.000000","","ColRNAI",100,100,"8254","8383","1","130"
"9z1oeZUBBJAF8C3UyBvx4E","SAMEA12311723","NODE_92_length_6864_cov_4.450325","NODE_92_length_6864_cov_4.450325:4666..5105:IncFIB(pNDM-Mar)_1__JN420336:99.772727","","IncFIB(pNDM-Mar)",99.77,100,"4666","5105","1","439"
"9z1oeZUBBJAF8C3UyBvx4E","SAMEA12311723","NODE_93_length_6367_cov_7.363593","NODE_93_length_6367_cov_7.363593:559..1181:repB(R1701)_1__CP039970:98.876404","","repB(R1701)",98.88,100,"559","1181","1","623"
"9z1oeZUBBJAF8C3UyBvx4E","SAMEA12311723","NODE_137_length_2305_cov_4.131460","NODE_137_length_2305_cov_4.131460:848..1417:IncHI1B(pNDM-MAR)_1__JN420336:100.000000","","IncHI1B(pNDM-MAR)",100,100,"848","1417","1","570"
"mjYYGyn7pj1GTEgBMVbm57","SAMEA6155872","NODE_5_length_294428_cov_6.828957","NODE_5_length_294428_cov_6.828957:240289..240858:IncHI1B(pNDM-MAR)_1__JN420336:99.649123","","IncHI1B(pNDM-MAR)",99.65,100,"240289","240858","1","570"
"mjYYGyn7pj1GTEgBMVbm57","SAMEA6155872","NODE_5_length_294428_cov_6.828957","NODE_5_length_294428_cov_6.828957:151794..152232:IncFIB(pNDM-Mar)_1__JN420336:99.544419","","IncFIB(pNDM-Mar)",99.54,100,"151794","152232","1","439"
"mjYYGyn7pj1GTEgBMVbm57","SAMEA6155872","NODE_45_length_18246_cov_5.497823","NODE_45_length_18246_cov_5.497823:4176..4735:IncFIB(K)_1__JN233704:98.750000","","IncFIB(K)",98.75,100,"4176","4735","1","560"
"mjYYGyn7pj1GTEgBMVbm57","SAMEA6155872","NODE_51_length_8705_cov_4.978968","NODE_51_length_8705_cov_4.978968:2025..2172:IncFII(K)_1__CP000648:97.972973","","IncFII(K)",97.97,100,"2025","2172","1","148"
"eb7Qrn3aAFtT9DavapU5Hy","SAMEA5753317","NODE_34_length_47033_cov_23.069225","NODE_34_length_47033_cov_23.069225:19347..20086:IncFIB(pQil)_1__JN233705:100.000000","","IncFIB(pQil)",100,100,"19347","20086","1","740"
"eb7Qrn3aAFtT9DavapU5Hy","SAMEA5753317","NODE_38_length_39673_cov_22.920832","NODE_38_length_39673_cov_22.920832:1191..1338:IncFII(K)_1__CP000648:95.270270","","IncFII(K)",95.27,100,"1191","1338","1","148"
"eb7Qrn3aAFtT9DavapU5Hy","SAMEA5753317","NODE_60_length_19836_cov_19.382834","NODE_60_length_19836_cov_19.382834:14430..14680:IncR_1__DQ449578:99.601594","","IncR",99.6,100,"14430","14680","1","251"
"eb7Qrn3aAFtT9DavapU5Hy","SAMEA5753317","NODE_70_length_10778_cov_13.148516","NODE_70_length_10778_cov_13.148516:8571..9008:RepB_1_pC39_CP061702.1:99.543379","","RepB",99.54,100,"8571","9008","1","438"
"eb7Qrn3aAFtT9DavapU5Hy","SAMEA5753317","NODE_74_length_8498_cov_17.925206","NODE_74_length_8498_cov_17.925206:4618..5177:IncFIB(K)(pCAV1099-114)_1__CP011596:100.000000","","IncFIB(K)(pCAV1099-114)",100,100,"4618","5177","1","560"
"eb7Qrn3aAFtT9DavapU5Hy","SAMEA5753317","NODE_97_length_2594_cov_30.247695","NODE_97_length_2594_cov_30.247695:546..674:Col(pHAD28)_1__KU674895:94.656489","","Col(pHAD28)",96.12,98.47,"546","674","1","129"
"eb7Qrn3aAFtT9DavapU5Hy","SAMEA5753317","NODE_99_length_2416_cov_30.862754","NODE_99_length_2416_cov_30.862754:1124..1237:Col440I_1__CP023920:96.491228","","Col440I",96.49,100,"1124","1237","1","114"
"2mJG6aY8YTfLy2ghLcMvcU","SAMEA7472355","NODE_20_length_93949_cov_22.719041","NODE_20_length_93949_cov_22.719041:64889..65448:IncFIB(K)_1__JN233704:98.928571","","IncFIB(K)",98.93,100,"64889","65448","1","560"
"2mJG6aY8YTfLy2ghLcMvcU","SAMEA7472355","NODE_22_length_73345_cov_22.247863","NODE_22_length_73345_cov_22.247863:61824..61971:IncFII(K)_1__CP000648:97.297297","","IncFII(K)",97.3,100,"61824","61971","1","148"
"2mJG6aY8YTfLy2ghLcMvcU","SAMEA7472355","NODE_35_length_4582_cov_18.964533","NODE_35_length_4582_cov_18.964533:93..621:IncQ1_1__M28829:66.457286","","IncQ1",100,66.46,"93","621","1","529"
"2mJG6aY8YTfLy2ghLcMvcU","SAMEA7472355","NODE_37_length_3448_cov_203.377128","NODE_37_length_3448_cov_203.377128:1451..1559:Col440I_1__CP023920:92.137161","","Col440I",96.36,95.61,"1451","1559","1","110"
"udYSjTG1qwdx9E8AefFSHg","SAMEA5753356","NODE_19_length_95775_cov_26.519064","NODE_19_length_95775_cov_26.519064:5789..6348:IncFIB(K)_1__JN233704:99.642857","","IncFIB(K)",99.64,100,"5789","6348","1","560"
"udYSjTG1qwdx9E8AefFSHg","SAMEA5753356","NODE_19_length_95775_cov_26.519064","NODE_19_length_95775_cov_26.519064:93382..93611:IncFII(pKP91)_1__CP000966:100.000000","","IncFII(pKP91)",100,100,"93382","93611","1","230"
"udYSjTG1qwdx9E8AefFSHg","SAMEA5753356","NODE_42_length_5996_cov_34.888757","NODE_42_length_5996_cov_34.888757:2023..2153:Col(pHAD28)_1__KU674895:94.656489","","Col(pHAD28)",94.66,100,"2023","2153","1","131"
"udYSjTG1qwdx9E8AefFSHg","SAMEA5753356","NODE_48_length_3708_cov_34.341092","NODE_48_length_3708_cov_34.341092:597..710:Col440I_1__CP023920:97.368421","","Col440I",97.37,100,"597","710","1","114"
"gnwExAtn8aB3Sh7bHjWrkW","SAMEA6422780","NODE_23_length_44537_cov_14.196769","NODE_23_length_44537_cov_14.196769:35435..35994:IncFIB(K)(pCAV1099-114)_1__CP011596:99.642857","","IncFIB(K)(pCAV1099-114)",99.64,100,"35435","35994","1","560"
"gnwExAtn8aB3Sh7bHjWrkW","SAMEA6422780","NODE_23_length_44537_cov_14.196769","NODE_23_length_44537_cov_14.196769:43280..43722:repFIB_pC39_CP061701:97.968397","","repFIB",97.97,100,"43280","43722","1","443"
"pkNR3coqAs41UDm1TjHtVx","SAMEA6155869","NODE_17_length_83617_cov_6.802962","NODE_17_length_83617_cov_6.802962:8993..9140:IncFII(K)_1__CP000648:97.297297","","IncFII(K)",97.3,100,"8993","9140","1","148"
"pkNR3coqAs41UDm1TjHtVx","SAMEA6155869","NODE_27_length_12481_cov_6.168713","NODE_27_length_12481_cov_6.168713:4125..4684:IncFIB(K)_1__JN233704:100.000000","","IncFIB(K)",100,100,"4125","4684","1","560"
"wGwgZmQ8x9oZcrAjjxfoDy","SAMEA6654224","NODE_13_length_81390_cov_7.327761","NODE_13_length_81390_cov_7.327761:50520..50747:IncFII(pKP91)_1__CP000966:94.385798","","IncFII(pKP91)",95.63,98.7,"50520","50747","3","230"
"wGwgZmQ8x9oZcrAjjxfoDy","SAMEA6654224","NODE_14_length_60575_cov_8.945565","NODE_14_length_60575_cov_8.945565:2436..2995:IncFIB(K)_1__JN233704:99.107143","","IncFIB(K)",99.11,100,"2436","2995","1","560"
"wGwgZmQ8x9oZcrAjjxfoDy","SAMEA6654224","NODE_14_length_60575_cov_8.945565","NODE_14_length_60575_cov_8.945565:29120..29558:IncFIB(pNDM-Mar)_1__JN420336:99.316629","","IncFIB(pNDM-Mar)",99.32,100,"29120","29558","1","439"
"wGwgZmQ8x9oZcrAjjxfoDy","SAMEA6654224","NODE_17_length_35603_cov_14.562753","NODE_17_length_35603_cov_14.562753:4738..5111:IncX3_1__JN247852:100.000000","","IncX3",100,100,"4738","5111","1","374"
"wGwgZmQ8x9oZcrAjjxfoDy","SAMEA6654224","NODE_24_length_12700_cov_16.214507","NODE_24_length_12700_cov_16.214507:6562..6790:ColKP3_1__JN205800:81.785714","","ColKP3",100,81.79,"6562","6790","1","229"
"wGwgZmQ8x9oZcrAjjxfoDy","SAMEA6654224","NODE_31_length_4579_cov_6.672098","NODE_31_length_4579_cov_6.672098:93..621:IncQ1_1__M28829:66.457286","","IncQ1",100,66.46,"93","621","1","529"
"pcrXU5kynsB1PCESpWGNH4","SAMN31892426","NODE_28_length_35938_cov_32.035213","NODE_28_length_35938_cov_32.035213:5400..5694:IncFIA(pBK30683)_1__KF954760:99.661017","","IncFIA(pBK30683)",99.66,100,"5400","5694","1","295"
"bjsEga6MiZDiitdb3bdRiH","SAMN05960938","NODE_16_length_59884_cov_27.568086","NODE_16_length_59884_cov_27.568086:57985..58132:IncFII(K)_1__CP000648:95.945946","","IncFII(K)",95.95,100,"57985","58132","1","148"
"bjsEga6MiZDiitdb3bdRiH","SAMN05960938","NODE_26_length_8728_cov_28.496002","NODE_26_length_8728_cov_28.496002:4126..4685:IncFIB(K)_1__JN233704:98.928571","","IncFIB(K)",98.93,100,"4126","4685","1","560"
"phs67xfBWNQemLZ4RhzKqc","SAMEA6155814","NODE_24_length_41617_cov_17.780673","NODE_24_length_41617_cov_17.780673:22210..22460:IncR_1__DQ449578:99.203187","","IncR",99.2,100,"22210","22460","1","251"
"phs67xfBWNQemLZ4RhzKqc","SAMEA6155814","NODE_38_length_11733_cov_10.052604","NODE_38_length_11733_cov_10.052604:5272..5831:IncFIB(K)(pCAV1099-114)_1__CP011596:100.000000","","IncFIB(K)(pCAV1099-114)",100,100,"5272","5831","1","560"
"phs67xfBWNQemLZ4RhzKqc","SAMEA6155814","NODE_48_length_3888_cov_153.873581","NODE_48_length_3888_cov_153.873581:1893..2023:Col(pHAD28)_1__KU674895:92.366412","","Col(pHAD28)",92.37,100,"1893","2023","1","131"
"wLmNuoXQx7aJEsUNtVkqeQ","SAMEA6422736","NODE_21_length_46255_cov_17.536073","NODE_21_length_46255_cov_17.536073:836..1405:IncHI1B(pNDM-MAR)_1__JN420336:100.000000","","IncHI1B(pNDM-MAR)",100,100,"836","1405","1","570"
"wLmNuoXQx7aJEsUNtVkqeQ","SAMEA6422736","NODE_21_length_46255_cov_17.536073","NODE_21_length_46255_cov_17.536073:37151..37710:IncFIB(K)(pCAV1099-114)_1__CP011596:99.642857","","IncFIB(K)(pCAV1099-114)",99.64,100,"37151","37710","1","560"
"wLmNuoXQx7aJEsUNtVkqeQ","SAMEA6422736","NODE_21_length_46255_cov_17.536073","NODE_21_length_46255_cov_17.536073:44996..45438:repFIB_pC39_CP061701:97.968397","","repFIB",97.97,100,"44996","45438","1","443"
"wLmNuoXQx7aJEsUNtVkqeQ","SAMEA6422736","NODE_22_length_43040_cov_23.044852","NODE_22_length_43040_cov_23.044852:23064..23451:IncFIA(HI1)_1__AF250878:97.164948","","IncFIA(HI1)",97.16,100,"23064","23451","1","388"
"wLmNuoXQx7aJEsUNtVkqeQ","SAMEA6422736","NODE_22_length_43040_cov_23.044852","NODE_22_length_43040_cov_23.044852:7347..7576:IncFII(pKP91)_1__CP000966:100.000000","","IncFII(pKP91)",100,100,"7347","7576","1","230"
"wLmNuoXQx7aJEsUNtVkqeQ","SAMEA6422736","NODE_23_length_39581_cov_64.554708","NODE_23_length_39581_cov_64.554708:7593..7819:IncFII(pBK30683)_1__KF954760:98.678414","","IncFII(pBK30683)",98.68,100,"7593","7819","1","227"
"wLmNuoXQx7aJEsUNtVkqeQ","SAMEA6422736","NODE_25_length_32950_cov_25.315516","NODE_25_length_32950_cov_25.315516:3854..4593:IncFIB(pQil)_1__JN233705:99.864865","","IncFIB(pQil)",99.86,100,"3854","4593","1","740"
"wLmNuoXQx7aJEsUNtVkqeQ","SAMEA6422736","NODE_35_length_14866_cov_31.837814","NODE_35_length_14866_cov_31.837814:11220..11470:IncR_1__DQ449578:100.000000","","IncR",100,100,"11220","11470","1","251"
"wLmNuoXQx7aJEsUNtVkqeQ","SAMEA6422736","NODE_45_length_7645_cov_184.296051","NODE_45_length_7645_cov_184.296051:4549..4662:Col440I_1__CP023920:95.614035","","Col440I",95.61,100,"4549","4662","1","114"
"wLmNuoXQx7aJEsUNtVkqeQ","SAMEA6422736","NODE_63_length_3752_cov_255.578702","NODE_63_length_3752_cov_255.578702:3573..3681:Col440I_1__CP023920:88.596491","","Col440I",92.66,95.61,"3573","3681","1","109"
"wLmNuoXQx7aJEsUNtVkqeQ","SAMEA6422736","NODE_65_length_3400_cov_150.947289","NODE_65_length_3400_cov_150.947289:274..404:Col(pHAD28)_1__KU674895:91.603053","","Col(pHAD28)",91.6,100,"274","404","1","131"
"3DKNa7b6peEvLjs1NJ8Yg9","SAMN05960963","NODE_18_length_45457_cov_21.982142","NODE_18_length_45457_cov_21.982142:12590..13149:IncFIB(K)_1__JN233704:99.464286","","IncFIB(K)",99.46,100,"12590","13149","1","560"
"3DKNa7b6peEvLjs1NJ8Yg9","SAMN05960963","NODE_19_length_45167_cov_20.763380","NODE_19_length_45167_cov_20.763380:18234..18528:IncFIA(pBK30683)_1__KF954760:94.915254","","IncFIA(pBK30683)",94.92,100,"18234","18528","1","295"
"3DKNa7b6peEvLjs1NJ8Yg9","SAMN05960963","NODE_36_length_4468_cov_309.535592","NODE_36_length_4468_cov_309.535592:1376..1489:Col440I_1__CP023920:95.614035","","Col440I",95.61,100,"1376","1489","1","114"
"3DKNa7b6peEvLjs1NJ8Yg9","SAMN05960963","NODE_37_length_3976_cov_24.272633","NODE_37_length_3976_cov_24.272633:2537..2684:IncFII(K)_1__CP000648:98.648649","","IncFII(K)",98.65,100,"2537","2684","1","148"
"3DKNa7b6peEvLjs1NJ8Yg9","SAMN05960963","NODE_38_length_3697_cov_22.367426","NODE_38_length_3697_cov_22.367426:2258..2405:IncFII(K)_1__CP000648:97.297297","","IncFII(K)",97.3,100,"2258","2405","1","148"
"83GFGNxEQ55fVsFYZGs5gK","SAMEA6155862","NODE_35_length_12603_cov_6.401951","NODE_35_length_12603_cov_6.401951:7582..7832:IncR_1__DQ449578:100.000000","","IncR",100,100,"7582","7832","1","251"
"83GFGNxEQ55fVsFYZGs5gK","SAMEA6155862","NODE_36_length_12068_cov_6.411814","NODE_36_length_12068_cov_6.411814:2257..2404:IncFII(K)_1__CP000648:97.297297","","IncFII(K)",97.3,100,"2257","2404","1","148"
"83GFGNxEQ55fVsFYZGs5gK","SAMEA6155862","NODE_37_length_11394_cov_4.259495","NODE_37_length_11394_cov_4.259495:4226..4785:IncFIB(K)_1__JN233704:98.928571","","IncFIB(K)",98.93,100,"4226","4785","1","560"
"83GFGNxEQ55fVsFYZGs5gK","SAMEA6155862","NODE_41_length_8680_cov_8.064095","NODE_41_length_8680_cov_8.064095:7352..7974:repB(R1701)_1__CP039970:98.715891","","repB(R1701)",98.72,100,"7352","7974","1","623"
"83GFGNxEQ55fVsFYZGs5gK","SAMEA6155862","NODE_51_length_4659_cov_8.338377","NODE_51_length_4659_cov_8.338377:3372..3519:IncFII(K)_1__CP000648:95.270270","","IncFII(K)",95.27,100,"3372","3519","1","148"
"tfFNVKNbmL8cWoRQhNWp59","SAMEA6422735","NODE_16_length_85025_cov_9.721001","NODE_16_length_85025_cov_9.721001:75579..75726:IncFII(K)_1__CP000648:97.297297","","IncFII(K)",97.3,100,"75579","75726","1","148"
"tfFNVKNbmL8cWoRQhNWp59","SAMEA6422735","NODE_21_length_12480_cov_9.370487","NODE_21_length_12480_cov_9.370487:4125..4684:IncFIB(K)_1__JN233704:100.000000","","IncFIB(K)",100,100,"4125","4684","1","560"
"tfFNVKNbmL8cWoRQhNWp59","SAMEA6422735","NODE_26_length_4810_cov_22.786669","NODE_26_length_4810_cov_22.786669:3184..3314:Col(pHAD28)_1__KU674895:94.656489","","Col(pHAD28)",94.66,100,"3184","3314","1","131"
"tfFNVKNbmL8cWoRQhNWp59","SAMEA6422735","NODE_30_length_3313_cov_32.281269","NODE_30_length_3313_cov_32.281269:2823..2953:Col(pHAD28)_1__KU674895:92.366412","","Col(pHAD28)",92.37,100,"2823","2953","1","131"
"vJYckjzrYprKU3MEzNj7Fp","SAMEA111503612","NODE_24_length_46504_cov_23.949402","NODE_24_length_46504_cov_23.949402:1799..1946:IncFII(K)_1__CP000648:95.945946","","IncFII(K)",95.95,100,"1799","1946","1","148"
"vJYckjzrYprKU3MEzNj7Fp","SAMEA111503612","NODE_35_length_17074_cov_24.235523","NODE_35_length_17074_cov_24.235523:3301..3860:IncFIB(K)_1__JN233704:98.750000","","IncFIB(K)",98.75,100,"3301","3860","1","560"
"vJYckjzrYprKU3MEzNj7Fp","SAMEA111503612","NODE_39_length_9394_cov_132.628402","NODE_39_length_9394_cov_132.628402:3366..3495:ColRNAI_1__DQ298019:100.000000","","ColRNAI",100,100,"3366","3495","1","130"
"vJYckjzrYprKU3MEzNj7Fp","SAMEA111503612","NODE_46_length_3597_cov_165.610635","NODE_46_length_3597_cov_165.610635:1589..1716:Col(pHAD28)_1__KU674895:89.378070","","Col(pHAD28)",91.47,97.71,"1589","1716","1","129"
"6GDQioRLuUjGgXBvzJ15SN","SAMEA6155875","NODE_17_length_84694_cov_8.202981","NODE_17_length_84694_cov_8.202981:77267..77414:IncFII(K)_1__CP000648:97.297297","","IncFII(K)",97.3,100,"77267","77414","1","148"
"6GDQioRLuUjGgXBvzJ15SN","SAMEA6155875","NODE_21_length_44655_cov_13.695395","NODE_21_length_44655_cov_13.695395:41803..42189:IncFIA(HI1)_1__AF250878:98.195876","","IncFIA(HI1)",98.45,99.74,"41803","42189","2","388"
"6GDQioRLuUjGgXBvzJ15SN","SAMEA6155875","NODE_21_length_44655_cov_13.695395","NODE_21_length_44655_cov_13.695395:5502..5752:IncR_1__DQ449578:100.000000","","IncR",100,100,"5502","5752","1","251"
"6GDQioRLuUjGgXBvzJ15SN","SAMEA6155875","NODE_26_length_21009_cov_7.627786","NODE_26_length_21009_cov_7.627786:12631..13190:IncFIB(K)_1__JN233704:100.000000","","IncFIB(K)",100,100,"12631","13190","1","560"
"wSEshuFUNDgMEGBiHnLH9y","SAMEA5753801","NODE_36_length_40256_cov_21.816097","NODE_36_length_40256_cov_21.816097:18747..19134:IncFIA(HI1)_1__AF250878:97.422680","","IncFIA(HI1)",97.42,100,"18747","19134","1","388"
"wSEshuFUNDgMEGBiHnLH9y","SAMEA5753801","NODE_62_length_9111_cov_14.377608","NODE_62_length_9111_cov_14.377608:2299..2858:IncFIB(K)_1__JN233704:98.928571","","IncFIB(K)",98.93,100,"2299","2858","1","560"
"wSEshuFUNDgMEGBiHnLH9y","SAMEA5753801","NODE_73_length_4908_cov_28.338116","NODE_73_length_4908_cov_28.338116:3564..3694:Col(pHAD28)_1__KU674895:92.366412","","Col(pHAD28)",92.37,100,"3564","3694","1","131"
"wSEshuFUNDgMEGBiHnLH9y","SAMEA5753801","NODE_81_length_3972_cov_28.529047","NODE_81_length_3972_cov_28.529047:578..678:Col(MGD2)_1__NC_003789:67.647059","","Col(MGD2)",91.09,74.26,"578","678","1","101"
"5eG887v1RUpSkjdGw8sGgS","SAMN36884883","NODE_31_length_26061_cov_35.377475","NODE_31_length_26061_cov_35.377475:21327..21886:IncFIB(K)_1__JN233704:100.000000","","IncFIB(K)",100,100,"21327","21886","1","560"
"5eG887v1RUpSkjdGw8sGgS","SAMN36884883","NODE_35_length_15114_cov_36.677256","NODE_35_length_15114_cov_36.677256:6476..7098:repB(R1701)_1__CP039970:98.876404","","repB(R1701)",98.88,100,"6476","7098","1","623"
"5eG887v1RUpSkjdGw8sGgS","SAMN36884883","NODE_37_length_8381_cov_59.107945","NODE_37_length_8381_cov_59.107945:2271..2401:ColRNAI_1__DQ298019:97.709924","","ColRNAI",97.71,100,"2271","2401","1","130"
"5eG887v1RUpSkjdGw8sGgS","SAMN36884883","NODE_39_length_7564_cov_34.959143","NODE_39_length_7564_cov_34.959143:1757..1904:IncFII(K)_1__CP000648:100.000000","","IncFII(K)",100,100,"1757","1904","1","148"
"5eG887v1RUpSkjdGw8sGgS","SAMN36884883","NODE_44_length_3718_cov_115.122410","NODE_44_length_3718_cov_115.122410:1657..1787:Col(pHAD28)_1__KU674895:93.129771","","Col(pHAD28)",93.13,100,"1657","1787","1","131"
"97yZNNPPKmYM3JYMqwuMJk","SAMEA115925704","NODE_19_length_120904_cov_15.808700","NODE_19_length_120904_cov_15.808700:33040..33478:IncFIB(pNDM-Mar)_1__JN420336:99.544419","","IncFIB(pNDM-Mar)",99.54,100,"33040","33478","1","439"
"97yZNNPPKmYM3JYMqwuMJk","SAMEA115925704","NODE_24_length_78025_cov_15.156983","NODE_24_length_78025_cov_15.156983:855..1424:IncHI1B(pNDM-MAR)_1__JN420336:99.824561","","IncHI1B(pNDM-MAR)",99.82,100,"855","1424","1","570"
"97yZNNPPKmYM3JYMqwuMJk","SAMEA115925704","NODE_30_length_45992_cov_14.479006","NODE_30_length_45992_cov_14.479006:44117..44264:IncFII(K)_1__CP000648:95.945946","","IncFII(K)",95.95,100,"44117","44264","1","148"
"97yZNNPPKmYM3JYMqwuMJk","SAMEA115925704","NODE_31_length_40798_cov_18.215622","NODE_31_length_40798_cov_18.215622:8198..8858:IncL_1__JN626286:100.000000","","IncL",100,100,"8198","8858","1","661"
"97yZNNPPKmYM3JYMqwuMJk","SAMEA115925704","NODE_37_length_18360_cov_15.172674","NODE_37_length_18360_cov_15.172674:12610..13169:IncFIB(K)_1__JN233704:98.928571","","IncFIB(K)",98.93,100,"12610","13169","1","560"
"97yZNNPPKmYM3JYMqwuMJk","SAMEA115925704","NODE_46_length_4845_cov_744.003145","NODE_46_length_4845_cov_744.003145:10..140:Col(pHAD28)_1__KU674895:91.603053","","Col(pHAD28)",91.6,100,"10","140","1","131"
"97yZNNPPKmYM3JYMqwuMJk","SAMEA115925704","NODE_49_length_4111_cov_1296.145193","NODE_49_length_4111_cov_1296.145193:3972..4102:Col(pHAD28)_1__KU674895:93.129771","","Col(pHAD28)",93.13,100,"3972","4102","1","131"
"97yZNNPPKmYM3JYMqwuMJk","SAMEA115925704","NODE_54_length_2428_cov_3988.543986","NODE_54_length_2428_cov_3988.543986:1432..1616:Col(IRGK)_1__AY543071:98.378378","","Col(IRGK)",98.38,100,"1432","1616","1","184"
"6MHXM1WJLUdmMekDndtf9o","SAMEA115925715","NODE_22_length_94642_cov_29.274789","NODE_22_length_94642_cov_29.274789:89940..90377:RepB_1_pC39_CP061702.1:100.000000","","RepB",100,100,"89940","90377","1","438"
"6MHXM1WJLUdmMekDndtf9o","SAMEA115925715","NODE_31_length_55297_cov_28.657473","NODE_31_length_55297_cov_28.657473:4152..4711:IncFIB(K)_1__JN233704:100.000000","","IncFIB(K)",100,100,"4152","4711","1","560"
"6MHXM1WJLUdmMekDndtf9o","SAMEA115925715","NODE_34_length_35557_cov_15.897526","NODE_34_length_35557_cov_15.897526:4716..5089:IncX3_1__JN247852:100.000000","","IncX3",100,100,"4716","5089","1","374"
"6MHXM1WJLUdmMekDndtf9o","SAMEA115925715","NODE_41_length_23600_cov_28.766886","NODE_41_length_23600_cov_28.766886:1917..2355:IncFIB(pNDM-Mar)_1__JN420336:100.000000","","IncFIB(pNDM-Mar)",100,100,"1917","2355","1","439"
"6MHXM1WJLUdmMekDndtf9o","SAMEA115925715","NODE_50_length_10860_cov_28.518127","NODE_50_length_10860_cov_28.518127:1914..2061:IncFII(K)_1__CP000648:97.972973","","IncFII(K)",97.97,100,"1914","2061","1","148"
"6MHXM1WJLUdmMekDndtf9o","SAMEA115925715","NODE_60_length_6837_cov_192.175392","NODE_60_length_6837_cov_192.175392:5344..5474:Col(pHAD28)_1__KU674895:92.366412","","Col(pHAD28)",92.37,100,"5344","5474","1","131"
"6MHXM1WJLUdmMekDndtf9o","SAMEA115925715","NODE_64_length_4533_cov_270.218708","NODE_64_length_4533_cov_270.218708:3850..3980:Col(pHAD28)_1__KU674895:94.656489","","Col(pHAD28)",94.66,100,"3850","3980","1","131"
"6MHXM1WJLUdmMekDndtf9o","SAMEA115925715","NODE_65_length_4471_cov_452.617379","NODE_65_length_4471_cov_452.617379:2069..2183:Col(pHAD28)_1__KU674895:81.679389","","Col(pHAD28)",93.04,87.79,"2069","2183","1","115"
"6MHXM1WJLUdmMekDndtf9o","SAMEA115925715","NODE_72_length_3693_cov_377.853787","NODE_72_length_3693_cov_377.853787:3216..3329:Col440I_1__CP023920:95.614035","","Col440I",95.61,100,"3216","3329","1","114"
"fvPMyr5PwYZ9hLw15vxCDJ","SAMEA111504604","NODE_32_length_26397_cov_11.357496","NODE_32_length_26397_cov_11.357496:1284..1906:repB(R1701)_1__CP039970:99.518459","","repB(R1701)",99.52,100,"1284","1906","1","623"
"fvPMyr5PwYZ9hLw15vxCDJ","SAMEA111504604","NODE_37_length_22340_cov_71.654166","NODE_37_length_22340_cov_71.654166:6120..6869:pESA2_1__CP000784:98.666667","","pESA2",98.67,100,"6120","6869","1","750"
"fvPMyr5PwYZ9hLw15vxCDJ","SAMEA111504604","NODE_37_length_22340_cov_71.654166","NODE_37_length_22340_cov_71.654166:526..1102:IncFII(pCTU2)_1__FN543095:96.533795","","IncFII(pCTU2)",96.53,100,"526","1102","1","577"
"fvPMyr5PwYZ9hLw15vxCDJ","SAMEA111504604","NODE_40_length_15481_cov_10.921784","NODE_40_length_15481_cov_10.921784:651..901:IncR_1__DQ449578:100.000000","","IncR",100,100,"651","901","1","251"
"fvPMyr5PwYZ9hLw15vxCDJ","SAMEA111504604","NODE_60_length_1611_cov_11.444840","NODE_60_length_1611_cov_11.444840:805..1191:IncFIA(HI1)_1__AF250878:98.195876","","IncFIA(HI1)",98.45,99.74,"805","1191","2","388"
"jKtntykrHw7dbtizkJY58n","SAMEA6155883","NODE_12_length_56343_cov_12.966023","NODE_12_length_56343_cov_12.966023:27225..27475:IncR_1__DQ449578:100.000000","","IncR",100,100,"27225","27475","1","251"
"jKtntykrHw7dbtizkJY58n","SAMEA6155883","NODE_12_length_56343_cov_12.966023","NODE_12_length_56343_cov_12.966023:51944..52057:Col440I_1__CP023920:94.736842","","Col440I",94.74,100,"51944","52057","1","114"
"jKtntykrHw7dbtizkJY58n","SAMEA6155883","NODE_15_length_17885_cov_11.538120","NODE_15_length_17885_cov_11.538120:15243..15629:IncFIA(HI1)_1__AF250878:98.195876","","IncFIA(HI1)",98.45,99.74,"15243","15629","2","388"
"2zPTZkh76qfbRoz5iw4sY1","SAMEA111505128","NODE_75_length_11915_cov_8.492145","NODE_75_length_11915_cov_8.492145:5153..5403:IncR_1__DQ449578:100.000000","","IncR",100,100,"5153","5403","1","251"
"2zPTZkh76qfbRoz5iw4sY1","SAMEA111505128","NODE_93_length_6535_cov_8.240248","NODE_93_length_6535_cov_8.240248:2575..3134:IncFIB(K)(pCAV1099-114)_1__CP011596:99.821429","","IncFIB(K)(pCAV1099-114)",99.82,100,"2575","3134","1","560"
"2zPTZkh76qfbRoz5iw4sY1","SAMEA111505128","NODE_117_length_2570_cov_893.225651","NODE_117_length_2570_cov_893.225651:1266..1394:Col(pHAD28)_1__KU674895:94.656489","","Col(pHAD28)",96.12,98.47,"1266","1394","1","129"
"2zPTZkh76qfbRoz5iw4sY1","SAMEA111505128","NODE_119_length_2392_cov_1250.999568","NODE_119_length_2392_cov_1250.999568:2218..2331:Col440I_1__CP023920:96.491228","","Col440I",96.49,100,"2218","2331","1","114"
"2zPTZkh76qfbRoz5iw4sY1","SAMEA111505128","NODE_123_length_1994_cov_1200.254299","NODE_123_length_1994_cov_1200.254299:99..229:Col(pHAD28)_1__KU674895:90.215128","","Col(pHAD28)",90.91,99.24,"99","229","1","131"
"mxGK98nBQ8MpsZjV37SZ9z","SAMEA115925705","NODE_27_length_58471_cov_28.012347","NODE_27_length_58471_cov_28.012347:1729..1876:IncFII(K)_1__CP000648:95.945946","","IncFII(K)",95.95,100,"1729","1876","1","148"
"mxGK98nBQ8MpsZjV37SZ9z","SAMEA115925705","NODE_40_length_27276_cov_80.917834","NODE_40_length_27276_cov_80.917834:26265..26740:IncN4_1__JQ996149:97.899160","","IncN4",97.9,100,"26265","26740","1","476"
"mxGK98nBQ8MpsZjV37SZ9z","SAMEA115925705","NODE_50_length_9823_cov_30.392183","NODE_50_length_9823_cov_30.392183:4102..4661:IncFIB(K)_1__JN233704:98.928571","","IncFIB(K)",98.93,100,"4102","4661","1","560"
"94Pknj5Nyf3QQBDqPjr6it","SAMEA5753789","NODE_40_length_29604_cov_25.631825","NODE_40_length_29604_cov_25.631825:18698..19257:IncFIB(K)(pCAV1099-114)_1__CP011596:99.642857","","IncFIB(K)(pCAV1099-114)",99.64,100,"18698","19257","1","560"
"94Pknj5Nyf3QQBDqPjr6it","SAMEA5753789","NODE_40_length_29604_cov_25.631825","NODE_40_length_29604_cov_25.631825:27698..28140:repFIB_pC39_CP061701:97.968397","","repFIB",97.97,100,"27698","28140","1","443"
"94Pknj5Nyf3QQBDqPjr6it","SAMEA5753789","NODE_50_length_11801_cov_26.052038","NODE_50_length_11801_cov_26.052038:2342..2779:RepB_1_pC39_CP061702.1:99.543379","","RepB",99.54,100,"2342","2779","1","438"
"94Pknj5Nyf3QQBDqPjr6it","SAMEA5753789","NODE_61_length_5410_cov_27.799285","NODE_61_length_5410_cov_27.799285:1770..2050:Col440II_1__CP023921:97.163121","","Col440II",97.51,99.65,"1770","2050","2","282"
"94Pknj5Nyf3QQBDqPjr6it","SAMEA5753789","NODE_61_length_5410_cov_27.799285","NODE_61_length_5410_cov_27.799285:2645..2773:Col(pHAD28)_1__KU674895:91.603053","","Col(pHAD28)",93.02,98.47,"2645","2773","1","129"
"qXXvn6JkA1n3XnLWZL5pXq","SAMEA6654219","NODE_34_length_11733_cov_16.869950","NODE_34_length_11733_cov_16.869950:5903..6462:IncFIB(K)(pCAV1099-114)_1__CP011596:100.000000","","IncFIB(K)(pCAV1099-114)",100,100,"5903","6462","1","560"
"qXXvn6JkA1n3XnLWZL5pXq","SAMEA6654219","NODE_45_length_4177_cov_851.533350","NODE_45_length_4177_cov_851.533350:304..434:Col(pHAD28)_1__KU674895:92.366412","","Col(pHAD28)",92.37,100,"304","434","1","131"
"qXXvn6JkA1n3XnLWZL5pXq","SAMEA6654219","NODE_47_length_3866_cov_752.939740","NODE_47_length_3866_cov_752.939740:120..250:Col(pHAD28)_1__KU674895:92.366412","","Col(pHAD28)",92.37,100,"120","250","1","131"
"8Xgc52vtKZVkfHJUruR9Y2","SAMEA111504615","NODE_23_length_76642_cov_31.507072","NODE_23_length_76642_cov_31.507072:28674..29243:IncHI1B(pNDM-MAR)_1__JN420336:99.298246","","IncHI1B(pNDM-MAR)",99.3,100,"28674","29243","1","570"
"8Xgc52vtKZVkfHJUruR9Y2","SAMEA111504615","NODE_23_length_76642_cov_31.507072","NODE_23_length_76642_cov_31.507072:10489..11048:repB_KLEB_VIR_AP006726:100.000000","","repB",100,100,"10489","11048","1","560"
"8ZSgD6stSFnVwrq7ktKyXW","SAMEA6422777","NODE_26_length_26932_cov_39.467335","NODE_26_length_26932_cov_39.467335:2289..2675:IncFIA(HI1)_1__AF250878:98.195876","","IncFIA(HI1)",98.45,99.74,"2289","2675","2","388"
"8ZSgD6stSFnVwrq7ktKyXW","SAMEA6422777","NODE_28_length_20215_cov_36.146699","NODE_28_length_20215_cov_36.146699:12553..12803:IncR_1__DQ449578:99.601594","","IncR",99.6,100,"12553","12803","1","251"
"8ZSgD6stSFnVwrq7ktKyXW","SAMEA6422777","NODE_30_length_13289_cov_27.194769","NODE_30_length_13289_cov_27.194769:5220..5779:IncFIB(K)(pCAV1099-114)_1__CP011596:100.000000","","IncFIB(K)(pCAV1099-114)",100,100,"5220","5779","1","560"
"8ZSgD6stSFnVwrq7ktKyXW","SAMEA6422777","NODE_46_length_2898_cov_17.742051","NODE_46_length_2898_cov_17.742051:1507..2076:IncHI1B(pNDM-MAR)_1__JN420336:100.000000","","IncHI1B(pNDM-MAR)",100,100,"1507","2076","1","570"
"r4AoMQg5rneJcvC4fvfkPH","SAMN45807625","NODE_21_length_44072_cov_17.037091","NODE_21_length_44072_cov_17.037091:34968..35527:IncFIB(K)(pCAV1099-114)_1__CP011596:99.642857","","IncFIB(K)(pCAV1099-114)",99.64,100,"34968","35527","1","560"
"r4AoMQg5rneJcvC4fvfkPH","SAMN45807625","NODE_21_length_44072_cov_17.037091","NODE_21_length_44072_cov_17.037091:42813..43255:repFIB_pC39_CP061701:97.968397","","repFIB",97.97,100,"42813","43255","1","443"
"r4AoMQg5rneJcvC4fvfkPH","SAMN45807625","NODE_35_length_8185_cov_300.083354","NODE_35_length_8185_cov_300.083354:5853..5980:Col(pHAD28)_1__KU674895:89.378070","","Col(pHAD28)",91.47,97.71,"5853","5980","1","129"
"r4AoMQg5rneJcvC4fvfkPH","SAMN45807625","NODE_35_length_8185_cov_300.083354","NODE_35_length_8185_cov_300.083354:1862..1989:Col(pHAD28)_1__KU674895:89.378070","","Col(pHAD28)",91.47,97.71,"1862","1989","1","129"
"r4AoMQg5rneJcvC4fvfkPH","SAMN45807625","NODE_40_length_4741_cov_293.295993","NODE_40_length_4741_cov_293.295993:343..456:Col440I_1__CP023920:100.000000","","Col440I",100,100,"343","456","1","114"
"kgF7ju1JDHCHz9o4VMNQ91","SAMN05960882","NODE_36_length_33404_cov_30.595646","NODE_36_length_33404_cov_30.595646:8993..9140:IncFII(K)_1__CP000648:97.297297","","IncFII(K)",97.3,100,"8993","9140","1","148"
"kgF7ju1JDHCHz9o4VMNQ91","SAMN05960882","NODE_47_length_17982_cov_32.980708","NODE_47_length_17982_cov_32.980708:15087..15709:repB(R1701)_1__CP039970:99.197432","","repB(R1701)",99.2,100,"15087","15709","1","623"
"kgF7ju1JDHCHz9o4VMNQ91","SAMN05960882","NODE_54_length_14071_cov_19.168337","NODE_54_length_14071_cov_19.168337:10012..10262:IncR_1__DQ449578:100.000000","","IncR",100,100,"10012","10262","1","251"
"kgF7ju1JDHCHz9o4VMNQ91","SAMN05960882","NODE_56_length_12679_cov_25.366375","NODE_56_length_12679_cov_25.366375:4498..5057:IncFIB(K)_1__JN233704:100.000000","","IncFIB(K)",100,100,"4498","5057","1","560"
"kgF7ju1JDHCHz9o4VMNQ91","SAMN05960882","NODE_68_length_5183_cov_32.301534","NODE_68_length_5183_cov_32.301534:2126..2273:IncFII(K)_1__CP000648:95.270270","","IncFII(K)",95.27,100,"2126","2273","1","148"
"kgF7ju1JDHCHz9o4VMNQ91","SAMN05960882","NODE_75_length_3370_cov_83.334454","NODE_75_length_3370_cov_83.334454:230..360:Col(pHAD28)_1__KU674895:90.076336","","Col(pHAD28)",90.08,100,"230","360","1","131"
"kgF7ju1JDHCHz9o4VMNQ91","SAMN05960882","NODE_88_length_1557_cov_18.953502","NODE_88_length_1557_cov_18.953502:778..1164:IncFIA(HI1)_1__AF250878:98.195876","","IncFIA(HI1)",98.45,99.74,"778","1164","2","388"
"2zmwVkNyF5VkwamG5Jafkv","SAMEA5753707","NODE_50_length_19379_cov_13.748859","NODE_50_length_19379_cov_13.748859:1355..1914:IncFIB(pKPHS1)_1__CP003223:98.571429","","IncFIB(pKPHS1)",98.57,100,"1355","1914","1","560"
"7p9Cky8RYKxpUFo3fVUd3B","SAMEA4785009","NODE_26_length_44614_cov_45.504389","NODE_26_length_44614_cov_45.504389:3538..3685:IncFII(K)_1__CP000648:97.972973","","IncFII(K)",97.97,100,"3538","3685","1","148"
"7p9Cky8RYKxpUFo3fVUd3B","SAMEA4785009","NODE_32_length_28318_cov_46.548242","NODE_32_length_28318_cov_46.548242:10036..10775:IncFIB(pQil)_1__JN233705:100.000000","","IncFIB(pQil)",100,100,"10036","10775","1","740"
"7p9Cky8RYKxpUFo3fVUd3B","SAMEA4785009","NODE_38_length_19215_cov_79.548328","NODE_38_length_19215_cov_79.548328:13791..14041:IncR_1__DQ449578:100.000000","","IncR",100,100,"13791","14041","1","251"
"7p9Cky8RYKxpUFo3fVUd3B","SAMEA4785009","NODE_59_length_4040_cov_312.250946","NODE_59_length_4040_cov_312.250946:1608..1735:Col(pHAD28)_1__KU674895:89.378070","","Col(pHAD28)",91.47,97.71,"1608","1735","1","129"
"7p9Cky8RYKxpUFo3fVUd3B","SAMEA4785009","NODE_67_length_2852_cov_263.494779","NODE_67_length_2852_cov_263.494779:2053..2183:Col(pHAD28)_1__KU674895:92.366412","","Col(pHAD28)",92.37,100,"2053","2183","1","131"
"p6tXQwFHWQ5v1iYXYbG3Nk","SAMEA7472390","NODE_47_length_18345_cov_7.458785","NODE_47_length_18345_cov_7.458785:6241..6468:IncFII(pKP91)_1__CP000966:94.816784","","IncFII(pKP91)",96.07,98.7,"6241","6468","3","230"
"p6tXQwFHWQ5v1iYXYbG3Nk","SAMEA7472390","NODE_59_length_8949_cov_7.761243","NODE_59_length_8949_cov_7.761243:4214..4773:IncFIB(K)_1__JN233704:98.928571","","IncFIB(K)",98.93,100,"4214","4773","1","560"
"p6tXQwFHWQ5v1iYXYbG3Nk","SAMEA7472390","NODE_68_length_6489_cov_198.552739","NODE_68_length_6489_cov_198.552739:469..582:Col440I_1__CP023920:95.614035","","Col440I",95.61,100,"469","582","1","114"
"94KiySvHMunwJLkimJxpF9","SAMEA6155798","NODE_15_length_61667_cov_17.588293","NODE_15_length_61667_cov_17.588293:1753..1900:IncFII(K)_1__CP000648:95.945946","","IncFII(K)",95.95,100,"1753","1900","1","148"
"94KiySvHMunwJLkimJxpF9","SAMEA6155798","NODE_20_length_27156_cov_7.577965","NODE_20_length_27156_cov_7.577965:9359..9609:IncR_1__DQ449578:100.000000","","IncR",100,100,"9359","9609","1","251"
"94KiySvHMunwJLkimJxpF9","SAMEA6155798","NODE_24_length_17119_cov_18.010811","NODE_24_length_17119_cov_18.010811:13181..13740:IncFIB(K)_1__JN233704:98.928571","","IncFIB(K)",98.93,100,"13181","13740","1","560"
"sxBhCqe6JfCuhqcVxJ64TP","SAMN05960937","NODE_18_length_69911_cov_22.626955","NODE_18_length_69911_cov_22.626955:4399..4958:IncFIB(K)_1__JN233704:98.928571","","IncFIB(K)",98.93,100,"4399","4958","1","560"
"sxBhCqe6JfCuhqcVxJ64TP","SAMN05960937","NODE_18_length_69911_cov_22.626955","NODE_18_length_69911_cov_22.626955:68012..68159:IncFII(K)_1__CP000648:95.945946","","IncFII(K)",95.95,100,"68012","68159","1","148"
"tnaMM8Jew5zJav2r6TgpGL","SAMN36884886","NODE_19_length_58519_cov_39.122030","NODE_19_length_58519_cov_39.122030:1753..1900:IncFII(K)_1__CP000648:95.945946","","IncFII(K)",95.95,100,"1753","1900","1","148"
"tnaMM8Jew5zJav2r6TgpGL","SAMN36884886","NODE_29_length_9962_cov_36.581061","NODE_29_length_9962_cov_36.581061:4126..4685:IncFIB(K)_1__JN233704:98.928571","","IncFIB(K)",98.93,100,"4126","4685","1","560"
"jmUDKLwZX2hKEkNjdsmyB4","SAMEA6155909","NODE_24_length_27017_cov_10.703544","NODE_24_length_27017_cov_10.703544:2257..2643:IncFIA(HI1)_1__AF250878:98.195876","","IncFIA(HI1)",98.45,99.74,"2257","2643","2","388"
"jmUDKLwZX2hKEkNjdsmyB4","SAMEA6155909","NODE_30_length_14978_cov_9.356005","NODE_30_length_14978_cov_9.356005:13845..13992:IncFII(K)_1__CP000648:95.270270","","IncFII(K)",95.27,100,"13845","13992","1","148"
"jmUDKLwZX2hKEkNjdsmyB4","SAMEA6155909","NODE_34_length_6119_cov_12.055150","NODE_34_length_6119_cov_12.055150:2248..2870:repB(R1701)_1__CP039970:99.197432","","repB(R1701)",99.2,100,"2248","2870","1","623"
"jmUDKLwZX2hKEkNjdsmyB4","SAMEA6155909","NODE_39_length_3138_cov_9.403093","NODE_39_length_3138_cov_9.403093:1114..1364:IncR_1__DQ449578:100.000000","","IncR",100,100,"1114","1364","1","251"
"jmUDKLwZX2hKEkNjdsmyB4","SAMEA6155909","NODE_44_length_2335_cov_40.362254","NODE_44_length_2335_cov_40.362254:1306..1423:Col(pHAD28)_1__KU674895:83.969466","","Col(pHAD28)",93.22,90.08,"1306","1423","1","118"
"eHV5akLFSxPCw6DHExHqfW","SAMEA7472489","NODE_35_length_40353_cov_5.503031","NODE_35_length_40353_cov_5.503031:2911..3058:IncFII(K)_1__CP000648:98.648649","","IncFII(K)",98.65,100,"2911","3058","1","148"
"eHV5akLFSxPCw6DHExHqfW","SAMEA7472489","NODE_46_length_15836_cov_6.083497","NODE_46_length_15836_cov_6.083497:12690..13429:IncFIB(pQil)_1__JN233705:100.000000","","IncFIB(pQil)",100,100,"12690","13429","1","740"
"eHV5akLFSxPCw6DHExHqfW","SAMEA7472489","NODE_50_length_12116_cov_4.349838","NODE_50_length_12116_cov_4.349838:8245..8804:IncFIB(K)(pCAV1099-114)_1__CP011596:100.000000","","IncFIB(K)(pCAV1099-114)",100,100,"8245","8804","1","560"
"eHV5akLFSxPCw6DHExHqfW","SAMEA7472489","NODE_53_length_9823_cov_5.669478","NODE_53_length_9823_cov_5.669478:322..695:IncX3_1__JN247852:99.732620","","IncX3",99.73,100,"322","695","1","374"
"eHV5akLFSxPCw6DHExHqfW","SAMEA7472489","NODE_66_length_5057_cov_3.804558","NODE_66_length_5057_cov_3.804558:2049..2618:IncHI1B(pNDM-MAR)_1__JN420336:100.000000","","IncHI1B(pNDM-MAR)",100,100,"2049","2618","1","570"
"eHV5akLFSxPCw6DHExHqfW","SAMEA7472489","NODE_67_length_4940_cov_32.500516","NODE_67_length_4940_cov_32.500516:3916..4029:Col440I_1__CP023920:94.736842","","Col440I",94.74,100,"3916","4029","1","114"
"eHV5akLFSxPCw6DHExHqfW","SAMEA7472489","NODE_90_length_1879_cov_275.820225","NODE_90_length_1879_cov_275.820225:911..1103:ColpVC_1__JX133088:97.409326","","ColpVC",97.41,100,"911","1103","1","193"
"7LgrgfhCCcAtm1zUX8QJRr","SAMEA6422746","NODE_16_length_114403_cov_12.215373","NODE_16_length_114403_cov_12.215373:34365..34924:IncFIB(pKPHS1)_1__CP003223:95.535714","","IncFIB(pKPHS1)",95.54,100,"34365","34924","1","560"
"7LgrgfhCCcAtm1zUX8QJRr","SAMEA6422746","NODE_21_length_48731_cov_21.849009","NODE_21_length_48731_cov_21.849009:8433..9172:IncFIB(pQil)_1__JN233705:100.000000","","IncFIB(pQil)",100,100,"8433","9172","1","740"
"7LgrgfhCCcAtm1zUX8QJRr","SAMEA6422746","NODE_24_length_23809_cov_34.909110","NODE_24_length_23809_cov_34.909110:5343..5593:IncR_1__DQ449578:100.000000","","IncR",100,100,"5343","5593","1","251"
"7LgrgfhCCcAtm1zUX8QJRr","SAMEA6422746","NODE_28_length_4266_cov_316.716103","NODE_28_length_4266_cov_316.716103:1400..1530:Col(pHAD28)_1__KU674895:92.366412","","Col(pHAD28)",92.37,100,"1400","1530","1","131"
"8jXG7iH86drY6gQMgCinc4","SAMEA6155928","NODE_2_length_365928_cov_18.967083","NODE_2_length_365928_cov_18.967083:1142..1711:IncHI1B(pNDM-MAR)_1__JN420336:99.649123","","IncHI1B(pNDM-MAR)",99.65,100,"1142","1711","1","570"
"8jXG7iH86drY6gQMgCinc4","SAMEA6155928","NODE_2_length_365928_cov_18.967083","NODE_2_length_365928_cov_18.967083:277647..278085:IncFIB(pNDM-Mar)_1__JN420336:99.544419","","IncFIB(pNDM-Mar)",99.54,100,"277647","278085","1","439"
"8jXG7iH86drY6gQMgCinc4","SAMEA6155928","NODE_21_length_91937_cov_21.828099","NODE_21_length_91937_cov_21.828099:85173..85320:IncFII(K)_1__CP000648:97.972973","","IncFII(K)",97.97,100,"85173","85320","1","148"
"8jXG7iH86drY6gQMgCinc4","SAMEA6155928","NODE_42_length_24000_cov_22.377139","NODE_42_length_24000_cov_22.377139:4176..4735:IncFIB(K)_1__JN233704:98.750000","","IncFIB(K)",98.75,100,"4176","4735","1","560"
"9LVQVQ8TSA1bP3abTZgCxt","SAMEA6155891","NODE_23_length_34218_cov_7.585685","NODE_23_length_34218_cov_7.585685:6388..6947:IncFIB(K)_1__JN233704:99.107143","","IncFIB(K)",99.11,100,"6388","6947","1","560"
"9LVQVQ8TSA1bP3abTZgCxt","SAMEA6155891","NODE_27_length_23499_cov_6.498034","NODE_27_length_23499_cov_6.498034:8774..9024:IncR_1__DQ449578:99.601594","","IncR",99.6,100,"8774","9024","1","251"
"9LVQVQ8TSA1bP3abTZgCxt","SAMEA6155891","NODE_30_length_12209_cov_6.219075","NODE_30_length_12209_cov_6.219075:5935..6164:IncFII(pKP91)_1__CP000966:100.000000","","IncFII(pKP91)",100,100,"5935","6164","1","230"
"9LVQVQ8TSA1bP3abTZgCxt","SAMEA6155891","NODE_39_length_8164_cov_6.405828","NODE_39_length_8164_cov_6.405828:2411..2638:IncFII(pKP91)_1__CP000966:94.385798","","IncFII(pKP91)",95.63,98.7,"2411","2638","3","230"
"4ohEiVid7BMPdopx1TBd9q","SAMEA5753793","NODE_35_length_9338_cov_14.925425","NODE_35_length_9338_cov_14.925425:6469..7028:IncFIB(K)_1__JN233704:98.928571","","IncFIB(K)",98.93,100,"6469","7028","1","560"
"4ohEiVid7BMPdopx1TBd9q","SAMEA5753793","NODE_44_length_4611_cov_28.476729","NODE_44_length_4611_cov_28.476729:1409..1522:Col440I_1__CP023920:97.368421","","Col440I",97.37,100,"1409","1522","1","114"
"4ohEiVid7BMPdopx1TBd9q","SAMEA5753793","NODE_47_length_4474_cov_30.604114","NODE_47_length_4474_cov_30.604114:2185..2315:Col(pHAD28)_1__KU674895:93.129771","","Col(pHAD28)",93.13,100,"2185","2315","1","131"
"4ohEiVid7BMPdopx1TBd9q","SAMEA5753793","NODE_50_length_2452_cov_33.353166","NODE_50_length_2452_cov_33.353166:1..172:Col(IRGK)_1__AY543071:87.069615","","Col(IRGK)",94.8,91.85,"1","172","1","170"
"4ohEiVid7BMPdopx1TBd9q","SAMEA5753793","NODE_50_length_2452_cov_33.353166","NODE_50_length_2452_cov_33.353166:2340..2452:Col(IRGK)_1__AY543071:60.869565","","Col(IRGK)",99.12,61.41,"2340","2452","72","184"
"35HdoqhevFZ7ogKPvWK6MG","SAMEA6654244","NODE_12_length_94797_cov_11.513337","NODE_12_length_94797_cov_11.513337:35201..35639:IncFIB(pNDM-Mar)_1__JN420336:99.316629","","IncFIB(pNDM-Mar)",99.32,100,"35201","35639","1","439"
"35HdoqhevFZ7ogKPvWK6MG","SAMEA6654244","NODE_22_length_34321_cov_13.581410","NODE_22_length_34321_cov_13.581410:29211..29584:IncX3_1__JN247852:100.000000","","IncX3",100,100,"29211","29584","1","374"
"35HdoqhevFZ7ogKPvWK6MG","SAMEA6654244","NODE_29_length_8766_cov_14.135110","NODE_29_length_8766_cov_14.135110:2628..2856:ColKP3_1__JN205800:81.785714","","ColKP3",100,81.79,"2628","2856","1","229"
"35HdoqhevFZ7ogKPvWK6MG","SAMEA6654244","NODE_31_length_4583_cov_9.400535","NODE_31_length_4583_cov_9.400535:3962..4490:IncQ1_1__M28829:66.457286","","IncQ1",100,66.46,"3962","4490","1","529"
"nfWUVQ7io1bTNgXQArzTgB","SAMEA6422783","NODE_22_length_61022_cov_18.666957","NODE_22_length_61022_cov_18.666957:51745..52304:IncFIB(K)_1__JN233704:98.928571","","IncFIB(K)",98.93,100,"51745","52304","1","560"
"nfWUVQ7io1bTNgXQArzTgB","SAMEA6422783","NODE_23_length_52922_cov_29.597202","NODE_23_length_52922_cov_29.597202:50317..50980:IncM2_1__AF550415:100.000000","","IncM2",100,100,"50317","50980","1","664"
"nfWUVQ7io1bTNgXQArzTgB","SAMEA6422783","NODE_35_length_10961_cov_18.547873","NODE_35_length_10961_cov_18.547873:5551..5778:IncFII(pKP91)_1__CP000966:94.816784","","IncFII(pKP91)",96.07,98.7,"5551","5778","3","230"
"nfWUVQ7io1bTNgXQArzTgB","SAMEA6422783","NODE_37_length_9393_cov_124.749839","NODE_37_length_9393_cov_124.749839:6808..6937:ColRNAI_1__DQ298019:100.000000","","ColRNAI",100,100,"6808","6937","1","130"
"nfWUVQ7io1bTNgXQArzTgB","SAMEA6422783","NODE_39_length_7152_cov_153.727066","NODE_39_length_7152_cov_153.727066:193..323:Col(pHAD28)_1__KU674895:90.839695","","Col(pHAD28)",90.84,100,"193","323","1","131"
"nfWUVQ7io1bTNgXQArzTgB","SAMEA6422783","NODE_44_length_5341_cov_208.784243","NODE_44_length_5341_cov_208.784243:475..756:Col440II_1__CP023921:99.645390","","Col440II",99.65,100,"475","756","1","282"
"nfWUVQ7io1bTNgXQArzTgB","SAMEA6422783","NODE_44_length_5341_cov_208.784243","NODE_44_length_5341_cov_208.784243:5019..5149:Col(pHAD28)_1__KU674895:92.366412","","Col(pHAD28)",92.37,100,"5019","5149","1","131"
"nfWUVQ7io1bTNgXQArzTgB","SAMEA6422783","NODE_52_length_2945_cov_169.917428","NODE_52_length_2945_cov_169.917428:2711..2819:Col440I_1__CP023920:92.137161","","Col440I",96.36,95.61,"2711","2819","1","110"
"r8kPKmfLUtjTQHXvob6CDa","SAMEA8515138","NODE_31_length_37409_cov_9.262067","NODE_31_length_37409_cov_9.262067:28305..28864:IncFIB(K)(pCAV1099-114)_1__CP011596:99.642857","","IncFIB(K)(pCAV1099-114)",99.64,100,"28305","28864","1","560"
"r8kPKmfLUtjTQHXvob6CDa","SAMEA8515138","NODE_31_length_37409_cov_9.262067","NODE_31_length_37409_cov_9.262067:36149..36591:repFIB_pC39_CP061701:97.968397","","repFIB",97.97,100,"36149","36591","1","443"
"r8kPKmfLUtjTQHXvob6CDa","SAMEA8515138","NODE_35_length_29221_cov_9.341735","NODE_35_length_29221_cov_9.341735:27020..27458:IncFIB(pNDM-Mar)_1__JN420336:100.000000","","IncFIB(pNDM-Mar)",100,100,"27020","27458","1","439"
"r8kPKmfLUtjTQHXvob6CDa","SAMEA8515138","NODE_43_length_16927_cov_20.443309","NODE_43_length_16927_cov_20.443309:3746..3972:IncFII(pBK30683)_1__KF954760:100.000000","","IncFII(pBK30683)",100,100,"3746","3972","1","227"
"r8kPKmfLUtjTQHXvob6CDa","SAMEA8515138","NODE_49_length_12674_cov_12.065840","NODE_49_length_12674_cov_12.065840:6482..6869:IncFIA(HI1)_1__AF250878:97.422680","","IncFIA(HI1)",97.42,100,"6482","6869","1","388"
"r8kPKmfLUtjTQHXvob6CDa","SAMEA8515138","NODE_57_length_9348_cov_9.472808","NODE_57_length_9348_cov_9.472808:5854..6423:IncHI1B(pNDM-MAR)_1__JN420336:100.000000","","IncHI1B(pNDM-MAR)",100,100,"5854","6423","1","570"
"r8kPKmfLUtjTQHXvob6CDa","SAMEA8515138","NODE_69_length_5996_cov_114.185179","NODE_69_length_5996_cov_114.185179:2568..2698:Col(pHAD28)_1__KU674895:94.656489","","Col(pHAD28)",94.66,100,"2568","2698","1","131"
"x18NQidq7sicRzihob2BFF","SAMN05960899","NODE_25_length_70172_cov_25.603827","NODE_25_length_70172_cov_25.603827:9093..9240:IncFII(K)_1__CP000648:97.297297","","IncFII(K)",97.3,100,"9093","9240","1","148"
"x18NQidq7sicRzihob2BFF","SAMN05960899","NODE_32_length_35153_cov_70.988817","NODE_32_length_35153_cov_70.988817:28637..29150:IncN_1__AY046276:99.610895","","IncN",99.61,100,"28637","29150","1","514"
"x18NQidq7sicRzihob2BFF","SAMN05960899","NODE_42_length_20941_cov_26.144516","NODE_42_length_20941_cov_26.144516:7752..8311:IncFIB(K)_1__JN233704:100.000000","","IncFIB(K)",100,100,"7752","8311","1","560"
"x18NQidq7sicRzihob2BFF","SAMN05960899","NODE_50_length_5350_cov_181.345648","NODE_50_length_5350_cov_181.345648:4785..5066:Col440II_1__CP023921:100.000000","","Col440II",100,100,"4785","5066","1","282"
"x18NQidq7sicRzihob2BFF","SAMN05960899","NODE_50_length_5350_cov_181.345648","NODE_50_length_5350_cov_181.345648:4078..4208:Col(pHAD28)_1__KU674895:92.366412","","Col(pHAD28)",92.37,100,"4078","4208","1","131"
"x18NQidq7sicRzihob2BFF","SAMN05960899","NODE_52_length_4445_cov_129.029682","NODE_52_length_4445_cov_129.029682:928..1058:Col(pHAD28)_1__KU674895:92.366412","","Col(pHAD28)",92.37,100,"928","1058","1","131"
"ahpcz4JJbo98b5GoYf9pUj","SAMEA6155793","NODE_12_length_136529_cov_5.644345","NODE_12_length_136529_cov_5.644345:19630..20189:IncFIB(K)_1__JN233704:99.464286","","IncFIB(K)",99.46,100,"19630","20189","1","560"
"ahpcz4JJbo98b5GoYf9pUj","SAMEA6155793","NODE_12_length_136529_cov_5.644345","NODE_12_length_136529_cov_5.644345:102012..102159:IncFII(K)_1__CP000648:96.657900","","IncFII(K)",97.32,99.32,"102012","102159","1","148"
"ey8XCQmUMpjkqHe1wfrKMu","SAMN36884887","NODE_29_length_44160_cov_84.177527","NODE_29_length_44160_cov_84.177527:39954..40214:IncFII_1__AY458016:100.000000","","IncFII",100,100,"39954","40214","1","261"
"ey8XCQmUMpjkqHe1wfrKMu","SAMN36884887","NODE_39_length_15109_cov_44.366755","NODE_39_length_15109_cov_44.366755:6004..6563:IncFIB(K)(pCAV1099-114)_1__CP011596:99.642857","","IncFIB(K)(pCAV1099-114)",99.64,100,"6004","6563","1","560"
"ey8XCQmUMpjkqHe1wfrKMu","SAMN36884887","NODE_39_length_15109_cov_44.366755","NODE_39_length_15109_cov_44.366755:13849..14291:repFIB_pC39_CP061701:97.968397","","repFIB",97.97,100,"13849","14291","1","443"
"ey8XCQmUMpjkqHe1wfrKMu","SAMN36884887","NODE_41_length_12000_cov_59.177128","NODE_41_length_12000_cov_59.177128:6253..6503:IncR_1__DQ449578:100.000000","","IncR",100,100,"6253","6503","1","251"
"ey8XCQmUMpjkqHe1wfrKMu","SAMN36884887","NODE_48_length_7507_cov_41.055481","NODE_48_length_7507_cov_41.055481:3108..3218:Col440I_1__CP023920:93.859649","","Col440I",96.4,97.37,"3108","3218","1","111"
"ey8XCQmUMpjkqHe1wfrKMu","SAMN36884887","NODE_57_length_4689_cov_36.546623","NODE_57_length_4689_cov_36.546623:847..1416:IncHI1B(pNDM-MAR)_1__JN420336:100.000000","","IncHI1B(pNDM-MAR)",100,100,"847","1416","1","570"
"ey8XCQmUMpjkqHe1wfrKMu","SAMN36884887","NODE_61_length_4266_cov_159.150948","NODE_61_length_4266_cov_159.150948:2661..2791:Col(pHAD28)_1__KU674895:92.366412","","Col(pHAD28)",92.37,100,"2661","2791","1","131"
"ey8XCQmUMpjkqHe1wfrKMu","SAMN36884887","NODE_91_length_1557_cov_56.411232","NODE_91_length_1557_cov_56.411232:778..1164:IncFIA(HI1)_1__AF250878:98.195876","","IncFIA(HI1)",98.45,99.74,"778","1164","2","388"
"gHRiH5GELXDMrX85tVKZ28","SAMEA111504602","NODE_23_length_60225_cov_14.350015","NODE_23_length_60225_cov_14.350015:5310..5697:IncFIA(HI1)_1__AF250878:96.907216","","IncFIA(HI1)",96.91,100,"5310","5697","1","388"
"gHRiH5GELXDMrX85tVKZ28","SAMEA111504602","NODE_24_length_53604_cov_15.014167","NODE_24_length_53604_cov_15.014167:39929..40156:IncFII(pKP91)_1__CP000966:94.385798","","IncFII(pKP91)",95.63,98.7,"39929","40156","3","230"
"gHRiH5GELXDMrX85tVKZ28","SAMEA111504602","NODE_32_length_26190_cov_16.115250","NODE_32_length_26190_cov_16.115250:6513..7072:IncFIB(K)_1__JN233704:99.107143","","IncFIB(K)",99.11,100,"6513","7072","1","560"
"gHRiH5GELXDMrX85tVKZ28","SAMEA111504602","NODE_48_length_3703_cov_716.366815","NODE_48_length_3703_cov_716.366815:1423..1553:Col(pHAD28)_1__KU674895:90.839695","","Col(pHAD28)",90.84,100,"1423","1553","1","131"
"pBqSWqxGYCeRocDsfgh6iq","SAMEA5753796","NODE_9_length_147552_cov_19.954352","NODE_9_length_147552_cov_19.954352:10225..10794:IncHI1B(pNDM-MAR)_1__JN420336:99.122807","","IncHI1B(pNDM-MAR)",99.12,100,"10225","10794","1","570"
"pBqSWqxGYCeRocDsfgh6iq","SAMEA5753796","NODE_26_length_8932_cov_17.841164","NODE_26_length_8932_cov_17.841164:3327..3886:repB_KLEB_VIR_AP006726:99.821429","","repB",99.82,100,"3327","3886","1","560"
"qCbmDssgHLcBae438R5Dyc","SAMEA4785016","NODE_24_length_82017_cov_26.597005","NODE_24_length_82017_cov_26.597005:63735..64474:IncFIB(pQil)_1__JN233705:100.000000","","IncFIB(pQil)",100,100,"63735","64474","1","740"
"qCbmDssgHLcBae438R5Dyc","SAMEA4785016","NODE_24_length_82017_cov_26.597005","NODE_24_length_82017_cov_26.597005:3537..3684:IncFII(K)_1__CP000648:97.972973","","IncFII(K)",97.97,100,"3537","3684","1","148"
"qCbmDssgHLcBae438R5Dyc","SAMEA4785016","NODE_38_length_19215_cov_50.326489","NODE_38_length_19215_cov_50.326489:5175..5425:IncR_1__DQ449578:100.000000","","IncR",100,100,"5175","5425","1","251"
"qCbmDssgHLcBae438R5Dyc","SAMEA4785016","NODE_55_length_4025_cov_214.854430","NODE_55_length_4025_cov_214.854430:1594..1721:Col(pHAD28)_1__KU674895:89.378070","","Col(pHAD28)",91.47,97.71,"1594","1721","1","129"
"qCbmDssgHLcBae438R5Dyc","SAMEA4785016","NODE_56_length_3826_cov_233.843508","NODE_56_length_3826_cov_233.843508:39..152:Col440I_1__CP023920:92.105263","","Col440I",92.11,100,"39","152","1","114"
"iFAMgQEQ9r63a5vi8Ebd8V","SAMN05960916","NODE_14_length_78365_cov_22.954821","NODE_14_length_78365_cov_22.954821:23084..23231:IncFII(K)_1__CP000648:97.972973","","IncFII(K)",97.97,100,"23084","23231","1","148"
"iFAMgQEQ9r63a5vi8Ebd8V","SAMN05960916","NODE_15_length_64016_cov_23.176573","NODE_15_length_64016_cov_23.176573:47096..47655:IncFIB(K)_1__JN233704:98.750000","","IncFIB(K)",98.75,100,"47096","47655","1","560"
"iFAMgQEQ9r63a5vi8Ebd8V","SAMN05960916","NODE_28_length_6321_cov_246.963517","NODE_28_length_6321_cov_246.963517:1133..1263:Col(pHAD28)_1__KU674895:92.366412","","Col(pHAD28)",92.37,100,"1133","1263","1","131"
"jTiRmR53by543rfq4UbbmC","SAMEA6654210","NODE_41_length_11473_cov_34.933936","NODE_41_length_11473_cov_34.933936:5667..6226:IncFIB(K)(pCAV1099-114)_1__CP011596:100.000000","","IncFIB(K)(pCAV1099-114)",100,100,"5667","6226","1","560"
"jTiRmR53by543rfq4UbbmC","SAMEA6654210","NODE_51_length_4100_cov_2257.192050","NODE_51_length_4100_cov_2257.192050:3949..4062:Col440I_1__CP023920:92.105263","","Col440I",92.11,100,"3949","4062","1","114"
"jTiRmR53by543rfq4UbbmC","SAMEA6654210","NODE_53_length_3857_cov_4192.998942","NODE_53_length_3857_cov_4192.998942:2218..2348:Col(pHAD28)_1__KU674895:92.366412","","Col(pHAD28)",92.37,100,"2218","2348","1","131"
"mXmvUBJsJ3NCEFC9wtxG9K","SAMEA111505137","NODE_27_length_36186_cov_16.982443","NODE_27_length_36186_cov_16.982443:1408..1555:IncFII(K)_1__CP000648:94.594595","","IncFII(K)",94.59,100,"1408","1555","1","148"
"mXmvUBJsJ3NCEFC9wtxG9K","SAMEA111505137","NODE_32_length_16782_cov_15.504998","NODE_32_length_16782_cov_15.504998:7519..7769:IncR_1__DQ449578:98.007968","","IncR",98.01,100,"7519","7769","1","251"
"btUoFbd8aqxcD1n6YhpvHc","SAMEA5753781","NODE_63_length_3250_cov_27.766423","NODE_63_length_3250_cov_27.766423:2124..2237:Col440I_1__CP023920:92.982456","","Col440I",92.98,100,"2124","2237","1","114"
"okt9qZNhhLcsFeCFnXKnuK","SAMN05960929","NODE_23_length_70172_cov_30.999129","NODE_23_length_70172_cov_30.999129:60933..61080:IncFII(K)_1__CP000648:97.297297","","IncFII(K)",97.3,100,"60933","61080","1","148"
"okt9qZNhhLcsFeCFnXKnuK","SAMN05960929","NODE_28_length_39430_cov_37.939793","NODE_28_length_39430_cov_37.939793:36578..36964:IncFIA(HI1)_1__AF250878:98.195876","","IncFIA(HI1)",98.45,99.74,"36578","36964","2","388"
"okt9qZNhhLcsFeCFnXKnuK","SAMN05960929","NODE_28_length_39430_cov_37.939793","NODE_28_length_39430_cov_37.939793:5214..5464:IncR_1__DQ449578:100.000000","","IncR",100,100,"5214","5464","1","251"
"okt9qZNhhLcsFeCFnXKnuK","SAMN05960929","NODE_38_length_8139_cov_31.906716","NODE_38_length_8139_cov_31.906716:3456..4015:IncFIB(K)_1__JN233704:100.000000","","IncFIB(K)",100,100,"3456","4015","1","560"
"okt9qZNhhLcsFeCFnXKnuK","SAMN05960929","NODE_39_length_6321_cov_187.154773","NODE_39_length_6321_cov_187.154773:5181..5311:Col(pHAD28)_1__KU674895:92.366412","","Col(pHAD28)",92.37,100,"5181","5311","1","131"
"hbHdbHfoXrwNJcLBhzHvVm","SAMN05960924","NODE_30_length_54756_cov_42.532521","NODE_30_length_54756_cov_42.532521:13181..13740:IncFIB(K)_1__JN233704:98.928571","","IncFIB(K)",98.93,100,"13181","13740","1","560"
"hbHdbHfoXrwNJcLBhzHvVm","SAMN05960924","NODE_41_length_30074_cov_45.201201","NODE_41_length_30074_cov_45.201201:12744..12970:IncFII(pKP91)_1__CP000966:88.427948","","IncFII(pKP91)",90.39,97.83,"12744","12970","4","230"
"hbHdbHfoXrwNJcLBhzHvVm","SAMN05960924","NODE_55_length_4540_cov_220.486602","NODE_55_length_4540_cov_220.486602:877..991:Col(pHAD28)_1__KU674895:81.679389","","Col(pHAD28)",93.04,87.79,"877","991","1","115"
"hbHdbHfoXrwNJcLBhzHvVm","SAMN05960924","NODE_58_length_3400_cov_192.906998","NODE_58_length_3400_cov_192.906998:953..1083:Col(pHAD28)_1__KU674895:91.603053","","Col(pHAD28)",91.6,100,"953","1083","1","131"
"hbHdbHfoXrwNJcLBhzHvVm","SAMN05960924","NODE_60_length_2430_cov_479.510511","NODE_60_length_2430_cov_479.510511:2186..2370:Col(IRGK)_1__AY543071:98.378378","","Col(IRGK)",98.38,100,"2186","2370","1","184"
"kBALZdVn7VujpzkzPa26An","SAMEA7472437","NODE_23_length_38004_cov_15.655138","NODE_23_length_38004_cov_15.655138:32145..32704:IncFIB(K)(pCAV1099-114)_1__CP011596:100.000000","","IncFIB(K)(pCAV1099-114)",100,100,"32145","32704","1","560"
"kBALZdVn7VujpzkzPa26An","SAMEA7472437","NODE_23_length_38004_cov_15.655138","NODE_23_length_38004_cov_15.655138:19826..20263:RepB_1_pC39_CP061702.1:100.000000","","RepB",100,100,"19826","20263","1","438"
"kBALZdVn7VujpzkzPa26An","SAMEA7472437","NODE_41_length_2253_cov_19.821727","NODE_41_length_2253_cov_19.821727:1632..2160:IncQ1_1__M28829:66.457286","","IncQ1",100,66.46,"1632","2160","1","529"
"tTyCjY4Csbq3fyU8svwuo4","SAMEA111504600","NODE_21_length_72643_cov_40.896387","NODE_21_length_72643_cov_40.896387:8800..8947:IncFII(K)_1__CP000648:97.297297","","IncFII(K)",97.3,100,"8800","8947","1","148"
"tTyCjY4Csbq3fyU8svwuo4","SAMEA111504600","NODE_23_length_58397_cov_36.140530","NODE_23_length_58397_cov_36.140530:27774..28435:IncL_1__JN626286:96.844640","","IncL",97.14,99.7,"27774","28435","1","661"
"tTyCjY4Csbq3fyU8svwuo4","SAMEA111504600","NODE_38_length_13672_cov_18.700375","NODE_38_length_13672_cov_18.700375:5247..5497:IncR_1__DQ449578:100.000000","","IncR",100,100,"5247","5497","1","251"
"tTyCjY4Csbq3fyU8svwuo4","SAMEA111504600","NODE_41_length_12455_cov_42.689661","NODE_41_length_12455_cov_42.689661:7796..8355:IncFIB(K)_1__JN233704:100.000000","","IncFIB(K)",100,100,"7796","8355","1","560"
"hxXhLzorgrHxR6NnkSrdqN","SAMEA6155892","NODE_29_length_51272_cov_6.009224","NODE_29_length_51272_cov_6.009224:42216..42363:IncFII(K)_1__CP000648:100.000000","","IncFII(K)",100,100,"42216","42363","1","148"
"hxXhLzorgrHxR6NnkSrdqN","SAMEA6155892","NODE_39_length_12402_cov_7.097537","NODE_39_length_12402_cov_7.097537:4176..4735:IncFIB(K)_1__JN233704:100.000000","","IncFIB(K)",100,100,"4176","4735","1","560"
"hxXhLzorgrHxR6NnkSrdqN","SAMEA6155892","NODE_40_length_10810_cov_10.422930","NODE_40_length_10810_cov_10.422930:5524..5774:IncR_1__DQ449578:100.000000","","IncR",100,100,"5524","5774","1","251"
"hxXhLzorgrHxR6NnkSrdqN","SAMEA6155892","NODE_41_length_8947_cov_9.636980","NODE_41_length_8947_cov_9.636980:5932..6554:repB(R1701)_1__CP039970:99.197432","","repB(R1701)",99.2,100,"5932","6554","1","623"
"hxXhLzorgrHxR6NnkSrdqN","SAMEA6155892","NODE_44_length_6018_cov_10.186856","NODE_44_length_6018_cov_10.186856:2283..2669:IncFIA(HI1)_1__AF250878:98.195876","","IncFIA(HI1)",98.45,99.74,"2283","2669","2","388"
"eATSxGb5iiL8KhfjiQiVPf","SAMEA5753489","NODE_44_length_26296_cov_23.518914","NODE_44_length_26296_cov_23.518914:23587..23973:IncFIA(HI1)_1__AF250878:98.195876","","IncFIA(HI1)",98.45,99.74,"23587","23973","2","388"
"eATSxGb5iiL8KhfjiQiVPf","SAMEA5753489","NODE_48_length_24739_cov_24.196347","NODE_48_length_24739_cov_24.196347:6254..6813:IncFIB(K)_1__JN233704:98.928571","","IncFIB(K)",98.93,100,"6254","6813","1","560"
"eATSxGb5iiL8KhfjiQiVPf","SAMEA5753489","NODE_77_length_5873_cov_21.041739","NODE_77_length_5873_cov_21.041739:444..694:IncR_1__DQ449578:99.601594","","IncR",99.6,100,"444","694","1","251"
"eATSxGb5iiL8KhfjiQiVPf","SAMEA5753489","NODE_82_length_4785_cov_29.026889","NODE_82_length_4785_cov_29.026889:513..622:Col440I_1__CP023920:90.350877","","Col440I",93.64,96.49,"513","622","1","110"
"eATSxGb5iiL8KhfjiQiVPf","SAMEA5753489","NODE_86_length_3950_cov_30.833290","NODE_86_length_3950_cov_30.833290:3487..3767:Col440II_1__CP023921:90.425532","","Col440II",90.75,99.65,"3487","3767","2","282"
"eATSxGb5iiL8KhfjiQiVPf","SAMEA5753489","NODE_86_length_3950_cov_30.833290","NODE_86_length_3950_cov_30.833290:2786..2904:Col(pHAD28)_1__KU674895:83.969466","","Col(pHAD28)",92.44,90.84,"2786","2904","1","119"
"eATSxGb5iiL8KhfjiQiVPf","SAMEA5753489","NODE_87_length_3942_cov_34.111371","NODE_87_length_3942_cov_34.111371:1177..1286:Col440I_1__CP023920:92.105263","","Col440I",95.45,96.49,"1177","1286","1","110"
"axVxmWyZzm8aS1bKjVkAnL","SAMEA6155808","NODE_11_length_137668_cov_10.281640","NODE_11_length_137668_cov_10.281640:76083..76521:IncFIB(pNDM-Mar)_1__JN420336:100.000000","","IncFIB(pNDM-Mar)",100,100,"76083","76521","1","439"
"axVxmWyZzm8aS1bKjVkAnL","SAMEA6155808","NODE_16_length_69832_cov_9.775974","NODE_16_length_69832_cov_9.775974:4126..4685:IncFIB(K)_1__JN233704:98.928571","","IncFIB(K)",98.93,100,"4126","4685","1","560"
"axVxmWyZzm8aS1bKjVkAnL","SAMEA6155808","NODE_16_length_69832_cov_9.775974","NODE_16_length_69832_cov_9.775974:67933..68080:IncFII(K)_1__CP000648:95.945946","","IncFII(K)",95.95,100,"67933","68080","1","148"
"axVxmWyZzm8aS1bKjVkAnL","SAMEA6155808","NODE_22_length_37083_cov_10.996106","NODE_22_length_37083_cov_10.996106:5832..6401:IncHI1B(pNDM-MAR)_1__JN420336:100.000000","","IncHI1B(pNDM-MAR)",100,100,"5832","6401","1","570"
"axVxmWyZzm8aS1bKjVkAnL","SAMEA6155808","NODE_32_length_4750_cov_38.969254","NODE_32_length_4750_cov_38.969254:76..189:Col440I_1__CP023920:100.000000","","Col440I",100,100,"76","189","1","114"
"axVxmWyZzm8aS1bKjVkAnL","SAMEA6155808","NODE_33_length_4514_cov_78.097395","NODE_33_length_4514_cov_78.097395:3604..3885:Col440II_1__CP023921:97.517730","","Col440II",97.52,100,"3604","3885","1","282"
"axVxmWyZzm8aS1bKjVkAnL","SAMEA6155808","NODE_33_length_4514_cov_78.097395","NODE_33_length_4514_cov_78.097395:37..167:Col(pHAD28)_1__KU674895:93.129771","","Col(pHAD28)",93.13,100,"37","167","1","131"
"axVxmWyZzm8aS1bKjVkAnL","SAMEA6155808","NODE_35_length_4090_cov_51.835881","NODE_35_length_4090_cov_51.835881:927..1054:Col(pHAD28)_1__KU674895:89.378070","","Col(pHAD28)",91.47,97.71,"927","1054","1","129"
"abi1Cozq38MftZu9GoWRo8","SAMEA115925714","NODE_39_length_14097_cov_14.047925","NODE_39_length_14097_cov_14.047925:1722..2281:IncFIB(K)_1__JN233704:98.928571","","IncFIB(K)",98.93,100,"1722","2281","1","560"
"34caPkcrqQNC2rujeV82s2","SAMEA7472490","NODE_35_length_20554_cov_5.522513","NODE_35_length_20554_cov_5.522513:7365..7924:IncFIB(K)_1__JN233704:100.000000","","IncFIB(K)",100,100,"7365","7924","1","560"
"34caPkcrqQNC2rujeV82s2","SAMEA7472490","NODE_37_length_17768_cov_5.122255","NODE_37_length_17768_cov_5.122255:3751..4001:IncR_1__DQ449578:99.203187","","IncR",99.2,100,"3751","4001","1","251"
"34caPkcrqQNC2rujeV82s2","SAMEA7472490","NODE_45_length_5901_cov_3.608066","NODE_45_length_5901_cov_3.608066:3803..4542:IncFIB(pQil)_1__JN233705:99.864865","","IncFIB(pQil)",99.86,100,"3803","4542","1","740"
"34caPkcrqQNC2rujeV82s2","SAMEA7472490","NODE_55_length_4327_cov_354.473983","NODE_55_length_4327_cov_354.473983:1694..1807:Col440I_1__CP023920:95.614035","","Col440I",95.61,100,"1694","1807","1","114"
"34caPkcrqQNC2rujeV82s2","SAMEA7472490","NODE_56_length_4079_cov_6.454523","NODE_56_length_4079_cov_6.454523:2737..2884:IncFII(K)_1__CP000648:95.945946","","IncFII(K)",95.95,100,"2737","2884","1","148"
"34caPkcrqQNC2rujeV82s2","SAMEA7472490","NODE_58_length_3643_cov_660.134594","NODE_58_length_3643_cov_660.134594:1844..1971:Col(pHAD28)_1__KU674895:89.378070","","Col(pHAD28)",91.47,97.71,"1844","1971","1","129"
"34caPkcrqQNC2rujeV82s2","SAMEA7472490","NODE_81_length_1960_cov_3.104245","NODE_81_length_1960_cov_3.104245:611..1233:repB(R1701)_1__CP039970:99.518459","","repB(R1701)",99.52,100,"611","1233","1","623"
"csEo9XuSMWgYBzktbKmSSj","SAMEA6155787","NODE_15_length_78031_cov_11.843813","NODE_15_length_78031_cov_11.843813:64904..65463:IncFIB(K)_1__JN233704:98.928571","","IncFIB(K)",98.93,100,"64904","65463","1","560"
"csEo9XuSMWgYBzktbKmSSj","SAMEA6155787","NODE_15_length_78031_cov_11.843813","NODE_15_length_78031_cov_11.843813:1753..1900:IncFII(K)_1__CP000648:95.945946","","IncFII(K)",95.95,100,"1753","1900","1","148"
"aeouxh2g1Te9sjQB2ycPTG","SAMEA4785014","NODE_22_length_85404_cov_35.114627","NODE_22_length_85404_cov_35.114627:17544..18283:IncFIB(pQil)_1__JN233705:100.000000","","IncFIB(pQil)",100,100,"17544","18283","1","740"
"aeouxh2g1Te9sjQB2ycPTG","SAMEA4785014","NODE_22_length_85404_cov_35.114627","NODE_22_length_85404_cov_35.114627:81720..81867:IncFII(K)_1__CP000648:97.972973","","IncFII(K)",97.97,100,"81720","81867","1","148"
"aeouxh2g1Te9sjQB2ycPTG","SAMEA4785014","NODE_36_length_19215_cov_74.747074","NODE_36_length_19215_cov_74.747074:5175..5425:IncR_1__DQ449578:100.000000","","IncR",100,100,"5175","5425","1","251"
"aeouxh2g1Te9sjQB2ycPTG","SAMEA4785014","NODE_55_length_4026_cov_348.709694","NODE_55_length_4026_cov_348.709694:2305..2432:Col(pHAD28)_1__KU674895:89.378070","","Col(pHAD28)",91.47,97.71,"2305","2432","1","129"
"aeouxh2g1Te9sjQB2ycPTG","SAMEA4785014","NODE_57_length_3826_cov_352.175420","NODE_57_length_3826_cov_352.175420:39..152:Col440I_1__CP023920:92.105263","","Col440I",92.11,100,"39","152","1","114"
"eFTqiVDFVeLz3FoRKmGuTg","SAMN05960903","NODE_21_length_82559_cov_25.903226","NODE_21_length_82559_cov_25.903226:16193..16340:IncFII(K)_1__CP000648:97.972973","","IncFII(K)",97.97,100,"16193","16340","1","148"
"eFTqiVDFVeLz3FoRKmGuTg","SAMN05960903","NODE_35_length_22157_cov_31.420890","NODE_35_length_22157_cov_31.420890:12132..12754:repB(R1701)_1__CP039970:99.518459","","repB(R1701)",99.52,100,"12132","12754","1","623"
"eFTqiVDFVeLz3FoRKmGuTg","SAMN05960903","NODE_42_length_12308_cov_24.946187","NODE_42_length_12308_cov_24.946187:4124..4683:IncFIB(K)_1__JN233704:100.000000","","IncFIB(K)",100,100,"4124","4683","1","560"
"eFTqiVDFVeLz3FoRKmGuTg","SAMN05960903","NODE_52_length_3763_cov_130.213155","NODE_52_length_3763_cov_130.213155:2256..2386:Col(pHAD28)_1__KU674895:94.656489","","Col(pHAD28)",94.66,100,"2256","2386","1","131"
"eFTqiVDFVeLz3FoRKmGuTg","SAMN05960903","NODE_53_length_3643_cov_240.875564","NODE_53_length_3643_cov_240.875564:1852..2133:Col440II_1__CP023921:97.517730","","Col440II",97.52,100,"1852","2133","1","282"
"uqbGSJGG4JqDCK8bRXzBVM","SAMEA6155813","NODE_25_length_35281_cov_9.607328","NODE_25_length_35281_cov_9.607328:425..994:IncHI1B(pNDM-MAR)_1__JN420336:100.000000","","IncHI1B(pNDM-MAR)",100,100,"425","994","1","570"
"uqbGSJGG4JqDCK8bRXzBVM","SAMEA6155813","NODE_35_length_12608_cov_9.559677","NODE_35_length_12608_cov_9.559677:8546..9105:IncFIB(K)(pCAV1099-114)_1__CP011596:99.642857","","IncFIB(K)(pCAV1099-114)",99.64,100,"8546","9105","1","560"
"uqbGSJGG4JqDCK8bRXzBVM","SAMEA6155813","NODE_35_length_12608_cov_9.559677","NODE_35_length_12608_cov_9.559677:818..1260:repFIB_pC39_CP061701:97.968397","","repFIB",97.97,100,"818","1260","1","443"
"uqbGSJGG4JqDCK8bRXzBVM","SAMEA6155813","NODE_37_length_7506_cov_8.990279","NODE_37_length_7506_cov_8.990279:3108..3218:Col440I_1__CP023920:93.859649","","Col440I",96.4,97.37,"3108","3218","1","111"
"deESyp4UGZFrjXdyBnMYd4","SAMEA112281697","NODE_29_length_41537_cov_5.754790","NODE_29_length_41537_cov_5.754790:36757..37017:IncFII_1__AY458016:100.000000","","IncFII",100,100,"36757","37017","1","261"
"deESyp4UGZFrjXdyBnMYd4","SAMEA112281697","NODE_32_length_39577_cov_4.903237","NODE_32_length_39577_cov_4.903237:33384..33943:IncFIB(K)(pCAV1099-114)_1__CP011596:99.642857","","IncFIB(K)(pCAV1099-114)",99.64,100,"33384","33943","1","560"
"deESyp4UGZFrjXdyBnMYd4","SAMEA112281697","NODE_32_length_39577_cov_4.903237","NODE_32_length_39577_cov_4.903237:25656..26098:repFIB_pC39_CP061701:97.968397","","repFIB",97.97,100,"25656","26098","1","443"
"deESyp4UGZFrjXdyBnMYd4","SAMEA112281697","NODE_44_length_12000_cov_4.821696","NODE_44_length_12000_cov_4.821696:6253..6503:IncR_1__DQ449578:100.000000","","IncR",100,100,"6253","6503","1","251"
"deESyp4UGZFrjXdyBnMYd4","SAMEA112281697","NODE_63_length_4266_cov_26.067915","NODE_63_length_4266_cov_26.067915:2001..2131:Col(pHAD28)_1__KU674895:92.366412","","Col(pHAD28)",92.37,100,"2001","2131","1","131"
"deESyp4UGZFrjXdyBnMYd4","SAMEA112281697","NODE_71_length_3395_cov_3.987561","NODE_71_length_3395_cov_3.987561:178..288:Col440I_1__CP023920:93.859649","","Col440I",96.4,97.37,"178","288","1","111"
"deESyp4UGZFrjXdyBnMYd4","SAMEA112281697","NODE_86_length_1732_cov_4.292100","NODE_86_length_1732_cov_4.292100:845..1414:IncHI1B(pNDM-MAR)_1__JN420336:100.000000","","IncHI1B(pNDM-MAR)",100,100,"845","1414","1","570"
"deESyp4UGZFrjXdyBnMYd4","SAMEA112281697","NODE_90_length_1557_cov_4.015097","NODE_90_length_1557_cov_4.015097:778..1164:IncFIA(HI1)_1__AF250878:98.195876","","IncFIA(HI1)",98.45,99.74,"778","1164","2","388"
"aaFzZcsBR9xtdcU9RYjc7z","SAMEA6156056","NODE_18_length_86505_cov_10.529622","NODE_18_length_86505_cov_10.529622:77266..77413:IncFII(K)_1__CP000648:97.297297","","IncFII(K)",97.3,100,"77266","77413","1","148"
"aaFzZcsBR9xtdcU9RYjc7z","SAMEA6156056","NODE_25_length_16577_cov_10.804467","NODE_25_length_16577_cov_10.804467:7798..8357:IncFIB(K)_1__JN233704:100.000000","","IncFIB(K)",100,100,"7798","8357","1","560"
"2zMSRqAocfCJKkD9QNFy4h","SAMEA111505127","NODE_24_length_81746_cov_15.472126","NODE_24_length_81746_cov_15.472126:35424..35993:IncHI1B(pNDM-MAR)_1__JN420336:100.000000","","IncHI1B(pNDM-MAR)",100,100,"35424","35993","1","570"
"2zMSRqAocfCJKkD9QNFy4h","SAMEA111505127","NODE_24_length_81746_cov_15.472126","NODE_24_length_81746_cov_15.472126:72665..73224:IncFIB(K)(pCAV1099-114)_1__CP011596:99.642857","","IncFIB(K)(pCAV1099-114)",99.64,100,"72665","73224","1","560"
"2zMSRqAocfCJKkD9QNFy4h","SAMEA111505127","NODE_24_length_81746_cov_15.472126","NODE_24_length_81746_cov_15.472126:80510..80952:repFIB_pC39_CP061701:97.968397","","repFIB",97.97,100,"80510","80952","1","443"
"hd8rgdPvTyBYYYUDZXhUKY","SAMEA5753758","NODE_26_length_13381_cov_15.492170","NODE_26_length_13381_cov_15.492170:8456..8893:RepB_1_pC39_CP061702.1:99.543379","","RepB",99.54,100,"8456","8893","1","438"
"hd8rgdPvTyBYYYUDZXhUKY","SAMEA5753758","NODE_32_length_7561_cov_19.292990","NODE_32_length_7561_cov_19.292990:6371..6930:IncFIB(K)(pCAV1099-114)_1__CP011596:100.000000","","IncFIB(K)(pCAV1099-114)",100,100,"6371","6930","1","560"
"hd8rgdPvTyBYYYUDZXhUKY","SAMEA5753758","NODE_40_length_3903_cov_34.710042","NODE_40_length_3903_cov_34.710042:2142..2272:Col(pHAD28)_1__KU674895:90.839695","","Col(pHAD28)",90.84,100,"2142","2272","1","131"
"sBY9yaGJ9Z3UehhpmLwApW","SAMN05960912","NODE_33_length_15352_cov_48.092179","NODE_33_length_15352_cov_48.092179:5214..5464:IncR_1__DQ449578:100.000000","","IncR",100,100,"5214","5464","1","251"
"sBY9yaGJ9Z3UehhpmLwApW","SAMN05960912","NODE_34_length_11348_cov_389.231132","NODE_34_length_11348_cov_389.231132:1806..1919:Col440I_1__CP023920:95.614035","","Col440I",95.61,100,"1806","1919","1","114"
"sBY9yaGJ9Z3UehhpmLwApW","SAMN05960912","NODE_46_length_2460_cov_2542.582804","NODE_46_length_2460_cov_2542.582804:1533..1725:ColpVC_1__JX133088:98.445596","","ColpVC",98.45,100,"1533","1725","1","193"
"sBY9yaGJ9Z3UehhpmLwApW","SAMN05960912","NODE_46_length_2460_cov_2542.582804","NODE_46_length_2460_cov_2542.582804:2240..2432:ColpVC_1__JX133088:98.445596","","ColpVC",98.45,100,"2240","2432","1","193"
"sBY9yaGJ9Z3UehhpmLwApW","SAMN05960912","NODE_52_length_1557_cov_49.173309","NODE_52_length_1557_cov_49.173309:394..780:IncFIA(HI1)_1__AF250878:98.195876","","IncFIA(HI1)",98.45,99.74,"394","780","2","388"
"9Cg5tSRuj3WekAkohxtNF8","SAMEA6155831","NODE_15_length_95693_cov_6.314002","NODE_15_length_95693_cov_6.314002:85580..85727:IncFII(K)_1__CP000648:97.972973","","IncFII(K)",97.97,100,"85580","85727","1","148"
"9Cg5tSRuj3WekAkohxtNF8","SAMEA6155831","NODE_19_length_39014_cov_10.261930","NODE_19_length_39014_cov_10.261930:26493..27232:IncFIB(pQil)_1__JN233705:100.000000","","IncFIB(pQil)",100,100,"26493","27232","1","740"
"9Cg5tSRuj3WekAkohxtNF8","SAMEA6155831","NODE_26_length_8727_cov_5.354427","NODE_26_length_8727_cov_5.354427:4043..4602:IncFIB(K)_1__JN233704:98.928571","","IncFIB(K)",98.93,100,"4043","4602","1","560"
"9Cg5tSRuj3WekAkohxtNF8","SAMEA6155831","NODE_29_length_5306_cov_35.644709","NODE_29_length_5306_cov_35.644709:4405..4685:Col440II_1__CP023921:90.425532","","Col440II",90.75,99.65,"4405","4685","2","282"
"9Cg5tSRuj3WekAkohxtNF8","SAMEA6155831","NODE_29_length_5306_cov_35.644709","NODE_29_length_5306_cov_35.644709:92..201:Col440I_1__CP023920:90.350877","","Col440I",93.64,96.49,"92","201","1","110"
"9Cg5tSRuj3WekAkohxtNF8","SAMEA6155831","NODE_31_length_4262_cov_20.766274","NODE_31_length_4262_cov_20.766274:2698..2811:Col440I_1__CP023920:96.491228","","Col440I",96.49,100,"2698","2811","1","114"
"9Cg5tSRuj3WekAkohxtNF8","SAMEA6155831","NODE_32_length_4040_cov_67.735093","NODE_32_length_4040_cov_67.735093:3242..3523:Col440II_1__CP023921:96.808511","","Col440II",96.81,100,"3242","3523","1","282"
"byKxLedN8hkeYPzGY9RN3e","SAMEA6156048","NODE_24_length_41617_cov_11.288044","NODE_24_length_41617_cov_11.288044:19158..19408:IncR_1__DQ449578:99.203187","","IncR",99.2,100,"19158","19408","1","251"
"byKxLedN8hkeYPzGY9RN3e","SAMEA6156048","NODE_32_length_20076_cov_10.026781","NODE_32_length_20076_cov_10.026781:5903..6462:IncFIB(K)(pCAV1099-114)_1__CP011596:100.000000","","IncFIB(K)(pCAV1099-114)",100,100,"5903","6462","1","560"
"byKxLedN8hkeYPzGY9RN3e","SAMEA6156048","NODE_47_length_3888_cov_50.611771","NODE_47_length_3888_cov_50.611771:1776..1906:Col(pHAD28)_1__KU674895:92.366412","","Col(pHAD28)",92.37,100,"1776","1906","1","131"
"emc2Y8aewkeLdrXP1ErTVq","SAMEA6422787","NODE_17_length_61550_cov_33.419228","NODE_17_length_61550_cov_33.419228:59651..59798:IncFII(K)_1__CP000648:95.945946","","IncFII(K)",95.95,100,"59651","59798","1","148"
"emc2Y8aewkeLdrXP1ErTVq","SAMEA6422787","NODE_19_length_37043_cov_36.039465","NODE_19_length_37043_cov_36.039465:18117..18592:IncN4_1__JQ996149:96.638655","","IncN4",96.64,100,"18117","18592","1","476"
"emc2Y8aewkeLdrXP1ErTVq","SAMEA6422787","NODE_25_length_16598_cov_33.956300","NODE_25_length_16598_cov_33.956300:3471..4030:IncFIB(K)_1__JN233704:98.928571","","IncFIB(K)",98.93,100,"3471","4030","1","560"
"emc2Y8aewkeLdrXP1ErTVq","SAMEA6422787","NODE_34_length_3679_cov_70.881844","NODE_34_length_3679_cov_70.881844:2155..2268:Col440I_1__CP023920:97.368421","","Col440I",97.37,100,"2155","2268","1","114"
"5YcHZfCXXEbTw9xNzuwa1J","SAMEA111505136","NODE_40_length_44668_cov_8.979436","NODE_40_length_44668_cov_8.979436:40495..40642:IncFII(K)_1__CP000648:95.945946","","IncFII(K)",95.95,100,"40495","40642","1","148"
"5YcHZfCXXEbTw9xNzuwa1J","SAMEA111505136","NODE_44_length_33748_cov_13.983577","NODE_44_length_33748_cov_13.983577:13837..14163:IncHI2_1__BX664015:100.000000","","IncHI2",100,100,"13837","14163","1","327"
"5YcHZfCXXEbTw9xNzuwa1J","SAMEA111505136","NODE_46_length_31303_cov_9.459203","NODE_46_length_31303_cov_9.459203:18815..19437:repB(R1701)_1__CP039970:99.197432","","repB(R1701)",99.2,100,"18815","19437","1","623"
"5YcHZfCXXEbTw9xNzuwa1J","SAMEA111505136","NODE_55_length_23170_cov_13.736999","NODE_55_length_23170_cov_13.736999:1182..1811:IncHI2A_1__BX664015:99.523810","","IncHI2A",99.52,100,"1182","1811","1","630"
"5YcHZfCXXEbTw9xNzuwa1J","SAMEA111505136","NODE_57_length_22819_cov_6.110579","NODE_57_length_22819_cov_6.110579:2993..3552:IncFIB(pKPHS1)_1__CP003223:95.714286","","IncFIB(pKPHS1)",95.71,100,"2993","3552","1","560"
"5YcHZfCXXEbTw9xNzuwa1J","SAMEA111505136","NODE_58_length_21463_cov_13.317935","NODE_58_length_21463_cov_13.317935:8522..9081:IncFIB(K)(pCAV1099-114)_1__CP011596:99.642857","","IncFIB(K)(pCAV1099-114)",99.64,100,"8522","9081","1","560"
"5YcHZfCXXEbTw9xNzuwa1J","SAMEA111505136","NODE_58_length_21463_cov_13.317935","NODE_58_length_21463_cov_13.317935:794..1236:repFIB_pC39_CP061701:97.968397","","repFIB",97.97,100,"794","1236","1","443"
"5YcHZfCXXEbTw9xNzuwa1J","SAMEA111505136","NODE_99_length_4046_cov_201.061194","NODE_99_length_4046_cov_201.061194:120..233:Col440I_1__CP023920:95.614035","","Col440I",95.61,100,"120","233","1","114"
"5YcHZfCXXEbTw9xNzuwa1J","SAMEA111505136","NODE_106_length_3396_cov_238.591087","NODE_106_length_3396_cov_238.591087:971..1098:Col(pHAD28)_1__KU674895:89.378070","","Col(pHAD28)",91.47,97.71,"971","1098","1","129"
"5YcHZfCXXEbTw9xNzuwa1J","SAMEA111505136","NODE_108_length_3316_cov_268.211972","NODE_108_length_3316_cov_268.211972:1711..1828:Col(pHAD28)_1__KU674895:82.442748","","Col(pHAD28)",91.53,90.08,"1711","1828","1","118"
"5fgTM9Ykzy6oP5gU2VX5NY","SAMEA4785015","NODE_36_length_19215_cov_83.068495","NODE_36_length_19215_cov_83.068495:13791..14041:IncR_1__DQ449578:100.000000","","IncR",100,100,"13791","14041","1","251"
"5fgTM9Ykzy6oP5gU2VX5NY","SAMEA4785015","NODE_48_length_4023_cov_274.061297","NODE_48_length_4023_cov_274.061297:2303..2430:Col(pHAD28)_1__KU674895:89.378070","","Col(pHAD28)",91.47,97.71,"2303","2430","1","129"
"5fgTM9Ykzy6oP5gU2VX5NY","SAMEA4785015","NODE_53_length_2852_cov_254.929060","NODE_53_length_2852_cov_254.929060:2053..2183:Col(pHAD28)_1__KU674895:92.366412","","Col(pHAD28)",92.37,100,"2053","2183","1","131"
"qnFhGhEkJsEpymtjuEuRg4","SAMN05960965","NODE_40_length_3976_cov_150.393345","NODE_40_length_3976_cov_150.393345:2099..2210:Col(pHAD28)_1__KU674895:77.862595","","Col(pHAD28)",91.07,85.5,"2099","2210","1","112"
"7ktPb5meWXzfQRweFnU2FQ","SAMN36884892","NODE_36_length_15125_cov_59.040264","NODE_36_length_15125_cov_59.040264:5501..5751:IncR_1__DQ449578:100.000000","","IncR",100,100,"5501","5751","1","251"
"7ktPb5meWXzfQRweFnU2FQ","SAMN36884892","NODE_47_length_1557_cov_57.824879","NODE_47_length_1557_cov_57.824879:394..780:IncFIA(HI1)_1__AF250878:98.195876","","IncFIA(HI1)",98.45,99.74,"394","780","2","388"
"mh8QsLVSKkkUpSJ2Gqsxz6","SAMEA7472453","NODE_26_length_47903_cov_15.691427","NODE_26_length_47903_cov_15.691427:46499..47068:IncHI1B(pNDM-MAR)_1__JN420336:100.000000","","IncHI1B(pNDM-MAR)",100,100,"46499","47068","1","570"
"mh8QsLVSKkkUpSJ2Gqsxz6","SAMEA7472453","NODE_26_length_47903_cov_15.691427","NODE_26_length_47903_cov_15.691427:8546..9105:IncFIB(K)(pCAV1099-114)_1__CP011596:99.642857","","IncFIB(K)(pCAV1099-114)",99.64,100,"8546","9105","1","560"
"mh8QsLVSKkkUpSJ2Gqsxz6","SAMEA7472453","NODE_26_length_47903_cov_15.691427","NODE_26_length_47903_cov_15.691427:818..1260:repFIB_pC39_CP061701:97.968397","","repFIB",97.97,100,"818","1260","1","443"
"mh8QsLVSKkkUpSJ2Gqsxz6","SAMEA7472453","NODE_44_length_7509_cov_15.529825","NODE_44_length_7509_cov_15.529825:3112..3222:Col440I_1__CP023920:93.859649","","Col440I",96.4,97.37,"3112","3222","1","111"
"aCn3H8dceHdJsdtEZ3b3t4","SAMEA111505121","NODE_17_length_101235_cov_13.811853","NODE_17_length_101235_cov_13.811853:86701..86995:IncFIA(pBK30683)_1__KF954760:99.661017","","IncFIA(pBK30683)",99.66,100,"86701","86995","1","295"
"aCn3H8dceHdJsdtEZ3b3t4","SAMEA111505121","NODE_21_length_68883_cov_6.309528","NODE_21_length_68883_cov_6.309528:32618..33056:IncFIB(pNDM-Mar)_1__JN420336:99.544419","","IncFIB(pNDM-Mar)",99.54,100,"32618","33056","1","439"
"aCn3H8dceHdJsdtEZ3b3t4","SAMEA111505121","NODE_36_length_17111_cov_5.843390","NODE_36_length_17111_cov_5.843390:5115..5684:IncHI1B(pNDM-MAR)_1__JN420336:99.473684","","IncHI1B(pNDM-MAR)",99.47,100,"5115","5684","1","570"
"aCn3H8dceHdJsdtEZ3b3t4","SAMEA111505121","NODE_41_length_4293_cov_26.031057","NODE_41_length_4293_cov_26.031057:1410..1523:Col440I_1__CP023920:95.614035","","Col440I",95.61,100,"1410","1523","1","114"
"aCn3H8dceHdJsdtEZ3b3t4","SAMEA111505121","NODE_44_length_3642_cov_1546.584244","NODE_44_length_3642_cov_1546.584244:3136..3263:Col(pHAD28)_1__KU674895:90.135511","","Col(pHAD28)",92.25,97.71,"3136","3263","1","129"
"uEJwJQyMJ2QWaL2CKEdcYW","SAMEA7472492","NODE_33_length_29139_cov_8.302273","NODE_33_length_29139_cov_8.302273:7777..8346:IncHI1B(pNDM-MAR)_1__JN420336:100.000000","","IncHI1B(pNDM-MAR)",100,100,"7777","8346","1","570"
"uEJwJQyMJ2QWaL2CKEdcYW","SAMEA7472492","NODE_40_length_16023_cov_5.522921","NODE_40_length_16023_cov_5.522921:12191..12578:IncFIA(HI1)_1__AF250878:97.164948","","IncFIA(HI1)",97.16,100,"12191","12578","1","388"
"uEJwJQyMJ2QWaL2CKEdcYW","SAMEA7472492","NODE_44_length_10872_cov_7.885362","NODE_44_length_10872_cov_7.885362:5220..5779:IncFIB(K)(pCAV1099-114)_1__CP011596:100.000000","","IncFIB(K)(pCAV1099-114)",100,100,"5220","5779","1","560"
"uEJwJQyMJ2QWaL2CKEdcYW","SAMEA7472492","NODE_46_length_10615_cov_3.819703","NODE_46_length_10615_cov_3.819703:5577..5724:IncFII(K)_1__CP000648:95.270270","","IncFII(K)",95.27,100,"5577","5724","1","148"
"uEJwJQyMJ2QWaL2CKEdcYW","SAMEA7472492","NODE_58_length_5108_cov_356.700539","NODE_58_length_5108_cov_356.700539:2272..2387:Col(pHAD28)_1__KU674895:82.442748","","Col(pHAD28)",93.1,88.55,"2272","2387","1","116"
"uEJwJQyMJ2QWaL2CKEdcYW","SAMEA7472492","NODE_63_length_3651_cov_374.226633","NODE_63_length_3651_cov_374.226633:3403..3533:Col(pHAD28)_1__KU674895:90.076336","","Col(pHAD28)",90.08,100,"3403","3533","1","131"
"uEJwJQyMJ2QWaL2CKEdcYW","SAMEA7472492","NODE_75_length_1847_cov_1072.227689","NODE_75_length_1847_cov_1072.227689:1669..1847:ColpVC_1__JX133088:90.155440","","ColpVC",97.21,92.75,"1669","1847","13","191"
"tJvLJNL45xQFCnezmWwrq9","SAMEA6654228","NODE_30_length_38462_cov_13.043141","NODE_30_length_38462_cov_13.043141:7592..7819:IncFII(pKP91)_1__CP000966:94.385798","","IncFII(pKP91)",95.63,98.7,"7592","7819","3","230"
"tJvLJNL45xQFCnezmWwrq9","SAMEA6654228","NODE_36_length_27369_cov_43.318995","NODE_36_length_27369_cov_43.318995:22259..22632:IncX3_1__JN247852:100.000000","","IncX3",100,100,"22259","22632","1","374"
"tJvLJNL45xQFCnezmWwrq9","SAMEA6654228","NODE_37_length_26855_cov_10.948088","NODE_37_length_26855_cov_10.948088:4623..5061:IncFIB(pNDM-Mar)_1__JN420336:99.316629","","IncFIB(pNDM-Mar)",99.32,100,"4623","5061","1","439"
"tJvLJNL45xQFCnezmWwrq9","SAMEA6654228","NODE_48_length_9393_cov_102.842049","NODE_48_length_9393_cov_102.842049:8423..8552:ColRNAI_1__DQ298019:100.000000","","ColRNAI",100,100,"8423","8552","1","130"
"tJvLJNL45xQFCnezmWwrq9","SAMEA6654228","NODE_50_length_8765_cov_51.333256","NODE_50_length_8765_cov_51.333256:5910..6138:ColKP3_1__JN205800:81.785714","","ColKP3",100,81.79,"5910","6138","1","229"
"tJvLJNL45xQFCnezmWwrq9","SAMEA6654228","NODE_52_length_7297_cov_17.175439","NODE_52_length_7297_cov_17.175439:2436..2995:IncFIB(K)_1__JN233704:99.107143","","IncFIB(K)",99.11,100,"2436","2995","1","560"
"tJvLJNL45xQFCnezmWwrq9","SAMEA6654228","NODE_61_length_4579_cov_11.402679","NODE_61_length_4579_cov_11.402679:93..621:IncQ1_1__M28829:66.457286","","IncQ1",100,66.46,"93","621","1","529"
"6NgTy4avhPgFMyd7ew6qw3","SAMN05960920","NODE_10_length_188602_cov_16.410228","NODE_10_length_188602_cov_16.410228:96226..96784:IncFIB(K)(pCAV1099-114)_1__CP011596:95.535714","","IncFIB(K)(pCAV1099-114)",95.71,99.82,"96226","96784","1","559"
"6NgTy4avhPgFMyd7ew6qw3","SAMN05960920","NODE_10_length_188602_cov_16.410228","NODE_10_length_188602_cov_16.410228:14044..14191:IncFII(K)_1__CP000648:98.648649","","IncFII(K)",98.65,100,"14044","14191","1","148"
"fFbaU85qpMEsGYwmCyq8Ut","SAMEA6155806","NODE_15_length_78230_cov_6.796624","NODE_15_length_78230_cov_6.796624:12632..13191:IncFIB(K)_1__JN233704:98.928571","","IncFIB(K)",98.93,100,"12632","13191","1","560"
"fFbaU85qpMEsGYwmCyq8Ut","SAMEA6155806","NODE_15_length_78230_cov_6.796624","NODE_15_length_78230_cov_6.796624:76331..76478:IncFII(K)_1__CP000648:95.945946","","IncFII(K)",95.95,100,"76331","76478","1","148"
"eHwENZHnSn65mbjtkJquHt","SAMEA6155925","NODE_28_length_27465_cov_19.936929","NODE_28_length_27465_cov_19.936929:12411..12970:repB_KLEB_VIR_AP006726:100.000000","","repB",100,100,"12411","12970","1","560"
"eHwENZHnSn65mbjtkJquHt","SAMEA6155925","NODE_35_length_4693_cov_17.151067","NODE_35_length_4693_cov_17.151067:843..1412:IncHI1B(pNDM-MAR)_1__JN420336:100.000000","","IncHI1B(pNDM-MAR)",100,100,"843","1412","1","570"
"1eAFffAm8xJ8pXbru3vQpd","SAMEA6654243","NODE_15_length_78405_cov_8.389600","NODE_15_length_78405_cov_8.389600:30644..30871:IncFII(pKP91)_1__CP000966:94.385798","","IncFII(pKP91)",95.63,98.7,"30644","30871","3","230"
"1eAFffAm8xJ8pXbru3vQpd","SAMEA6654243","NODE_17_length_52764_cov_9.913434","NODE_17_length_52764_cov_9.913434:21091..21529:IncFIB(pNDM-Mar)_1__JN420336:99.316629","","IncFIB(pNDM-Mar)",99.32,100,"21091","21529","1","439"
"1eAFffAm8xJ8pXbru3vQpd","SAMEA6654243","NODE_23_length_34321_cov_16.079832","NODE_23_length_34321_cov_16.079832:29211..29584:IncX3_1__JN247852:100.000000","","IncX3",100,100,"29211","29584","1","374"
"1eAFffAm8xJ8pXbru3vQpd","SAMEA6654243","NODE_31_length_12700_cov_20.091977","NODE_31_length_12700_cov_20.091977:6562..6790:ColKP3_1__JN205800:81.785714","","ColKP3",100,81.79,"6562","6790","1","229"
"1eAFffAm8xJ8pXbru3vQpd","SAMEA6654243","NODE_35_length_7395_cov_10.561404","NODE_35_length_7395_cov_10.561404:2436..2995:IncFIB(K)_1__JN233704:99.107143","","IncFIB(K)",99.11,100,"2436","2995","1","560"
"1eAFffAm8xJ8pXbru3vQpd","SAMEA6654243","NODE_45_length_2255_cov_12.377551","NODE_45_length_2255_cov_12.377551:93..621:IncQ1_1__M28829:66.457286","","IncQ1",100,66.46,"93","621","1","529"
"bZXch8WCLn5U1VZ58x88Hr","SAMEA111505119","NODE_39_length_16521_cov_26.883862","NODE_39_length_16521_cov_26.883862:12608..13167:IncFIB(K)_1__JN233704:99.107143","","IncFIB(K)",99.11,100,"12608","13167","1","560"
"bZXch8WCLn5U1VZ58x88Hr","SAMEA111505119","NODE_46_length_3376_cov_1184.169646","NODE_46_length_3376_cov_1184.169646:3148..3278:Col(pHAD28)_1__KU674895:91.603053","","Col(pHAD28)",91.6,100,"3148","3278","1","131"
"knFHbBqNXxxzUbaNPwArxH","SAMEA111505115","NODE_49_length_9652_cov_25.302600","NODE_49_length_9652_cov_25.302600:5763..6322:IncFIB(K)(pCAV1099-114)_1__CP011596:100.000000","","IncFIB(K)(pCAV1099-114)",100,100,"5763","6322","1","560"
"knFHbBqNXxxzUbaNPwArxH","SAMEA111505115","NODE_59_length_4242_cov_589.441805","NODE_59_length_4242_cov_589.441805:39..152:Col440I_1__CP023920:92.105263","","Col440I",92.11,100,"39","152","1","114"
"knFHbBqNXxxzUbaNPwArxH","SAMEA111505115","NODE_61_length_3722_cov_700.672059","NODE_61_length_3722_cov_700.672059:1..130:Col(pHAD28)_1__KU674895:91.603053","","Col(pHAD28)",92.31,99.24,"1","130","2","131"
"8zoC2M3h7ckamKAjpBihyV","SAMN05960928","NODE_24_length_32117_cov_21.000781","NODE_24_length_32117_cov_21.000781:31287..31537:IncR_1__DQ449578:100.000000","","IncR",100,100,"31287","31537","1","251"
"8zoC2M3h7ckamKAjpBihyV","SAMN05960928","NODE_29_length_15612_cov_22.040676","NODE_29_length_15612_cov_22.040676:1275..1422:IncFII(K)_1__CP000648:97.297297","","IncFII(K)",97.3,100,"1275","1422","1","148"
"8zoC2M3h7ckamKAjpBihyV","SAMN05960928","NODE_32_length_12503_cov_21.639794","NODE_32_length_12503_cov_21.639794:4125..4684:IncFIB(K)_1__JN233704:100.000000","","IncFIB(K)",100,100,"4125","4684","1","560"
"8zoC2M3h7ckamKAjpBihyV","SAMN05960928","NODE_34_length_9393_cov_63.253497","NODE_34_length_9393_cov_63.253497:7713..7842:ColRNAI_1__DQ298019:100.000000","","ColRNAI",100,100,"7713","7842","1","130"
"8zoC2M3h7ckamKAjpBihyV","SAMN05960928","NODE_35_length_9269_cov_25.977644","NODE_35_length_9269_cov_25.977644:2467..2853:IncFIA(HI1)_1__AF250878:98.195876","","IncFIA(HI1)",98.45,99.74,"2467","2853","2","388"
"8zoC2M3h7ckamKAjpBihyV","SAMN05960928","NODE_47_length_3721_cov_73.840972","NODE_47_length_3721_cov_73.840972:1750..1880:Col(pHAD28)_1__KU674895:93.129771","","Col(pHAD28)",93.13,100,"1750","1880","1","131"
"8zoC2M3h7ckamKAjpBihyV","SAMN05960928","NODE_56_length_2154_cov_20.406326","NODE_56_length_2154_cov_20.406326:685..1307:repB(R1701)_1__CP039970:99.197432","","repB(R1701)",99.2,100,"685","1307","1","623"
"8gFkefqhqjn2zNeN7LKmRW","SAMEA6654211","NODE_25_length_56191_cov_17.982083","NODE_25_length_56191_cov_17.982083:45003..45150:IncFII(K)_1__CP000648:99.324324","","IncFII(K)",99.32,100,"45003","45150","1","148"
"8gFkefqhqjn2zNeN7LKmRW","SAMEA6654211","NODE_32_length_34532_cov_17.469259","NODE_32_length_34532_cov_17.469259:12631..13190:IncFIB(K)_1__JN233704:100.000000","","IncFIB(K)",100,100,"12631","13190","1","560"
"8gFkefqhqjn2zNeN7LKmRW","SAMEA6654211","NODE_40_length_17610_cov_16.483981","NODE_40_length_17610_cov_16.483981:12474..13096:repB(R1701)_1__CP039970:98.876404","","repB(R1701)",98.88,100,"12474","13096","1","623"
"8gFkefqhqjn2zNeN7LKmRW","SAMEA6654211","NODE_54_length_4360_cov_4027.264319","NODE_54_length_4360_cov_4027.264319:304..434:Col(pHAD28)_1__KU674895:92.366412","","Col(pHAD28)",92.37,100,"304","434","1","131"
"8gFkefqhqjn2zNeN7LKmRW","SAMEA6654211","NODE_64_length_1557_cov_14.792874","NODE_64_length_1557_cov_14.792874:394..780:IncFIA(HI1)_1__AF250878:98.195876","","IncFIA(HI1)",98.45,99.74,"394","780","2","388"
"hz5rMPrdhtpW96VDvP4ne8","SAMEA5753729","NODE_39_length_4972_cov_29.106710","NODE_39_length_4972_cov_29.106710:2148..2429:Col440II_1__CP023921:98.936170","","Col440II",98.94,100,"2148","2429","1","282"
"hz5rMPrdhtpW96VDvP4ne8","SAMEA5753729","NODE_39_length_4972_cov_29.106710","NODE_39_length_4972_cov_29.106710:3016..3144:Col(pHAD28)_1__KU674895:91.603053","","Col(pHAD28)",93.02,98.47,"3016","3144","1","129"
"rZERGMB5Yp52Kp9vx2uP5D","SAMN45807623","NODE_33_length_10789_cov_7.610009","NODE_33_length_10789_cov_7.610009:5861..6420:IncFIB(K)(pCAV1099-114)_1__CP011596:100.000000","","IncFIB(K)(pCAV1099-114)",100,100,"5861","6420","1","560"
"rZERGMB5Yp52Kp9vx2uP5D","SAMN45807623","NODE_53_length_1863_cov_7.983560","NODE_53_length_1863_cov_7.983560:452..1021:IncHI1B(pNDM-MAR)_1__JN420336:100.000000","","IncHI1B(pNDM-MAR)",100,100,"452","1021","1","570"
"rZERGMB5Yp52Kp9vx2uP5D","SAMN45807623","NODE_54_length_1847_cov_2937.001716","NODE_54_length_1847_cov_2937.001716:846..1036:ColpVC_1__JX133088:95.854922","","ColpVC",96.86,98.96,"846","1036","1","191"
"dZyyTnDodd4XHPZiAk8kQE","SAMEA5753768","NODE_30_length_15951_cov_22.953381","NODE_30_length_15951_cov_22.953381:6340..6899:IncFIB(K)_1__JN233704:98.928571","","IncFIB(K)",98.93,100,"6340","6899","1","560"
"wjtzE9JUA51SH7xKqraRjv","SAMEA6155819","NODE_17_length_47041_cov_14.655554","NODE_17_length_47041_cov_14.655554:35613..35863:IncR_1__DQ449578:99.601594","","IncR",99.6,100,"35613","35863","1","251"
"wjtzE9JUA51SH7xKqraRjv","SAMEA6155819","NODE_17_length_47041_cov_14.655554","NODE_17_length_47041_cov_14.655554:44577..44707:Col(pHAD28)_1__KU674895:93.129771","","Col(pHAD28)",93.13,100,"44577","44707","1","131"
"wjtzE9JUA51SH7xKqraRjv","SAMEA6155819","NODE_20_length_33292_cov_12.184828","NODE_20_length_33292_cov_12.184828:1948..2177:IncFII(pKP91)_1__CP000966:100.000000","","IncFII(pKP91)",100,100,"1948","2177","1","230"
"wjtzE9JUA51SH7xKqraRjv","SAMEA6155819","NODE_23_length_26510_cov_12.162470","NODE_23_length_26510_cov_12.162470:3224..3783:IncFIB(K)_1__JN233704:98.750000","","IncFIB(K)",98.75,100,"3224","3783","1","560"
"wjtzE9JUA51SH7xKqraRjv","SAMEA6155819","NODE_34_length_2610_cov_78.982079","NODE_34_length_2610_cov_78.982079:2489..2606:Col(pHAD28)_1__KU674895:87.022901","","Col(pHAD28)",96.61,90.08,"2489","2606","1","118"
"wjtzE9JUA51SH7xKqraRjv","SAMEA6155819","NODE_34_length_2610_cov_78.982079","NODE_34_length_2610_cov_78.982079:17..126:Col440I_1__CP023920:88.596491","","Col440I",91.82,96.49,"17","126","1","110"
"p8SgQFDtWxd81Tv3ftnaxK","SAMEA6422760","NODE_45_length_22882_cov_5.792082","NODE_45_length_22882_cov_5.792082:11082..11520:IncFIB(pNDM-Mar)_1__JN420336:99.544419","","IncFIB(pNDM-Mar)",99.54,100,"11082","11520","1","439"
"p8SgQFDtWxd81Tv3ftnaxK","SAMEA6422760","NODE_47_length_21962_cov_8.055985","NODE_47_length_21962_cov_8.055985:11427..12049:repB(R1701)_1__CP039970:99.197432","","repB(R1701)",99.2,100,"11427","12049","1","623"
"p8SgQFDtWxd81Tv3ftnaxK","SAMEA6422760","NODE_56_length_11505_cov_5.849115","NODE_56_length_11505_cov_5.849115:641..1405:IncY_1__K02380:99.477124","","IncY",99.48,100,"641","1405","1","765"
"p8SgQFDtWxd81Tv3ftnaxK","SAMEA6422760","NODE_64_length_6418_cov_4.036873","NODE_64_length_6418_cov_4.036873:3708..4267:IncFIB(K)_1__JN233704:98.928571","","IncFIB(K)",98.93,100,"3708","4267","1","560"
"p8SgQFDtWxd81Tv3ftnaxK","SAMEA6422760","NODE_70_length_4367_cov_5.756326","NODE_70_length_4367_cov_5.756326:831..1400:IncHI1B(pNDM-MAR)_1__JN420336:100.000000","","IncHI1B(pNDM-MAR)",100,100,"831","1400","1","570"
"3M69ozjtNhRxze64xdpMpL","SAMEA6155857","NODE_22_length_69770_cov_11.341362","NODE_22_length_69770_cov_11.341362:4126..4685:IncFIB(K)_1__JN233704:98.928571","","IncFIB(K)",98.93,100,"4126","4685","1","560"
"3M69ozjtNhRxze64xdpMpL","SAMEA6155857","NODE_22_length_69770_cov_11.341362","NODE_22_length_69770_cov_11.341362:67933..68080:IncFII(K)_1__CP000648:95.945946","","IncFII(K)",95.95,100,"67933","68080","1","148"
"3M69ozjtNhRxze64xdpMpL","SAMEA6155857","NODE_28_length_24314_cov_19.375181","NODE_28_length_24314_cov_19.375181:18444..18694:IncR_1__DQ449578:100.000000","","IncR",100,100,"18444","18694","1","251"
"3M69ozjtNhRxze64xdpMpL","SAMEA6155857","NODE_42_length_4468_cov_19.803159","NODE_42_length_4468_cov_19.803159:2246..2632:IncFIA(HI1)_1__AF250878:98.195876","","IncFIA(HI1)",98.45,99.74,"2246","2632","2","388"
"3M69ozjtNhRxze64xdpMpL","SAMEA6155857","NODE_43_length_4262_cov_50.581792","NODE_43_length_4262_cov_50.581792:48..161:Col440I_1__CP023920:96.491228","","Col440I",96.49,100,"48","161","1","114"
"3M69ozjtNhRxze64xdpMpL","SAMEA6155857","NODE_43_length_4262_cov_50.581792","NODE_43_length_4262_cov_50.581792:4172..4262:Col(pHAD28)_1__KU674895:65.648855","","Col(pHAD28)",94.51,69.47,"4172","4262","1","91"
"3M69ozjtNhRxze64xdpMpL","SAMEA6155857","NODE_51_length_2104_cov_37.418953","NODE_51_length_2104_cov_37.418953:9..139:Col(pHAD28)_1__KU674895:94.656489","","Col(pHAD28)",94.66,100,"9","139","1","131"
"edEEzeCWmw8eUUzUVioFCf","SAMN36884890","NODE_25_length_42894_cov_59.415235","NODE_25_length_42894_cov_59.415235:1753..1900:IncFII(K)_1__CP000648:95.945946","","IncFII(K)",95.95,100,"1753","1900","1","148"
"edEEzeCWmw8eUUzUVioFCf","SAMN36884890","NODE_31_length_31673_cov_48.165104","NODE_31_length_31673_cov_48.165104:27811..28370:IncFIB(K)(pCAV1099-114)_1__CP011596:99.642857","","IncFIB(K)(pCAV1099-114)",99.64,100,"27811","28370","1","560"
"edEEzeCWmw8eUUzUVioFCf","SAMN36884890","NODE_37_length_22624_cov_61.999467","NODE_37_length_22624_cov_61.999467:9934..10556:repB(R1701)_1__CP039970:99.518459","","repB(R1701)",99.52,100,"9934","10556","1","623"
"edEEzeCWmw8eUUzUVioFCf","SAMN36884890","NODE_59_length_5305_cov_43.293507","NODE_59_length_5305_cov_43.293507:4045..4487:repFIB_pC39_CP061701:97.968397","","repFIB",97.97,100,"4045","4487","1","443"
"edEEzeCWmw8eUUzUVioFCf","SAMN36884890","NODE_71_length_3019_cov_44.771233","NODE_71_length_3019_cov_44.771233:155..592:RepB_1_pC39_CP061702.1:99.543379","","RepB",99.54,100,"155","592","1","438"
"s5urbXg1iSbtHC25WfJZks","SAMEA5753712","NODE_23_length_89290_cov_28.615780","NODE_23_length_89290_cov_28.615780:9888..10138:IncR_1__DQ449578:99.203187","","IncR",99.2,100,"9888","10138","1","251"
"s5urbXg1iSbtHC25WfJZks","SAMEA5753712","NODE_58_length_9122_cov_27.360966","NODE_58_length_9122_cov_27.360966:2310..2869:IncFIB(K)_1__JN233704:98.928571","","IncFIB(K)",98.93,100,"2310","2869","1","560"
"s5urbXg1iSbtHC25WfJZks","SAMEA5753712","NODE_75_length_4053_cov_32.527820","NODE_75_length_4053_cov_32.527820:1540..1820:Col440II_1__CP023921:90.425532","","Col440II",90.75,99.65,"1540","1820","2","282"
"s5urbXg1iSbtHC25WfJZks","SAMEA5753712","NODE_75_length_4053_cov_32.527820","NODE_75_length_4053_cov_32.527820:839..957:Col(pHAD28)_1__KU674895:83.969466","","Col(pHAD28)",92.44,90.84,"839","957","1","119"
"nyYYpR79VZtQcasBLdMfiW","SAMEA6422733","NODE_14_length_111307_cov_18.103599","NODE_14_length_111307_cov_18.103599:937..1496:IncFIB(pKPHS1)_1__CP003223:98.750000","","IncFIB(pKPHS1)",98.75,100,"937","1496","1","560"
"nyYYpR79VZtQcasBLdMfiW","SAMEA6422733","NODE_21_length_59877_cov_18.057563","NODE_21_length_59877_cov_18.057563:3485..4044:IncFIB(K)_1__JN233704:98.928571","","IncFIB(K)",98.93,100,"3485","4044","1","560"
"nyYYpR79VZtQcasBLdMfiW","SAMEA6422733","NODE_23_length_43779_cov_16.969277","NODE_23_length_43779_cov_16.969277:1690..1837:IncFII(K)_1__CP000648:95.945946","","IncFII(K)",95.95,100,"1690","1837","1","148"
"b18mSByJ73Zc2ni9mtXKWN","SAMEA5753713","NODE_27_length_9122_cov_14.458938","NODE_27_length_9122_cov_14.458938:6254..6813:IncFIB(K)_1__JN233704:98.928571","","IncFIB(K)",98.93,100,"6254","6813","1","560"
"je24hCpvFs5pMLicnwhQV9","SAMEA111504614","NODE_19_length_83662_cov_21.776169","NODE_19_length_83662_cov_21.776169:489..1058:IncHI1B(pNDM-MAR)_1__JN420336:99.298246","","IncHI1B(pNDM-MAR)",99.3,100,"489","1058","1","570"
"je24hCpvFs5pMLicnwhQV9","SAMEA111504614","NODE_33_length_31904_cov_22.684106","NODE_33_length_31904_cov_22.684106:13956..14515:repB_KLEB_VIR_AP006726:100.000000","","repB",100,100,"13956","14515","1","560"
"pqK3qeL4G7ZPVdSy5CjHSj","SAMEA6155818","NODE_8_length_56343_cov_15.352500","NODE_8_length_56343_cov_15.352500:28869..29119:IncR_1__DQ449578:100.000000","","IncR",100,100,"28869","29119","1","251"
"pqK3qeL4G7ZPVdSy5CjHSj","SAMEA6155818","NODE_8_length_56343_cov_15.352500","NODE_8_length_56343_cov_15.352500:4287..4400:Col440I_1__CP023920:94.736842","","Col440I",94.74,100,"4287","4400","1","114"
"pqK3qeL4G7ZPVdSy5CjHSj","SAMEA6155818","NODE_11_length_17886_cov_14.359701","NODE_11_length_17886_cov_14.359701:2257..2643:IncFIA(HI1)_1__AF250878:98.195876","","IncFIA(HI1)",98.45,99.74,"2257","2643","2","388"
"cGZBRpV9knuSfH1frNBE59","SAMEA6654235","NODE_41_length_11544_cov_8.358585","NODE_41_length_11544_cov_8.358585:6434..6807:IncX3_1__JN247852:100.000000","","IncX3",100,100,"6434","6807","1","374"
"cGZBRpV9knuSfH1frNBE59","SAMEA6654235","NODE_43_length_9852_cov_4.807341","NODE_43_length_9852_cov_4.807341:7291..7518:IncFII(pKP91)_1__CP000966:94.385798","","IncFII(pKP91)",95.63,98.7,"7291","7518","3","230"
"cGZBRpV9knuSfH1frNBE59","SAMEA6654235","NODE_46_length_8766_cov_9.810200","NODE_46_length_8766_cov_9.810200:2628..2856:ColKP3_1__JN205800:81.785714","","ColKP3",100,81.79,"2628","2856","1","229"
"cGZBRpV9knuSfH1frNBE59","SAMEA6654235","NODE_49_length_7469_cov_7.163772","NODE_49_length_7469_cov_7.163772:2868..3427:IncFIB(K)_1__JN233704:99.107143","","IncFIB(K)",99.11,100,"2868","3427","1","560"
"cGZBRpV9knuSfH1frNBE59","SAMEA6654235","NODE_53_length_6380_cov_5.885528","NODE_53_length_6380_cov_5.885528:94..622:IncQ1_1__M28829:66.457286","","IncQ1",100,66.46,"94","622","1","529"
"cGZBRpV9knuSfH1frNBE59","SAMEA6654235","NODE_75_length_2518_cov_4.983464","NODE_75_length_2518_cov_4.983464:1335..1773:IncFIB(pNDM-Mar)_1__JN420336:99.316629","","IncFIB(pNDM-Mar)",99.32,100,"1335","1773","1","439"
"nNQUHVVTb9zCiUFMKY1hwx","SAMEA5753715","NODE_30_length_21393_cov_26.575279","NODE_30_length_21393_cov_26.575279:16753..17329:IncFII(pKPX1)_1__AP012055:100.000000","","IncFII(pKPX1)",100,100,"16753","17329","1","577"
"nNQUHVVTb9zCiUFMKY1hwx","SAMEA5753715","NODE_32_length_18989_cov_26.765273","NODE_32_length_18989_cov_26.765273:6713..7335:repB(R1701)_1__CP039970:99.197432","","repB(R1701)",99.2,100,"6713","7335","1","623"
"nNQUHVVTb9zCiUFMKY1hwx","SAMEA5753715","NODE_41_length_9080_cov_25.523772","NODE_41_length_9080_cov_25.523772:6211..6770:IncFIB(K)_1__JN233704:99.107143","","IncFIB(K)",99.11,100,"6211","6770","1","560"
"jatWGqpAH5JvPSwEyou3qQ","SAMEA7472421","NODE_23_length_19612_cov_13.145032","NODE_23_length_19612_cov_13.145032:12892..13142:IncR_1__DQ449578:99.601594","","IncR",99.6,100,"12892","13142","1","251"
"jatWGqpAH5JvPSwEyou3qQ","SAMEA7472421","NODE_27_length_14357_cov_13.206831","NODE_27_length_14357_cov_13.206831:6931..7490:IncFIB(K)_1__JN233704:98.928571","","IncFIB(K)",98.93,100,"6931","7490","1","560"
"jatWGqpAH5JvPSwEyou3qQ","SAMEA7472421","NODE_41_length_4442_cov_11.850564","NODE_41_length_4442_cov_11.850564:3322..3469:IncFII(K)_1__CP000648:97.297297","","IncFII(K)",97.3,100,"3322","3469","1","148"
"jatWGqpAH5JvPSwEyou3qQ","SAMEA7472421","NODE_54_length_1626_cov_10.219384","NODE_54_length_1626_cov_10.219384:421..568:IncFII(K)_1__CP000648:99.324324","","IncFII(K)",99.32,100,"421","568","1","148"
"6td5bCdGNsHhzxmY5DuJpm","SAMN05960948","NODE_21_length_69990_cov_27.660242","NODE_21_length_69990_cov_27.660242:60933..61080:IncFII(K)_1__CP000648:97.297297","","IncFII(K)",97.3,100,"60933","61080","1","148"
"6td5bCdGNsHhzxmY5DuJpm","SAMN05960948","NODE_34_length_12288_cov_29.779719","NODE_34_length_12288_cov_29.779719:7605..8164:IncFIB(K)_1__JN233704:100.000000","","IncFIB(K)",100,100,"7605","8164","1","560"
"6td5bCdGNsHhzxmY5DuJpm","SAMN05960948","NODE_36_length_10951_cov_59.840582","NODE_36_length_10951_cov_59.840582:5503..5753:IncR_1__DQ449578:100.000000","","IncR",100,100,"5503","5753","1","251"
"6td5bCdGNsHhzxmY5DuJpm","SAMN05960948","NODE_37_length_9997_cov_257.006870","NODE_37_length_9997_cov_257.006870:3605..3735:Col(pHAD28)_1__KU674895:92.366412","","Col(pHAD28)",92.37,100,"3605","3735","1","131"
"6td5bCdGNsHhzxmY5DuJpm","SAMN05960948","NODE_51_length_4266_cov_399.155508","NODE_51_length_4266_cov_399.155508:1659..1789:Col(pHAD28)_1__KU674895:92.366412","","Col(pHAD28)",92.37,100,"1659","1789","1","131"
"7eksoQvSQJyk2soDV1M8cw","SAMN36884871","NODE_19_length_61990_cov_38.703414","NODE_19_length_61990_cov_38.703414:6618..6765:IncFII(K)_1__CP000648:97.972973","","IncFII(K)",97.97,100,"6618","6765","1","148"
"7eksoQvSQJyk2soDV1M8cw","SAMN36884871","NODE_28_length_18418_cov_38.501174","NODE_28_length_18418_cov_38.501174:4176..4735:IncFIB(K)_1__JN233704:98.750000","","IncFIB(K)",98.75,100,"4176","4735","1","560"
"7eksoQvSQJyk2soDV1M8cw","SAMN36884871","NODE_36_length_5350_cov_268.446582","NODE_36_length_5350_cov_268.446582:1..256:Col440II_1__CP023921:90.780142","","Col440II",100,90.78,"1","256","27","282"
"7eksoQvSQJyk2soDV1M8cw","SAMN36884871","NODE_36_length_5350_cov_268.446582","NODE_36_length_5350_cov_268.446582:833..963:Col(pHAD28)_1__KU674895:92.366412","","Col(pHAD28)",92.37,100,"833","963","1","131"
"kfwfeXJbtjiTtaFgYBYKfM","SAMN05960875","NODE_26_length_43079_cov_32.242275","NODE_26_length_43079_cov_32.242275:12645..12895:IncR_1__DQ449578:99.601594","","IncR",99.6,100,"12645","12895","1","251"
"kfwfeXJbtjiTtaFgYBYKfM","SAMN05960875","NODE_27_length_42230_cov_25.321260","NODE_27_length_42230_cov_25.321260:2582..3020:IncFIB(pNDM-Mar)_1__JN420336:100.000000","","IncFIB(pNDM-Mar)",100,100,"2582","3020","1","439"
"kfwfeXJbtjiTtaFgYBYKfM","SAMN05960875","NODE_32_length_29020_cov_30.060925","NODE_32_length_29020_cov_30.060925:6964..7523:IncFIB(K)(pCAV1099-114)_1__CP011596:99.642857","","IncFIB(K)(pCAV1099-114)",99.64,100,"6964","7523","1","560"
"kfwfeXJbtjiTtaFgYBYKfM","SAMN05960875","NODE_33_length_26276_cov_81.849104","NODE_33_length_26276_cov_81.849104:18467..18980:IncN_1__AY046276:99.610895","","IncN",99.61,100,"18467","18980","1","514"
"kfwfeXJbtjiTtaFgYBYKfM","SAMN05960875","NODE_39_length_15584_cov_27.618663","NODE_39_length_15584_cov_27.618663:11328..11897:IncHI1B(pNDM-MAR)_1__JN420336:99.824561","","IncHI1B(pNDM-MAR)",99.82,100,"11328","11897","1","570"
"fu2unBzGpQ9HD7HQwWeFbr","SAMEA5753706","NODE_22_length_51406_cov_22.407293","NODE_22_length_51406_cov_22.407293:44430..44659:IncFII(pKP91)_1__CP000966:100.000000","","IncFII(pKP91)",100,100,"44430","44659","1","230"
"fu2unBzGpQ9HD7HQwWeFbr","SAMEA5753706","NODE_31_length_25475_cov_15.905738","NODE_31_length_25475_cov_15.905738:2825..3262:RepB_1_pC39_CP061702.1:99.543379","","RepB",99.54,100,"2825","3262","1","438"
"fu2unBzGpQ9HD7HQwWeFbr","SAMEA5753706","NODE_32_length_24046_cov_17.653735","NODE_32_length_24046_cov_17.653735:14569..14679:Col440I_1__CP023920:93.859649","","Col440I",96.4,97.37,"14569","14679","1","111"
"fu2unBzGpQ9HD7HQwWeFbr","SAMEA5753706","NODE_33_length_23524_cov_23.671590","NODE_33_length_23524_cov_23.671590:6744..7131:IncFIA(HI1)_1__AF250878:97.422680","","IncFIA(HI1)",97.42,100,"6744","7131","1","388"
"fu2unBzGpQ9HD7HQwWeFbr","SAMEA5753706","NODE_40_length_8843_cov_6.640782","NODE_40_length_8843_cov_6.640782:6980..7418:IncFIB(pNDM-Mar)_1__JN420336:100.000000","","IncFIB(pNDM-Mar)",100,100,"6980","7418","1","439"
"fu2unBzGpQ9HD7HQwWeFbr","SAMEA5753706","NODE_47_length_4466_cov_35.902450","NODE_47_length_4466_cov_35.902450:2495..2608:Col440I_1__CP023920:95.614035","","Col440I",95.61,100,"2495","2608","1","114"
"fu2unBzGpQ9HD7HQwWeFbr","SAMEA5753706","NODE_49_length_4338_cov_24.515216","NODE_49_length_4338_cov_24.515216:2545..2674:Col(pHAD28)_1__KU674895:91.661325","","Col(pHAD28)",92.37,99.24,"2545","2674","1","131"
"hngZ5fvGRzhg2ho5dAJvLB","SAMEA6654229","NODE_15_length_44991_cov_18.197942","NODE_15_length_44991_cov_18.197942:39881..40254:IncX3_1__JN247852:100.000000","","IncX3",100,100,"39881","40254","1","374"
"hngZ5fvGRzhg2ho5dAJvLB","SAMEA6654229","NODE_15_length_44991_cov_18.197942","NODE_15_length_44991_cov_18.197942:2628..2856:ColKP3_1__JN205800:81.785714","","ColKP3",100,81.79,"2628","2856","1","229"
"hngZ5fvGRzhg2ho5dAJvLB","SAMEA6654229","NODE_17_length_38912_cov_6.147013","NODE_17_length_38912_cov_6.147013:8042..8269:IncFII(pKP91)_1__CP000966:94.385798","","IncFII(pKP91)",95.63,98.7,"8042","8269","3","230"
"hngZ5fvGRzhg2ho5dAJvLB","SAMEA6654229","NODE_25_length_19886_cov_5.636851","NODE_25_length_19886_cov_5.636851:14883..15321:IncFIB(pNDM-Mar)_1__JN420336:99.316629","","IncFIB(pNDM-Mar)",99.32,100,"14883","15321","1","439"
"hngZ5fvGRzhg2ho5dAJvLB","SAMEA6654229","NODE_37_length_7037_cov_7.206976","NODE_37_length_7037_cov_7.206976:2436..2995:IncFIB(K)_1__JN233704:99.107143","","IncFIB(K)",99.11,100,"2436","2995","1","560"
"hngZ5fvGRzhg2ho5dAJvLB","SAMEA6654229","NODE_40_length_5115_cov_8.639753","NODE_40_length_5115_cov_8.639753:94..622:IncQ1_1__M28829:66.457286","","IncQ1",100,66.46,"94","622","1","529"
"hnZ1ZdE6LAQiPB2GCPXSqn","SAMEA115925706","NODE_39_length_45991_cov_4.828970","NODE_39_length_45991_cov_4.828970:44116..44263:IncFII(K)_1__CP000648:95.945946","","IncFII(K)",95.95,100,"44116","44263","1","148"
"hnZ1ZdE6LAQiPB2GCPXSqn","SAMEA115925706","NODE_84_length_5150_cov_4.893990","NODE_84_length_5150_cov_4.893990:4308..4867:IncFIB(K)_1__JN233704:98.928571","","IncFIB(K)",98.93,100,"4308","4867","1","560"
"hnZ1ZdE6LAQiPB2GCPXSqn","SAMEA115925706","NODE_91_length_3974_cov_141.772249","NODE_91_length_3974_cov_141.772249:27..136:Col440I_1__CP023920:87.719298","","Col440I",90.91,96.49,"27","136","1","110"
"mDqJJTmFgkFCPtdJsmaa9f","SAMEA6156101","NODE_31_length_29217_cov_16.925167","NODE_31_length_29217_cov_16.925167:27020..27458:IncFIB(pNDM-Mar)_1__JN420336:100.000000","","IncFIB(pNDM-Mar)",100,100,"27020","27458","1","439"
"mDqJJTmFgkFCPtdJsmaa9f","SAMEA6156101","NODE_38_length_18436_cov_16.871353","NODE_38_length_18436_cov_16.871353:1753..1900:IncFII(K)_1__CP000648:95.945946","","IncFII(K)",95.95,100,"1753","1900","1","148"
"mDqJJTmFgkFCPtdJsmaa9f","SAMEA6156101","NODE_40_length_18102_cov_16.646837","NODE_40_length_18102_cov_16.646837:4121..4680:IncFIB(K)_1__JN233704:98.928571","","IncFIB(K)",98.93,100,"4121","4680","1","560"
"mDqJJTmFgkFCPtdJsmaa9f","SAMEA6156101","NODE_52_length_4433_cov_14.858560","NODE_52_length_4433_cov_14.858560:3029..3598:IncHI1B(pNDM-MAR)_1__JN420336:100.000000","","IncHI1B(pNDM-MAR)",100,100,"3029","3598","1","570"
"mDqJJTmFgkFCPtdJsmaa9f","SAMEA6156101","NODE_54_length_4266_cov_63.984881","NODE_54_length_4266_cov_63.984881:952..1082:Col(pHAD28)_1__KU674895:92.366412","","Col(pHAD28)",92.37,100,"952","1082","1","131"
"fitubmJhtjdRfHPy7SK1BH","SAMEA6155722","NODE_24_length_24256_cov_8.468353","NODE_24_length_24256_cov_8.468353:15233..15483:IncR_1__DQ449578:99.601594","","IncR",99.6,100,"15233","15483","1","251"
"fitubmJhtjdRfHPy7SK1BH","SAMEA6155722","NODE_30_length_13491_cov_8.982826","NODE_30_length_13491_cov_8.982826:6941..7500:IncFIB(K)_1__JN233704:99.107143","","IncFIB(K)",99.11,100,"6941","7500","1","560"
"fitubmJhtjdRfHPy7SK1BH","SAMEA6155722","NODE_31_length_13290_cov_12.812979","NODE_31_length_13290_cov_12.812979:10653..10880:IncFII(pKP91)_1__CP000966:94.385798","","IncFII(pKP91)",95.63,98.7,"10653","10880","3","230"
"fitubmJhtjdRfHPy7SK1BH","SAMEA6155722","NODE_32_length_13179_cov_7.545413","NODE_32_length_13179_cov_7.545413:5935..6164:IncFII(pKP91)_1__CP000966:100.000000","","IncFII(pKP91)",100,100,"5935","6164","1","230"
"3MA526pMqPnbBirPCAfuqy","SAMN05960905","NODE_19_length_68360_cov_13.663893","NODE_19_length_68360_cov_13.663893:7281..7428:IncFII(K)_1__CP000648:97.297297","","IncFII(K)",97.3,100,"7281","7428","1","148"
"3MA526pMqPnbBirPCAfuqy","SAMN05960905","NODE_27_length_27987_cov_14.200983","NODE_27_length_27987_cov_14.200983:25135..25521:IncFIA(HI1)_1__AF250878:98.195876","","IncFIA(HI1)",98.45,99.74,"25135","25521","2","388"
"3MA526pMqPnbBirPCAfuqy","SAMN05960905","NODE_27_length_27987_cov_14.200983","NODE_27_length_27987_cov_14.200983:5163..5413:IncR_1__DQ449578:100.000000","","IncR",100,100,"5163","5413","1","251"
"3MA526pMqPnbBirPCAfuqy","SAMN05960905","NODE_30_length_20794_cov_10.766127","NODE_30_length_20794_cov_10.766127:7605..8164:IncFIB(K)_1__JN233704:100.000000","","IncFIB(K)",100,100,"7605","8164","1","560"
"3MA526pMqPnbBirPCAfuqy","SAMN05960905","NODE_41_length_3665_cov_56.257992","NODE_41_length_3665_cov_56.257992:2409..2522:Col440I_1__CP023920:97.368421","","Col440I",97.37,100,"2409","2522","1","114"
"3MA526pMqPnbBirPCAfuqy","SAMN05960905","NODE_42_length_3607_cov_74.946978","NODE_42_length_3607_cov_74.946978:552..661:Col440I_1__CP023920:90.350877","","Col440I",93.64,96.49,"552","661","1","110"
"3MA526pMqPnbBirPCAfuqy","SAMN05960905","NODE_45_length_2957_cov_74.719734","NODE_45_length_2957_cov_74.719734:2630..2760:Col(pHAD28)_1__KU674895:92.366412","","Col(pHAD28)",92.37,100,"2630","2760","1","131"
"9cPaMjZBTZ8UuXxqxw8RB6","SAMEA6422782","NODE_20_length_69713_cov_23.867225","NODE_20_length_69713_cov_23.867225:13321..13880:IncFIB(K)_1__JN233704:98.928571","","IncFIB(K)",98.93,100,"13321","13880","1","560"
"9cPaMjZBTZ8UuXxqxw8RB6","SAMEA6422782","NODE_31_length_23689_cov_25.130182","NODE_31_length_23689_cov_25.130182:1690..1837:IncFII(K)_1__CP000648:95.945946","","IncFII(K)",95.95,100,"1690","1837","1","148"
"9cPaMjZBTZ8UuXxqxw8RB6","SAMEA6422782","NODE_32_length_21264_cov_28.558564","NODE_32_length_21264_cov_28.558564:5076..5305:IncFII(pKP91)_1__CP000966:100.000000","","IncFII(pKP91)",100,100,"5076","5305","1","230"
"9cPaMjZBTZ8UuXxqxw8RB6","SAMEA6422782","NODE_35_length_15064_cov_22.706114","NODE_35_length_15064_cov_22.706114:12863..13301:IncFIB(pNDM-Mar)_1__JN420336:100.000000","","IncFIB(pNDM-Mar)",100,100,"12863","13301","1","439"
"9cPaMjZBTZ8UuXxqxw8RB6","SAMEA6422782","NODE_40_length_11303_cov_28.396466","NODE_40_length_11303_cov_28.396466:5638..5888:IncR_1__DQ449578:99.203187","","IncR",99.2,100,"5638","5888","1","251"
"9cPaMjZBTZ8UuXxqxw8RB6","SAMEA6422782","NODE_43_length_9674_cov_22.135666","NODE_43_length_9674_cov_22.135666:5832..6401:IncHI1B(pNDM-MAR)_1__JN420336:100.000000","","IncHI1B(pNDM-MAR)",100,100,"5832","6401","1","570"
"9cPaMjZBTZ8UuXxqxw8RB6","SAMEA6422782","NODE_50_length_4236_cov_231.864394","NODE_50_length_4236_cov_231.864394:3131..3261:Col(pHAD28)_1__KU674895:92.366412","","Col(pHAD28)",92.37,100,"3131","3261","1","131"
"9cPaMjZBTZ8UuXxqxw8RB6","SAMEA6422782","NODE_51_length_4232_cov_190.112509","NODE_51_length_4232_cov_190.112509:3112..3225:Col440I_1__CP023920:96.491228","","Col440I",96.49,100,"3112","3225","1","114"
"9UbPm98MQKPEXCjhgM6XyT","SAMN41988736","NODE_15_length_77731_cov_23.128710","NODE_15_length_77731_cov_23.128710:74493..75062:IncHI1B(pNDM-MAR)_1__JN420336:99.824561","","IncHI1B(pNDM-MAR)",99.82,100,"74493","75062","1","570"
"9UbPm98MQKPEXCjhgM6XyT","SAMN41988736","NODE_22_length_27799_cov_22.631949","NODE_22_length_27799_cov_22.631949:14829..15388:repB_KLEB_VIR_AP006726:100.000000","","repB",100,100,"14829","15388","1","560"
"9UbPm98MQKPEXCjhgM6XyT","SAMN41988736","NODE_25_length_19360_cov_7.731997","NODE_25_length_19360_cov_7.731997:16508..16894:IncFIA(HI1)_1__AF250878:98.195876","","IncFIA(HI1)",98.45,99.74,"16508","16894","2","388"
"9UbPm98MQKPEXCjhgM6XyT","SAMN41988736","NODE_26_length_15126_cov_7.500898","NODE_26_length_15126_cov_7.500898:9375..9625:IncR_1__DQ449578:100.000000","","IncR",100,100,"9375","9625","1","251"
"bAvZYPTTZB28fNDnWSoNzb","SAMEA6654233","NODE_27_length_32415_cov_8.155620","NODE_27_length_32415_cov_8.155620:29211..29584:IncX3_1__JN247852:100.000000","","IncX3",100,100,"29211","29584","1","374"
"bAvZYPTTZB28fNDnWSoNzb","SAMEA6654233","NODE_40_length_8932_cov_10.285633","NODE_40_length_8932_cov_10.285633:2794..3022:ColKP3_1__JN205800:81.785714","","ColKP3",100,81.79,"2794","3022","1","229"
"bAvZYPTTZB28fNDnWSoNzb","SAMEA6654233","NODE_54_length_5324_cov_4.057608","NODE_54_length_5324_cov_4.057608:4285..4723:IncFIB(pNDM-Mar)_1__JN420336:99.316629","","IncFIB(pNDM-Mar)",99.32,100,"4285","4723","1","439"
"bAvZYPTTZB28fNDnWSoNzb","SAMEA6654233","NODE_60_length_4582_cov_3.768236","NODE_60_length_4582_cov_3.768236:3961..4489:IncQ1_1__M28829:66.457286","","IncQ1",100,66.46,"3961","4489","1","529"
"44GGVE1Y8qV6RnvZ2QmjzV","SAMEA7472474","NODE_22_length_39245_cov_5.943902","NODE_22_length_39245_cov_5.943902:4738..5111:IncX3_1__JN247852:100.000000","","IncX3",100,100,"4738","5111","1","374"
"44GGVE1Y8qV6RnvZ2QmjzV","SAMEA7472474","NODE_285_length_4940_cov_123.698823","NODE_285_length_4940_cov_123.698823:4003..4116:Col440I_1__CP023920:94.736842","","Col440I",94.74,100,"4003","4116","1","114"
"44GGVE1Y8qV6RnvZ2QmjzV","SAMEA7472474","NODE_410_length_1879_cov_572.434270","NODE_410_length_1879_cov_572.434270:48..240:ColpVC_1__JX133088:97.409326","","ColpVC",97.41,100,"48","240","1","193"
"3FuWbd6iGPmGnVZZcGZyfs","SAMEA111504613","NODE_15_length_108387_cov_9.767278","NODE_15_length_108387_cov_9.767278:42816..43375:IncFIB(pKPHS1)_1__CP003223:95.535714","","IncFIB(pKPHS1)",95.54,100,"42816","43375","1","560"
"3FuWbd6iGPmGnVZZcGZyfs","SAMEA111504613","NODE_27_length_36428_cov_33.881307","NODE_27_length_36428_cov_33.881307:13302..13861:IncFIB(K)(pCAV1099-114)_1__CP011596:99.642857","","IncFIB(K)(pCAV1099-114)",99.64,100,"13302","13861","1","560"
"3FuWbd6iGPmGnVZZcGZyfs","SAMEA111504613","NODE_39_length_11175_cov_31.681022","NODE_39_length_11175_cov_31.681022:5619..5869:IncR_1__DQ449578:100.000000","","IncR",100,100,"5619","5869","1","251"
"3FuWbd6iGPmGnVZZcGZyfs","SAMEA111504613","NODE_45_length_7141_cov_31.702783","NODE_45_length_7141_cov_31.702783:2429..2866:RepB_1_pC39_CP061702.1:99.543379","","RepB",99.54,100,"2429","2866","1","438"
"3FuWbd6iGPmGnVZZcGZyfs","SAMEA111504613","NODE_46_length_6247_cov_33.694697","NODE_46_length_6247_cov_33.694697:1843..2582:IncFIB(pQil)_1__JN233705:100.000000","","IncFIB(pQil)",100,100,"1843","2582","1","740"
"3FuWbd6iGPmGnVZZcGZyfs","SAMEA111504613","NODE_50_length_5358_cov_39.490968","NODE_50_length_5358_cov_39.490968:3540..3982:repFIB_pC39_CP061701:97.742664","","repFIB",97.74,100,"3540","3982","1","443"
"3FuWbd6iGPmGnVZZcGZyfs","SAMEA111504613","NODE_56_length_4266_cov_581.438925","NODE_56_length_4266_cov_581.438925:3360..3490:Col(pHAD28)_1__KU674895:92.366412","","Col(pHAD28)",92.37,100,"3360","3490","1","131"
"vHGvxrKSaFxeGXjF6BdbxC","SAMN05960872","NODE_22_length_70590_cov_22.054092","NODE_22_length_70590_cov_22.054092:60933..61080:IncFII(K)_1__CP000648:97.297297","","IncFII(K)",97.3,100,"60933","61080","1","148"
"vHGvxrKSaFxeGXjF6BdbxC","SAMN05960872","NODE_44_length_14787_cov_27.323802","NODE_44_length_14787_cov_27.323802:5163..5413:IncR_1__DQ449578:100.000000","","IncR",100,100,"5163","5413","1","251"
"vHGvxrKSaFxeGXjF6BdbxC","SAMN05960872","NODE_46_length_12134_cov_22.718571","NODE_46_length_12134_cov_22.718571:7451..8010:IncFIB(K)_1__JN233704:100.000000","","IncFIB(K)",100,100,"7451","8010","1","560"
"vHGvxrKSaFxeGXjF6BdbxC","SAMN05960872","NODE_62_length_3370_cov_97.732192","NODE_62_length_3370_cov_97.732192:2814..2944:Col(pHAD28)_1__KU674895:90.076336","","Col(pHAD28)",90.08,100,"2814","2944","1","131"
"vHGvxrKSaFxeGXjF6BdbxC","SAMN05960872","NODE_73_length_1557_cov_30.624396","NODE_73_length_1557_cov_30.624396:394..780:IncFIA(HI1)_1__AF250878:98.195876","","IncFIA(HI1)",98.45,99.74,"394","780","2","388"
"7uKY2qaZYWVBwzpDeBiFfs","SAMEA4785004","NODE_32_length_31772_cov_99.748178","NODE_32_length_31772_cov_99.748178:28995..29221:IncFII(pBK30683)_1__KF954760:100.000000","","IncFII(pBK30683)",100,100,"28995","29221","1","227"
"7uKY2qaZYWVBwzpDeBiFfs","SAMEA4785004","NODE_33_length_29331_cov_42.548708","NODE_33_length_29331_cov_42.548708:26996..27434:IncFIB(pNDM-Mar)_1__JN420336:100.000000","","IncFIB(pNDM-Mar)",100,100,"26996","27434","1","439"
"7uKY2qaZYWVBwzpDeBiFfs","SAMEA4785004","NODE_39_length_17894_cov_48.528256","NODE_39_length_17894_cov_48.528256:4153..4712:IncFIB(K)_1__JN233704:98.928571","","IncFIB(K)",98.93,100,"4153","4712","1","560"
"7uKY2qaZYWVBwzpDeBiFfs","SAMEA4785004","NODE_41_length_14717_cov_52.828370","NODE_41_length_14717_cov_52.828370:9293..9543:IncR_1__DQ449578:100.000000","","IncR",100,100,"9293","9543","1","251"
"7uKY2qaZYWVBwzpDeBiFfs","SAMEA4785004","NODE_44_length_8943_cov_39.448015","NODE_44_length_8943_cov_39.448015:5808..6377:IncHI1B(pNDM-MAR)_1__JN420336:100.000000","","IncHI1B(pNDM-MAR)",100,100,"5808","6377","1","570"
"7uKY2qaZYWVBwzpDeBiFfs","SAMEA4785004","NODE_48_length_7031_cov_556.060811","NODE_48_length_7031_cov_556.060811:1017..1130:Col440I_1__CP023920:95.614035","","Col440I",95.61,100,"1017","1130","1","114"
"7uKY2qaZYWVBwzpDeBiFfs","SAMEA4785004","NODE_51_length_4544_cov_43.293802","NODE_51_length_4544_cov_43.293802:1729..1876:IncFII(K)_1__CP000648:95.945946","","IncFII(K)",95.95,100,"1729","1876","1","148"
"8VpgMT25T3vC3CQ4msverS","SAMEA6155812","NODE_26_length_35683_cov_16.308004","NODE_26_length_35683_cov_16.308004:19158..19408:IncR_1__DQ449578:99.203187","","IncR",99.2,100,"19158","19408","1","251"
"8VpgMT25T3vC3CQ4msverS","SAMEA6155812","NODE_38_length_11691_cov_9.881211","NODE_38_length_11691_cov_9.881211:5861..6420:IncFIB(K)(pCAV1099-114)_1__CP011596:100.000000","","IncFIB(K)(pCAV1099-114)",100,100,"5861","6420","1","560"
"8VpgMT25T3vC3CQ4msverS","SAMEA6155812","NODE_48_length_3888_cov_119.804170","NODE_48_length_3888_cov_119.804170:1214..1344:Col(pHAD28)_1__KU674895:92.366412","","Col(pHAD28)",92.37,100,"1214","1344","1","131"
"rXmjdxBcV3RiCYQcFLAVpe","SAMEA5753702","NODE_22_length_50667_cov_23.484674","NODE_22_length_50667_cov_23.484674:40161..40720:IncFIB(K)(pCAV1099-114)_1__CP011596:99.642857","","IncFIB(K)(pCAV1099-114)",99.64,100,"40161","40720","1","560"
"rXmjdxBcV3RiCYQcFLAVpe","SAMEA5753702","NODE_22_length_50667_cov_23.484674","NODE_22_length_50667_cov_23.484674:2938..3375:RepB_1_pC39_CP061702.1:99.543379","","RepB",99.54,100,"2938","3375","1","438"
"rXmjdxBcV3RiCYQcFLAVpe","SAMEA5753702","NODE_40_length_9774_cov_23.411990","NODE_40_length_9774_cov_23.411990:9068..9181:Col440I_1__CP023920:95.614035","","Col440I",95.61,100,"9068","9181","1","114"
"rXmjdxBcV3RiCYQcFLAVpe","SAMEA5753702","NODE_48_length_4941_cov_16.864519","NODE_48_length_4941_cov_16.864519:3682..4124:repFIB_pC39_CP061701:97.968397","","repFIB",97.97,100,"3682","4124","1","443"
"rXmjdxBcV3RiCYQcFLAVpe","SAMEA5753702","NODE_52_length_4248_cov_31.529525","NODE_52_length_4248_cov_31.529525:62..171:Col440I_1__CP023920:90.350877","","Col440I",93.64,96.49,"62","171","1","110"
"u5kvsKQqPhBxL934Cq9gcd","SAMEA6155867","NODE_21_length_81484_cov_4.011145","NODE_21_length_81484_cov_4.011145:28343..28902:IncFIB(pKPHS1)_1__CP003223:98.750000","","IncFIB(pKPHS1)",98.75,100,"28343","28902","1","560"
"u5kvsKQqPhBxL934Cq9gcd","SAMEA6155867","NODE_22_length_72778_cov_6.955228","NODE_22_length_72778_cov_6.955228:8911..9058:IncFII(K)_1__CP000648:97.297297","","IncFII(K)",97.3,100,"8911","9058","1","148"
"u5kvsKQqPhBxL934Cq9gcd","SAMEA6155867","NODE_31_length_27489_cov_7.206835","NODE_31_length_27489_cov_7.206835:22755..23314:IncFIB(K)_1__JN233704:100.000000","","IncFIB(K)",100,100,"22755","23314","1","560"
"iZPKFzecZEFRQ8HmNDhgjo","SAMEA6155871","NODE_28_length_27379_cov_6.334947","NODE_28_length_27379_cov_6.334947:14410..14969:repB_KLEB_VIR_AP006726:100.000000","","repB",100,100,"14410","14969","1","560"
"iZPKFzecZEFRQ8HmNDhgjo","SAMEA6155871","NODE_37_length_4315_cov_6.876660","NODE_37_length_4315_cov_6.876660:843..1412:IncHI1B(pNDM-MAR)_1__JN420336:100.000000","","IncHI1B(pNDM-MAR)",100,100,"843","1412","1","570"
"mkvUGFdMkBi4RkyhgK68qy","SAMEA6155800","NODE_23_length_11255_cov_4.613213","NODE_23_length_11255_cov_4.613213:4357..4916:IncFIB(K)_1__JN233704:98.928571","","IncFIB(K)",98.93,100,"4357","4916","1","560"
"7wDUQTqU6GG7ibv7DvsZXW","SAMEA6422769","NODE_21_length_81893_cov_13.226679","NODE_21_length_81893_cov_13.226679:77489..78228:IncFIB(pQil)_1__JN233705:100.000000","","IncFIB(pQil)",100,100,"77489","78228","1","740"
"7wDUQTqU6GG7ibv7DvsZXW","SAMEA6422769","NODE_39_length_17216_cov_14.902202","NODE_39_length_17216_cov_14.902202:11699..11949:IncR_1__DQ449578:100.000000","","IncR",100,100,"11699","11949","1","251"
"7wDUQTqU6GG7ibv7DvsZXW","SAMEA6422769","NODE_47_length_4266_cov_82.218383","NODE_47_length_4266_cov_82.218383:992..1122:Col(pHAD28)_1__KU674895:92.366412","","Col(pHAD28)",92.37,100,"992","1122","1","131"
"7wDUQTqU6GG7ibv7DvsZXW","SAMEA6422769","NODE_49_length_4071_cov_14.336606","NODE_49_length_4071_cov_14.336606:1939..2086:IncFII(K)_1__CP000648:97.972973","","IncFII(K)",97.97,100,"1939","2086","1","148"
"7wDUQTqU6GG7ibv7DvsZXW","SAMEA6422769","NODE_50_length_3907_cov_62.578519","NODE_50_length_3907_cov_62.578519:2563..2691:Col(pHAD28)_1__KU674895:91.603053","","Col(pHAD28)",93.02,98.47,"2563","2691","1","129"
"8akqHeZBUgH2nDjdmxK8yD","SAMN45807627","NODE_19_length_43799_cov_7.178902","NODE_19_length_43799_cov_7.178902:1753..1900:IncFII(K)_1__CP000648:95.945946","","IncFII(K)",95.95,100,"1753","1900","1","148"
"8akqHeZBUgH2nDjdmxK8yD","SAMN45807627","NODE_24_length_34145_cov_7.524614","NODE_24_length_34145_cov_7.524614:12632..13191:IncFIB(K)_1__JN233704:98.928571","","IncFIB(K)",98.93,100,"12632","13191","1","560"
"8akqHeZBUgH2nDjdmxK8yD","SAMN45807627","NODE_27_length_21074_cov_5.033659","NODE_27_length_21074_cov_5.033659:14359..14918:IncFIB(pKPHS1)_1__CP003223:98.750000","","IncFIB(pKPHS1)",98.75,100,"14359","14918","1","560"
"3tmGB8ktxVeLWCRwUz9d8c","SAMN05960950","NODE_25_length_84946_cov_22.572902","NODE_25_length_84946_cov_22.572902:23867..24014:IncFII(K)_1__CP000648:97.297297","","IncFII(K)",97.3,100,"23867","24014","1","148"
"3tmGB8ktxVeLWCRwUz9d8c","SAMN05960950","NODE_52_length_10881_cov_23.848637","NODE_52_length_10881_cov_23.848637:2699..3258:IncFIB(K)_1__JN233704:100.000000","","IncFIB(K)",100,100,"2699","3258","1","560"
"3tmGB8ktxVeLWCRwUz9d8c","SAMN05960950","NODE_58_length_5350_cov_563.024948","NODE_58_length_5350_cov_563.024948:605..886:Col440II_1__CP023921:100.000000","","Col440II",100,100,"605","886","1","282"
"3tmGB8ktxVeLWCRwUz9d8c","SAMN05960950","NODE_58_length_5350_cov_563.024948","NODE_58_length_5350_cov_563.024948:1463..1593:Col(pHAD28)_1__KU674895:92.366412","","Col(pHAD28)",92.37,100,"1463","1593","1","131"
"3tmGB8ktxVeLWCRwUz9d8c","SAMN05960950","NODE_60_length_4445_cov_439.962494","NODE_60_length_4445_cov_439.962494:928..1058:Col(pHAD28)_1__KU674895:92.366412","","Col(pHAD28)",92.37,100,"928","1058","1","131"
"8PBMxwG1U2WaAyyVedcK11","SAMEA6863335","NODE_16_length_118036_cov_8.621764","NODE_16_length_118036_cov_8.621764:101092..101508:IncC_1__JN157804:100.000000","","IncC",100,100,"101092","101508","1","417"
"8PBMxwG1U2WaAyyVedcK11","SAMEA6863335","NODE_22_length_84248_cov_7.429600","NODE_22_length_84248_cov_7.429600:6745..7183:IncFIB(pNDM-Mar)_1__JN420336:99.316629","","IncFIB(pNDM-Mar)",99.32,100,"6745","7183","1","439"
"8PBMxwG1U2WaAyyVedcK11","SAMEA6863335","NODE_46_length_33396_cov_25.285551","NODE_46_length_33396_cov_25.285551:19428..20004:IncFII(pMET)_1__EU383016:97.920277","","IncFII(pMET)",97.92,100,"19428","20004","1","577"
"8PBMxwG1U2WaAyyVedcK11","SAMEA6863335","NODE_51_length_25287_cov_4.004764","NODE_51_length_25287_cov_4.004764:22220..22446:IncFII(pBK30683)_1__KF954760:100.000000","","IncFII(pBK30683)",100,100,"22220","22446","1","227"
"8PBMxwG1U2WaAyyVedcK11","SAMEA6863335","NODE_68_length_11832_cov_8.045513","NODE_68_length_11832_cov_8.045513:3043..3190:IncFII(K)_1__CP000648:97.972973","","IncFII(K)",97.97,100,"3043","3190","1","148"
"8PBMxwG1U2WaAyyVedcK11","SAMEA6863335","NODE_72_length_10133_cov_7.603388","NODE_72_length_10133_cov_7.603388:7420..7979:IncFIB(K)_1__JN233704:98.928571","","IncFIB(K)",98.93,100,"7420","7979","1","560"
"8PBMxwG1U2WaAyyVedcK11","SAMEA6863335","NODE_96_length_3749_cov_8.144932","NODE_96_length_3749_cov_8.144932:823..1392:IncHI1B(pNDM-MAR)_1__JN420336:100.000000","","IncHI1B(pNDM-MAR)",100,100,"823","1392","1","570"
"8PBMxwG1U2WaAyyVedcK11","SAMEA6863335","NODE_98_length_3635_cov_566.242081","NODE_98_length_3635_cov_566.242081:1..240:Col440II_1__CP023921:82.978723","","Col440II",97.5,85.11,"1","240","1","240"
"8PBMxwG1U2WaAyyVedcK11","SAMEA6863335","NODE_101_length_3101_cov_201.996336","NODE_101_length_3101_cov_201.996336:48..161:Col440I_1__CP023920:97.368421","","Col440I",97.37,100,"48","161","1","114"
"8PBMxwG1U2WaAyyVedcK11","SAMEA6863335","NODE_106_length_2790_cov_838.520996","NODE_106_length_2790_cov_838.520996:1310..1440:Col(pHAD28)_1__KU674895:94.656489","","Col(pHAD28)",94.66,100,"1310","1440","1","131"
"8PBMxwG1U2WaAyyVedcK11","SAMEA6863335","NODE_111_length_2228_cov_542.748239","NODE_111_length_2228_cov_542.748239:1791..2071:Col440II_1__CP023921:90.780142","","Col440II",91.1,99.65,"1791","2071","2","282"
"8PBMxwG1U2WaAyyVedcK11","SAMEA6863335","NODE_115_length_1821_cov_298.449477","NODE_115_length_1821_cov_298.449477:525..643:Col(pHAD28)_1__KU674895:83.969466","","Col(pHAD28)",92.44,90.84,"525","643","1","119"
"8PBMxwG1U2WaAyyVedcK11","SAMEA6863335","NODE_138_length_950_cov_500.045828","NODE_138_length_950_cov_500.045828:803..916:Col440I_1__CP023920:95.614035","","Col440I",95.61,100,"803","916","1","114"
"8PBMxwG1U2WaAyyVedcK11","SAMEA6863335","NODE_149_length_684_cov_403.483761","NODE_149_length_684_cov_403.483761:573..684:Col(pHAD28)_1__KU674895:81.679389","","Col(pHAD28)",95.54,85.5,"573","684","1","112"
"8PBMxwG1U2WaAyyVedcK11","SAMEA6863335","NODE_157_length_611_cov_461.816406","NODE_157_length_611_cov_461.816406:532..611:Col(pHAD28)_1__KU674895:57.251908","","Col(pHAD28)",93.75,61.07,"532","611","1","80"
"jj5m1fz4JbfRLGmD548WR6","SAMEA6654214","NODE_50_length_11389_cov_14.827028","NODE_50_length_11389_cov_14.827028:5248..5807:IncFIB(K)(pCAV1099-114)_1__CP011596:100.000000","","IncFIB(K)(pCAV1099-114)",100,100,"5248","5807","1","560"
"jj5m1fz4JbfRLGmD548WR6","SAMEA6654214","NODE_61_length_4023_cov_7877.556231","NODE_61_length_4023_cov_7877.556231:2467..2597:Col(pHAD28)_1__KU674895:92.366412","","Col(pHAD28)",92.37,100,"2467","2597","1","131"
"kYMbynLb8HU4zrcBkbYkH9","SAMN36884879","NODE_9_length_204266_cov_41.304447","NODE_9_length_204266_cov_41.304447:115619..116057:IncFIB(pNDM-Mar)_1__JN420336:99.316629","","IncFIB(pNDM-Mar)",99.32,100,"115619","116057","1","439"
"kYMbynLb8HU4zrcBkbYkH9","SAMN36884879","NODE_31_length_50011_cov_46.660102","NODE_31_length_50011_cov_46.660102:48112..48259:IncFII(K)_1__CP000648:95.945946","","IncFII(K)",95.95,100,"48112","48259","1","148"
"kYMbynLb8HU4zrcBkbYkH9","SAMN36884879","NODE_38_length_17640_cov_44.305285","NODE_38_length_17640_cov_44.305285:4450..5009:IncFIB(K)_1__JN233704:98.928571","","IncFIB(K)",98.93,100,"4450","5009","1","560"
"kYMbynLb8HU4zrcBkbYkH9","SAMN36884879","NODE_41_length_9669_cov_45.381191","NODE_41_length_9669_cov_45.381191:5819..6388:IncHI1B(pNDM-MAR)_1__JN420336:100.000000","","IncHI1B(pNDM-MAR)",100,100,"5819","6388","1","570"
"kYMbynLb8HU4zrcBkbYkH9","SAMN36884879","NODE_49_length_4045_cov_358.481754","NODE_49_length_4045_cov_358.481754:1597..1724:Col(pHAD28)_1__KU674895:89.378070","","Col(pHAD28)",91.47,97.71,"1597","1724","1","129"
"sAw5HbYFaHi6GVG2gyUbGW","SAMEA6422744","NODE_11_length_143046_cov_16.812581","NODE_11_length_143046_cov_16.812581:64954..65513:IncFIB(K)_1__JN233704:98.928571","","IncFIB(K)",98.93,100,"64954","65513","1","560"
"sAw5HbYFaHi6GVG2gyUbGW","SAMEA6422744","NODE_11_length_143046_cov_16.812581","NODE_11_length_143046_cov_16.812581:1753..1900:IncFII(K)_1__CP000648:95.945946","","IncFII(K)",95.95,100,"1753","1900","1","148"
"sAw5HbYFaHi6GVG2gyUbGW","SAMEA6422744","NODE_26_length_5350_cov_140.525614","NODE_26_length_5350_cov_140.525614:313..594:Col440II_1__CP023921:100.000000","","Col440II",100,100,"313","594","1","282"
"sAw5HbYFaHi6GVG2gyUbGW","SAMEA6422744","NODE_26_length_5350_cov_140.525614","NODE_26_length_5350_cov_140.525614:4857..4987:Col(pHAD28)_1__KU674895:92.366412","","Col(pHAD28)",92.37,100,"4857","4987","1","131"
"w5Ju2HjwAnSNu2zaZLcPe5","SAMEA5753488","NODE_16_length_129485_cov_25.099400","NODE_16_length_129485_cov_25.099400:96900..97459:IncFIB(K)_1__JN233704:100.000000","","IncFIB(K)",100,100,"96900","97459","1","560"
"w5Ju2HjwAnSNu2zaZLcPe5","SAMEA5753488","NODE_16_length_129485_cov_25.099400","NODE_16_length_129485_cov_25.099400:14160..14389:IncFII(pKP91)_1__CP000966:100.000000","","IncFII(pKP91)",100,100,"14160","14389","1","230"
"w5Ju2HjwAnSNu2zaZLcPe5","SAMEA5753488","NODE_41_length_27606_cov_24.749264","NODE_41_length_27606_cov_24.749264:22045..22295:IncR_1__DQ449578:99.601594","","IncR",99.6,100,"22045","22295","1","251"
"w5Ju2HjwAnSNu2zaZLcPe5","SAMEA5753488","NODE_59_length_4360_cov_32.122741","NODE_59_length_4360_cov_32.122741:2799..2928:Col(pHAD28)_1__KU674895:92.418857","","Col(pHAD28)",93.13,99.24,"2799","2928","1","131"
"w5Ju2HjwAnSNu2zaZLcPe5","SAMEA5753488","NODE_61_length_4088_cov_30.438706","NODE_61_length_4088_cov_30.438706:2535..2648:Col440I_1__CP023920:95.614035","","Col440I",95.61,100,"2535","2648","1","114"
"o7ZNphmQDDp6U23oNmT1F6","SAMEA8515143","NODE_35_length_50834_cov_33.144831","NODE_35_length_50834_cov_33.144831:9968..10115:IncFII(K)_1__CP000648:98.648649","","IncFII(K)",98.65,100,"9968","10115","1","148"
"o7ZNphmQDDp6U23oNmT1F6","SAMEA8515143","NODE_44_length_39245_cov_28.397180","NODE_44_length_39245_cov_28.397180:4738..5111:IncX3_1__JN247852:100.000000","","IncX3",100,100,"4738","5111","1","374"
"o7ZNphmQDDp6U23oNmT1F6","SAMEA8515143","NODE_46_length_34424_cov_34.017159","NODE_46_length_34424_cov_34.017159:13160..13899:IncFIB(pQil)_1__JN233705:100.000000","","IncFIB(pQil)",100,100,"13160","13899","1","740"
"o7ZNphmQDDp6U23oNmT1F6","SAMEA8515143","NODE_60_length_19168_cov_19.140595","NODE_60_length_19168_cov_19.140595:5272..5831:IncFIB(K)(pCAV1099-114)_1__CP011596:100.000000","","IncFIB(K)(pCAV1099-114)",100,100,"5272","5831","1","560"
"o7ZNphmQDDp6U23oNmT1F6","SAMEA8515143","NODE_69_length_10521_cov_16.533679","NODE_69_length_10521_cov_16.533679:9255..9824:IncHI1B(pNDM-MAR)_1__JN420336:100.000000","","IncHI1B(pNDM-MAR)",100,100,"9255","9824","1","570"
"o7ZNphmQDDp6U23oNmT1F6","SAMEA8515143","NODE_82_length_4940_cov_104.928527","NODE_82_length_4940_cov_104.928527:4515..4628:Col440I_1__CP023920:94.736842","","Col440I",94.74,100,"4515","4628","1","114"
"o7ZNphmQDDp6U23oNmT1F6","SAMEA8515143","NODE_101_length_1879_cov_941.192697","NODE_101_length_1879_cov_941.192697:934..1126:ColpVC_1__JX133088:97.409326","","ColpVC",97.41,100,"934","1126","1","193"
"dP2G69R9JYhdUHH1QF2v2w","SAMN05960915","NODE_17_length_107987_cov_18.355869","NODE_17_length_107987_cov_18.355869:63627..64186:IncFIB(pKPHS1)_1__CP003223:95.357143","","IncFIB(pKPHS1)",95.36,100,"63627","64186","1","560"
"dP2G69R9JYhdUHH1QF2v2w","SAMN05960915","NODE_34_length_25393_cov_19.032972","NODE_34_length_25393_cov_19.032972:4177..4736:IncFIB(K)_1__JN233704:98.750000","","IncFIB(K)",98.75,100,"4177","4736","1","560"
"dP2G69R9JYhdUHH1QF2v2w","SAMN05960915","NODE_38_length_16294_cov_30.864650","NODE_38_length_16294_cov_30.864650:5080..5702:repB(R1701)_1__CP039970:99.197432","","repB(R1701)",99.2,100,"5080","5702","1","623"
"iwi5npfx9osTxgTVKTk87T","SAMN05960887","NODE_20_length_35538_cov_23.029120","NODE_20_length_35538_cov_23.029120:2327..2886:IncFIB(K)(pCAV1099-114)_1__CP011596:99.642857","","IncFIB(K)(pCAV1099-114)",99.64,100,"2327","2886","1","560"
"iwi5npfx9osTxgTVKTk87T","SAMN05960887","NODE_35_length_6424_cov_24.722372","NODE_35_length_6424_cov_24.722372:818..1260:repFIB_pC39_CP061701:97.968397","","repFIB",97.97,100,"818","1260","1","443"
"iwi5npfx9osTxgTVKTk87T","SAMN05960887","NODE_37_length_4596_cov_21.414054","NODE_37_length_4596_cov_21.414054:3413..3982:IncHI1B(pNDM-MAR)_1__JN420336:99.298246","","IncHI1B(pNDM-MAR)",99.3,100,"3413","3982","1","570"
"oocPAdbbXbiWBWdWg7aYuk","SAMEA5753766","NODE_19_length_105092_cov_23.495014","NODE_19_length_105092_cov_23.495014:101526..102148:repB(R1701)_1__CP039970:98.715891","","repB(R1701)",98.72,100,"101526","102148","1","623"
"oocPAdbbXbiWBWdWg7aYuk","SAMEA5753766","NODE_19_length_105092_cov_23.495014","NODE_19_length_105092_cov_23.495014:48205..48781:repA(dmsm701b_NDM1)_1__CP095679:100.000000","","repA(dmsm701b",100,100,"48205","48781","1","577"
"oocPAdbbXbiWBWdWg7aYuk","SAMEA5753766","NODE_49_length_9931_cov_26.607404","NODE_49_length_9931_cov_26.607404:5994..6553:IncFIB(K)_1__JN233704:98.928571","","IncFIB(K)",98.93,100,"5994","6553","1","560"
"oocPAdbbXbiWBWdWg7aYuk","SAMEA5753766","NODE_67_length_2594_cov_29.729459","NODE_67_length_2594_cov_29.729459:547..675:Col(pHAD28)_1__KU674895:94.656489","","Col(pHAD28)",96.12,98.47,"547","675","1","129"
"ce21hb7zojMnor7zg5sWZa","SAMEA6155863","NODE_22_length_21655_cov_4.824086","NODE_22_length_21655_cov_4.824086:12692..13251:IncFIB(K)_1__JN233704:98.928571","","IncFIB(K)",98.93,100,"12692","13251","1","560"
"ce21hb7zojMnor7zg5sWZa","SAMEA6155863","NODE_24_length_12505_cov_7.897066","NODE_24_length_12505_cov_7.897066:6532..6782:IncR_1__DQ449578:100.000000","","IncR",100,100,"6532","6782","1","251"
"ce21hb7zojMnor7zg5sWZa","SAMEA6155863","NODE_25_length_10992_cov_9.094097","NODE_25_length_10992_cov_9.094097:5583..5810:IncFII(pKP91)_1__CP000966:94.816784","","IncFII(pKP91)",96.07,98.7,"5583","5810","3","230"
"ce21hb7zojMnor7zg5sWZa","SAMEA6155863","NODE_27_length_5951_cov_21.472317","NODE_27_length_5951_cov_21.472317:4441..4553:Col440I_1__CP023920:91.297322","","Col440I",92.11,99.12,"4441","4553","1","114"
"ce21hb7zojMnor7zg5sWZa","SAMEA6155863","NODE_32_length_4148_cov_36.084712","NODE_32_length_4148_cov_36.084712:3277..3558:Col440II_1__CP023921:96.808511","","Col440II",96.81,100,"3277","3558","1","282"
"ce21hb7zojMnor7zg5sWZa","SAMEA6155863","NODE_35_length_3592_cov_23.843687","NODE_35_length_3592_cov_23.843687:1839..1969:Col(pHAD28)_1__KU674895:93.129771","","Col(pHAD28)",93.13,100,"1839","1969","1","131"
"ce21hb7zojMnor7zg5sWZa","SAMEA6155863","NODE_44_length_1557_cov_8.891908","NODE_44_length_1557_cov_8.891908:778..1164:IncFIA(HI1)_1__AF250878:98.195876","","IncFIA(HI1)",98.45,99.74,"778","1164","2","388"
"sjbJuWVDRiDDqNnEJyPAkY","SAMEA6654247","NODE_14_length_77967_cov_17.088714","NODE_14_length_77967_cov_17.088714:46795..47233:IncFIB(pNDM-Mar)_1__JN420336:99.316629","","IncFIB(pNDM-Mar)",99.32,100,"46795","47233","1","439"
"sjbJuWVDRiDDqNnEJyPAkY","SAMEA6654247","NODE_21_length_34321_cov_26.041581","NODE_21_length_34321_cov_26.041581:4738..5111:IncX3_1__JN247852:100.000000","","IncX3",100,100,"4738","5111","1","374"
"sjbJuWVDRiDDqNnEJyPAkY","SAMEA6654247","NODE_26_length_15957_cov_3.684028","NODE_26_length_15957_cov_3.684028:7399..7626:IncFII(pKP91)_1__CP000966:94.385798","","IncFII(pKP91)",95.63,98.7,"7399","7626","3","230"
"sjbJuWVDRiDDqNnEJyPAkY","SAMEA6654247","NODE_28_length_12698_cov_27.586396","NODE_28_length_12698_cov_27.586396:6560..6788:ColKP3_1__JN205800:81.785714","","ColKP3",100,81.79,"6560","6788","1","229"
"sjbJuWVDRiDDqNnEJyPAkY","SAMEA6654247","NODE_35_length_6631_cov_5.320576","NODE_35_length_6631_cov_5.320576:2436..2995:IncFIB(K)_1__JN233704:99.107143","","IncFIB(K)",99.11,100,"2436","2995","1","560"
"sjbJuWVDRiDDqNnEJyPAkY","SAMEA6654247","NODE_37_length_4580_cov_14.971212","NODE_37_length_4580_cov_14.971212:94..622:IncQ1_1__M28829:66.457286","","IncQ1",100,66.46,"94","622","1","529"
"xdNsKsPiEWkzU1GEMC1i6m","SAMN05960884","NODE_46_length_25370_cov_17.500534","NODE_46_length_25370_cov_17.500534:20635..21194:IncFIB(K)_1__JN233704:98.928571","","IncFIB(K)",98.93,100,"20635","21194","1","560"
"xdNsKsPiEWkzU1GEMC1i6m","SAMN05960884","NODE_47_length_24099_cov_17.557708","NODE_47_length_24099_cov_17.557708:14248..14395:IncFII(K)_1__CP000648:97.297297","","IncFII(K)",97.3,100,"14248","14395","1","148"
"xdNsKsPiEWkzU1GEMC1i6m","SAMN05960884","NODE_65_length_6293_cov_88.690830","NODE_65_length_6293_cov_88.690830:5712..5825:Col440I_1__CP023920:95.614035","","Col440I",95.61,100,"5712","5825","1","114"
"xdNsKsPiEWkzU1GEMC1i6m","SAMN05960884","NODE_72_length_4132_cov_22.411108","NODE_72_length_4132_cov_22.411108:818..1205:IncFIA(HI1)_1__AF250878:96.391753","","IncFIA(HI1)",96.39,100,"818","1205","1","388"
"xdNsKsPiEWkzU1GEMC1i6m","SAMN05960884","NODE_77_length_3529_cov_136.887464","NODE_77_length_3529_cov_136.887464:105..233:Col(pHAD28)_1__KU674895:91.603053","","Col(pHAD28)",93.02,98.47,"105","233","1","129"
"jas4phQXkagxhCyPHioY9i","SAMN36884874","NODE_31_length_64153_cov_49.232726","NODE_31_length_64153_cov_49.232726:24975..25413:IncFIB(pNDM-Mar)_1__JN420336:99.772210","","IncFIB(pNDM-Mar)",99.77,100,"24975","25413","1","439"
"jas4phQXkagxhCyPHioY9i","SAMN36884874","NODE_32_length_62784_cov_47.704810","NODE_32_length_62784_cov_47.704810:8024..8593:IncHI1B(pNDM-MAR)_1__JN420336:100.000000","","IncHI1B(pNDM-MAR)",100,100,"8024","8593","1","570"
"jas4phQXkagxhCyPHioY9i","SAMN36884874","NODE_55_length_18858_cov_118.630950","NODE_55_length_18858_cov_118.630950:15791..16017:IncFII(pBK30683)_1__KF954760:100.000000","","IncFII(pBK30683)",100,100,"15791","16017","1","227"
"jas4phQXkagxhCyPHioY9i","SAMN36884874","NODE_66_length_10460_cov_59.928675","NODE_66_length_10460_cov_59.928675:1672..1819:IncFII(K)_1__CP000648:97.972973","","IncFII(K)",97.97,100,"1672","1819","1","148"
"jas4phQXkagxhCyPHioY9i","SAMN36884874","NODE_68_length_9999_cov_63.362020","NODE_68_length_9999_cov_63.362020:7321..7880:IncFIB(K)_1__JN233704:98.928571","","IncFIB(K)",98.93,100,"7321","7880","1","560"
"jas4phQXkagxhCyPHioY9i","SAMN36884874","NODE_96_length_3283_cov_416.085741","NODE_96_length_3283_cov_416.085741:3102..3211:Col440I_1__CP023920:91.228070","","Col440I",94.55,96.49,"3102","3211","1","110"
"jas4phQXkagxhCyPHioY9i","SAMN36884874","NODE_114_length_2157_cov_170.226433","NODE_114_length_2157_cov_170.226433:73..186:Col440I_1__CP023920:94.736842","","Col440I",94.74,100,"73","186","1","114"
"jas4phQXkagxhCyPHioY9i","SAMN36884874","NODE_166_length_707_cov_467.187500","NODE_166_length_707_cov_467.187500:577..687:Col440I_1__CP023920:92.105263","","Col440I",94.59,97.37,"577","687","1","111"
"mRcHS7TgKD2g46yZERJDdp","SAMEA7472503","NODE_20_length_82139_cov_5.910129","NODE_20_length_82139_cov_5.910129:77537..78096:IncFIB(K)_1__JN233704:98.928571","","IncFIB(K)",98.93,100,"77537","78096","1","560"
"mRcHS7TgKD2g46yZERJDdp","SAMEA7472503","NODE_44_length_4090_cov_228.882486","NODE_44_length_4090_cov_228.882486:3689..3816:Col(pHAD28)_1__KU674895:89.378070","","Col(pHAD28)",91.47,97.71,"3689","3816","1","129"
"mRcHS7TgKD2g46yZERJDdp","SAMEA7472503","NODE_55_length_1986_cov_6.216746","NODE_55_length_1986_cov_6.216746:1719..1866:IncFII(K)_1__CP000648:95.945946","","IncFII(K)",95.95,100,"1719","1866","1","148"
"27Ru2zdMwBbPvcvNupdnRx","SAMEA7472473","NODE_17_length_90463_cov_7.300326","NODE_17_length_90463_cov_7.300326:4129..4688:IncFIB(K)_1__JN233704:98.928571","","IncFIB(K)",98.93,100,"4129","4688","1","560"
"27Ru2zdMwBbPvcvNupdnRx","SAMEA7472473","NODE_17_length_90463_cov_7.300326","NODE_17_length_90463_cov_7.300326:66361..66588:IncFII(pKP91)_1__CP000966:94.816784","","IncFII(pKP91)",96.07,98.7,"66361","66588","3","230"
"27Ru2zdMwBbPvcvNupdnRx","SAMEA7472473","NODE_99_length_4716_cov_302.350227","NODE_99_length_4716_cov_302.350227:625..906:Col440II_1__CP023921:97.163121","","Col440II",97.16,100,"625","906","1","282"
"27Ru2zdMwBbPvcvNupdnRx","SAMEA7472473","NODE_99_length_4716_cov_302.350227","NODE_99_length_4716_cov_302.350227:4391..4672:Col440II_1__CP023921:97.163121","","Col440II",97.16,100,"4391","4672","1","282"
"eR5kicJVi4tWZdTzoSQtoD","SAMEA6155828","NODE_26_length_51272_cov_5.289821","NODE_26_length_51272_cov_5.289821:8910..9057:IncFII(K)_1__CP000648:100.000000","","IncFII(K)",100,100,"8910","9057","1","148"
"eR5kicJVi4tWZdTzoSQtoD","SAMEA6155828","NODE_32_length_13797_cov_5.703825","NODE_32_length_13797_cov_5.703825:5376..5935:IncFIB(K)_1__JN233704:100.000000","","IncFIB(K)",100,100,"5376","5935","1","560"
"eR5kicJVi4tWZdTzoSQtoD","SAMEA6155828","NODE_33_length_12290_cov_8.974243","NODE_33_length_12290_cov_8.974243:5343..5593:IncR_1__DQ449578:100.000000","","IncR",100,100,"5343","5593","1","251"
"eR5kicJVi4tWZdTzoSQtoD","SAMEA6155828","NODE_41_length_4540_cov_39.122945","NODE_41_length_4540_cov_39.122945:578..692:Col(pHAD28)_1__KU674895:81.679389","","Col(pHAD28)",93.04,87.79,"578","692","1","115"
"eR5kicJVi4tWZdTzoSQtoD","SAMEA6155828","NODE_48_length_3496_cov_25.059464","NODE_48_length_3496_cov_25.059464:591..709:Col(pHAD28)_1__KU674895:82.512723","","Col(pHAD28)",90.83,90.84,"591","709","1","120"
"eR5kicJVi4tWZdTzoSQtoD","SAMEA6155828","NODE_50_length_2157_cov_80.006317","NODE_50_length_2157_cov_80.006317:1908..2100:ColpVC_1__JX133088:98.445596","","ColpVC",98.45,100,"1908","2100","1","193"
"1FuNVd4tgXsAV9NYkp4824","SAMEA6155882","NODE_20_length_44445_cov_6.507554","NODE_20_length_44445_cov_6.507554:2257..2643:IncFIA(HI1)_1__AF250878:98.195876","","IncFIA(HI1)",98.45,99.74,"2257","2643","2","388"
"1FuNVd4tgXsAV9NYkp4824","SAMEA6155882","NODE_20_length_44445_cov_6.507554","NODE_20_length_44445_cov_6.507554:38694..38944:IncR_1__DQ449578:100.000000","","IncR",100,100,"38694","38944","1","251"
"1FuNVd4tgXsAV9NYkp4824","SAMEA6155882","NODE_21_length_42969_cov_5.166970","NODE_21_length_42969_cov_5.166970:35542..35689:IncFII(K)_1__CP000648:97.297297","","IncFII(K)",97.3,100,"35542","35689","1","148"
"1FuNVd4tgXsAV9NYkp4824","SAMEA6155882","NODE_25_length_22716_cov_4.983110","NODE_25_length_22716_cov_4.983110:7390..7949:IncFIB(K)_1__JN233704:100.000000","","IncFIB(K)",100,100,"7390","7949","1","560"
"c4GTL4K9vYXFBPKGyxKQ4X","SAMEA7472440","NODE_30_length_37131_cov_11.642543","NODE_30_length_37131_cov_11.642543:28027..28586:IncFIB(K)(pCAV1099-114)_1__CP011596:99.642857","","IncFIB(K)(pCAV1099-114)",99.64,100,"28027","28586","1","560"
"c4GTL4K9vYXFBPKGyxKQ4X","SAMEA7472440","NODE_30_length_37131_cov_11.642543","NODE_30_length_37131_cov_11.642543:35872..36314:repFIB_pC39_CP061701:97.968397","","repFIB",97.97,100,"35872","36314","1","443"
"c4GTL4K9vYXFBPKGyxKQ4X","SAMEA7472440","NODE_44_length_12675_cov_13.327688","NODE_44_length_12675_cov_13.327688:5806..6193:IncFIA(HI1)_1__AF250878:97.422680","","IncFIA(HI1)",97.42,100,"5806","6193","1","388"
"c4GTL4K9vYXFBPKGyxKQ4X","SAMEA7472440","NODE_51_length_8887_cov_12.834547","NODE_51_length_8887_cov_12.834547:5854..6423:IncHI1B(pNDM-MAR)_1__JN420336:100.000000","","IncHI1B(pNDM-MAR)",100,100,"5854","6423","1","570"
"c4GTL4K9vYXFBPKGyxKQ4X","SAMEA7472440","NODE_57_length_5996_cov_675.963371","NODE_57_length_5996_cov_675.963371:1920..2050:Col(pHAD28)_1__KU674895:94.656489","","Col(pHAD28)",94.66,100,"1920","2050","1","131"
"c4GTL4K9vYXFBPKGyxKQ4X","SAMEA7472440","NODE_66_length_3775_cov_15.597388","NODE_66_length_3775_cov_15.597388:1578..2016:IncFIB(pNDM-Mar)_1__JN420336:100.000000","","IncFIB(pNDM-Mar)",100,100,"1578","2016","1","439"
"qFjC5wtsMs7Mx9esCZwse4","SAMN36884872","NODE_26_length_31068_cov_44.692919","NODE_26_length_31068_cov_44.692919:2327..2886:IncFIB(K)(pCAV1099-114)_1__CP011596:99.642857","","IncFIB(K)(pCAV1099-114)",99.64,100,"2327","2886","1","560"
"qFjC5wtsMs7Mx9esCZwse4","SAMN36884872","NODE_30_length_16614_cov_42.735453","NODE_30_length_16614_cov_42.735453:10208..10777:IncHI1B(pNDM-MAR)_1__JN420336:100.000000","","IncHI1B(pNDM-MAR)",100,100,"10208","10777","1","570"
"qFjC5wtsMs7Mx9esCZwse4","SAMN36884872","NODE_39_length_6426_cov_38.899320","NODE_39_length_6426_cov_38.899320:819..1261:repFIB_pC39_CP061701:97.968397","","repFIB",97.97,100,"819","1261","1","443"
"kJNnXoD8vixEUPVE2DqeAz","SAMEA6155835","NODE_13_length_68907_cov_5.454991","NODE_13_length_68907_cov_5.454991:64194..64753:IncFIB(K)_1__JN233704:98.928571","","IncFIB(K)",98.93,100,"64194","64753","1","560"
"kJNnXoD8vixEUPVE2DqeAz","SAMEA6155835","NODE_13_length_68907_cov_5.454991","NODE_13_length_68907_cov_5.454991:1753..1900:IncFII(K)_1__CP000648:95.945946","","IncFII(K)",95.95,100,"1753","1900","1","148"
"kJNnXoD8vixEUPVE2DqeAz","SAMEA6155835","NODE_23_length_16604_cov_4.065976","NODE_23_length_16604_cov_4.065976:11693..12131:IncFIB(pNDM-Mar)_1__JN420336:100.000000","","IncFIB(pNDM-Mar)",100,100,"11693","12131","1","439"
"7v9Nq4PcZg5wXgoxJUe8Yn","SAMN05960951","NODE_285_length_3976_cov_86.493423","NODE_285_length_3976_cov_86.493423:3010..3121:Col(pHAD28)_1__KU674895:77.862595","","Col(pHAD28)",91.07,85.5,"3010","3121","1","112"
"5D1JBtLHpQK42J1vJ8DXSP","SAMN05960923","NODE_36_length_13347_cov_24.568765","NODE_36_length_13347_cov_24.568765:5391..6013:repB(R1701)_1__CP039970:98.715891","","repB(R1701)",98.72,100,"5391","6013","1","623"
"5D1JBtLHpQK42J1vJ8DXSP","SAMN05960923","NODE_41_length_8816_cov_12.608122","NODE_41_length_8816_cov_12.608122:6297..6856:IncFIB(K)_1__JN233704:98.928571","","IncFIB(K)",98.93,100,"6297","6856","1","560"
"5D1JBtLHpQK42J1vJ8DXSP","SAMN05960923","NODE_44_length_5492_cov_255.361024","NODE_44_length_5492_cov_255.361024:1609..1718:Col440I_1__CP023920:92.982456","","Col440I",96.36,96.49,"1609","1718","1","110"
"kzMniy1Ghag8qUvFLaDQKa","SAMEA5753701","NODE_34_length_52984_cov_23.560102","NODE_34_length_52984_cov_23.560102:25704..25851:IncFII(K)_1__CP000648:97.297297","","IncFII(K)",97.3,100,"25704","25851","1","148"
"kzMniy1Ghag8qUvFLaDQKa","SAMEA5753701","NODE_42_length_33800_cov_21.883090","NODE_42_length_33800_cov_21.883090:19840..20462:repB(R1701)_1__CP039970:99.518459","","repB(R1701)",99.52,100,"19840","20462","1","623"
"kzMniy1Ghag8qUvFLaDQKa","SAMEA5753701","NODE_45_length_30641_cov_20.221629","NODE_45_length_30641_cov_20.221629:25417..25976:IncFIB(K)_1__JN233704:98.750000","","IncFIB(K)",98.75,100,"25417","25976","1","560"
"kzMniy1Ghag8qUvFLaDQKa","SAMEA5753701","NODE_84_length_3400_cov_32.180551","NODE_84_length_3400_cov_32.180551:2644..2774:Col(pHAD28)_1__KU674895:91.603053","","Col(pHAD28)",91.6,100,"2644","2774","1","131"
"tz3KKQTzSeRctTL127zPKF","SAMEA6654223","NODE_14_length_53199_cov_8.338550","NODE_14_length_53199_cov_8.338550:31018..31456:IncFIB(pNDM-Mar)_1__JN420336:99.316629","","IncFIB(pNDM-Mar)",99.32,100,"31018","31456","1","439"
"tz3KKQTzSeRctTL127zPKF","SAMEA6654223","NODE_15_length_52812_cov_7.309146","NODE_15_length_52812_cov_7.309146:21942..22169:IncFII(pKP91)_1__CP000966:94.385798","","IncFII(pKP91)",95.63,98.7,"21942","22169","3","230"
"tz3KKQTzSeRctTL127zPKF","SAMEA6654223","NODE_18_length_35603_cov_15.130183","NODE_18_length_35603_cov_15.130183:30493..30866:IncX3_1__JN247852:100.000000","","IncX3",100,100,"30493","30866","1","374"
"tz3KKQTzSeRctTL127zPKF","SAMEA6654223","NODE_26_length_19278_cov_15.046770","NODE_26_length_19278_cov_15.046770:16423..16651:ColKP3_1__JN205800:81.785714","","ColKP3",100,81.79,"16423","16651","1","229"
"tz3KKQTzSeRctTL127zPKF","SAMEA6654223","NODE_32_length_7037_cov_10.081580","NODE_32_length_7037_cov_10.081580:2436..2995:IncFIB(K)_1__JN233704:99.107143","","IncFIB(K)",99.11,100,"2436","2995","1","560"
"tz3KKQTzSeRctTL127zPKF","SAMEA6654223","NODE_34_length_6832_cov_10.324670","NODE_34_length_6832_cov_10.324670:93..621:IncQ1_1__M28829:66.457286","","IncQ1",100,66.46,"93","621","1","529"
"82eR6GZey3tNBaqHGtxGzw","SAMEA6654238","NODE_17_length_78989_cov_12.090734","NODE_17_length_78989_cov_12.090734:30854..31081:IncFII(pKP91)_1__CP000966:94.385798","","IncFII(pKP91)",95.63,98.7,"30854","31081","3","230"
"82eR6GZey3tNBaqHGtxGzw","SAMEA6654238","NODE_19_length_77967_cov_12.672561","NODE_19_length_77967_cov_12.672561:46795..47233:IncFIB(pNDM-Mar)_1__JN420336:99.316629","","IncFIB(pNDM-Mar)",99.32,100,"46795","47233","1","439"
"82eR6GZey3tNBaqHGtxGzw","SAMEA6654238","NODE_34_length_34321_cov_15.193297","NODE_34_length_34321_cov_15.193297:29211..29584:IncX3_1__JN247852:100.000000","","IncX3",100,100,"29211","29584","1","374"
"82eR6GZey3tNBaqHGtxGzw","SAMEA6654238","NODE_42_length_16545_cov_13.483461","NODE_42_length_16545_cov_13.483461:13551..14110:IncFIB(K)_1__JN233704:99.107143","","IncFIB(K)",99.11,100,"13551","14110","1","560"
"82eR6GZey3tNBaqHGtxGzw","SAMEA6654238","NODE_49_length_8766_cov_20.260644","NODE_49_length_8766_cov_20.260644:5911..6139:ColKP3_1__JN205800:81.785714","","ColKP3",100,81.79,"5911","6139","1","229"
"82eR6GZey3tNBaqHGtxGzw","SAMEA6654238","NODE_63_length_1741_cov_12.553593","NODE_63_length_1741_cov_12.553593:93..621:IncQ1_1__M28829:66.457286","","IncQ1",100,66.46,"93","621","1","529"
"8bSGN5wekQSzMu67jP73ZP","SAMEA111505114","NODE_23_length_57629_cov_24.955972","NODE_23_length_57629_cov_24.955972:4247..4806:IncFIB(K)_1__JN233704:99.107143","","IncFIB(K)",99.11,100,"4247","4806","1","560"
"8bSGN5wekQSzMu67jP73ZP","SAMEA111505114","NODE_32_length_38424_cov_22.650082","NODE_32_length_38424_cov_22.650082:23320..23547:IncFII(pKP91)_1__CP000966:94.385798","","IncFII(pKP91)",95.63,98.7,"23320","23547","3","230"
"8bSGN5wekQSzMu67jP73ZP","SAMEA111505114","NODE_48_length_3376_cov_1171.132384","NODE_48_length_3376_cov_1171.132384:1805..1935:Col(pHAD28)_1__KU674895:91.603053","","Col(pHAD28)",91.6,100,"1805","1935","1","131"
"tG6acDHGobY51suiQSFBKX","SAMEA6654236","NODE_40_length_13321_cov_10.007034","NODE_40_length_13321_cov_10.007034:6841..7069:ColKP3_1__JN205800:81.785714","","ColKP3",100,81.79,"6841","7069","1","229"
"tG6acDHGobY51suiQSFBKX","SAMEA6654236","NODE_43_length_12080_cov_3.804607","NODE_43_length_12080_cov_3.804607:10109..10547:IncFIB(pNDM-Mar)_1__JN420336:99.316629","","IncFIB(pNDM-Mar)",99.32,100,"10109","10547","1","439"
"tG6acDHGobY51suiQSFBKX","SAMEA6654236","NODE_44_length_11417_cov_6.619986","NODE_44_length_11417_cov_6.619986:4738..5111:IncX3_1__JN247852:100.000000","","IncX3",100,100,"4738","5111","1","374"
"tG6acDHGobY51suiQSFBKX","SAMEA6654236","NODE_57_length_4583_cov_3.542819","NODE_57_length_4583_cov_3.542819:3962..4490:IncQ1_1__M28829:66.457286","","IncQ1",100,66.46,"3962","4490","1","529"
"mZ82Nevx73s1WDbcNDRULC","SAMEA4785010","NODE_17_length_113022_cov_37.212764","NODE_17_length_113022_cov_37.212764:24700..25259:IncFIB(pKPHS1)_1__CP003223:95.535714","","IncFIB(pKPHS1)",95.54,100,"24700","25259","1","560"
"mZ82Nevx73s1WDbcNDRULC","SAMEA4785010","NODE_31_length_38084_cov_69.215028","NODE_31_length_38084_cov_69.215028:6473..7212:IncFIB(pQil)_1__JN233705:100.000000","","IncFIB(pQil)",100,100,"6473","7212","1","740"
"mZ82Nevx73s1WDbcNDRULC","SAMEA4785010","NODE_36_length_29189_cov_35.395514","NODE_36_length_29189_cov_35.395514:9014..9573:IncFIB(K)(pCAV1099-114)_1__CP011596:99.642857","","IncFIB(K)(pCAV1099-114)",99.64,100,"9014","9573","1","560"
"mZ82Nevx73s1WDbcNDRULC","SAMEA4785010","NODE_50_length_10618_cov_35.392488","NODE_50_length_10618_cov_35.392488:1589..2027:IncFIB(pNDM-Mar)_1__JN420336:99.316629","","IncFIB(pNDM-Mar)",99.32,100,"1589","2027","1","439"
"mZ82Nevx73s1WDbcNDRULC","SAMEA4785010","NODE_51_length_8882_cov_74.368230","NODE_51_length_8882_cov_74.368230:3470..3720:IncR_1__DQ449578:100.000000","","IncR",100,100,"3470","3720","1","251"
"mZ82Nevx73s1WDbcNDRULC","SAMEA4785010","NODE_62_length_4615_cov_79.339207","NODE_62_length_4615_cov_79.339207:2654..3091:RepB_1_pC39_CP061702.1:99.543379","","RepB",99.54,100,"2654","3091","1","438"
"mZ82Nevx73s1WDbcNDRULC","SAMEA4785010","NODE_63_length_4242_cov_387.433165","NODE_63_length_4242_cov_387.433165:450..580:Col(pHAD28)_1__KU674895:92.366412","","Col(pHAD28)",92.37,100,"450","580","1","131"
"k9JCAPMxurzSKXmtzZYL5T","SAMEA6654225","NODE_29_length_27369_cov_26.495270","NODE_29_length_27369_cov_26.495270:4738..5111:IncX3_1__JN247852:100.000000","","IncX3",100,100,"4738","5111","1","374"
"k9JCAPMxurzSKXmtzZYL5T","SAMEA6654225","NODE_32_length_21691_cov_5.626389","NODE_32_length_21691_cov_5.626389:7520..7747:IncFII(pKP91)_1__CP000966:94.385798","","IncFII(pKP91)",95.63,98.7,"7520","7747","3","230"
"k9JCAPMxurzSKXmtzZYL5T","SAMEA6654225","NODE_38_length_12700_cov_32.270693","NODE_38_length_12700_cov_32.270693:5911..6139:ColKP3_1__JN205800:81.785714","","ColKP3",100,81.79,"5911","6139","1","229"
"k9JCAPMxurzSKXmtzZYL5T","SAMEA6654225","NODE_41_length_12499_cov_8.268468","NODE_41_length_12499_cov_8.268468:7757..8195:IncFIB(pNDM-Mar)_1__JN420336:99.316629","","IncFIB(pNDM-Mar)",99.32,100,"7757","8195","1","439"
"k9JCAPMxurzSKXmtzZYL5T","SAMEA6654225","NODE_48_length_9393_cov_64.603508","NODE_48_length_9393_cov_64.603508:2347..2476:ColRNAI_1__DQ298019:100.000000","","ColRNAI",100,100,"2347","2476","1","130"
"k9JCAPMxurzSKXmtzZYL5T","SAMEA6654225","NODE_56_length_7037_cov_7.582012","NODE_56_length_7037_cov_7.582012:2436..2995:IncFIB(K)_1__JN233704:99.107143","","IncFIB(K)",99.11,100,"2436","2995","1","560"
"k9JCAPMxurzSKXmtzZYL5T","SAMEA6654225","NODE_64_length_4580_cov_9.408168","NODE_64_length_4580_cov_9.408168:94..622:IncQ1_1__M28829:66.457286","","IncQ1",100,66.46,"94","622","1","529"
"vGtJVDvJbXimrzWLDFZdXQ","SAMN36884885","NODE_17_length_42746_cov_32.062607","NODE_17_length_42746_cov_32.062607:1690..1837:IncFII(K)_1__CP000648:95.945946","","IncFII(K)",95.95,100,"1690","1837","1","148"
"vGtJVDvJbXimrzWLDFZdXQ","SAMN36884885","NODE_20_length_31911_cov_32.555231","NODE_20_length_31911_cov_32.555231:10183..10742:IncFIB(K)_1__JN233704:98.928571","","IncFIB(K)",98.93,100,"10183","10742","1","560"
"vGtJVDvJbXimrzWLDFZdXQ","SAMN36884885","NODE_25_length_5350_cov_189.462388","NODE_25_length_5350_cov_189.462388:53..334:Col440II_1__CP023921:100.000000","","Col440II",100,100,"53","334","1","282"
"vGtJVDvJbXimrzWLDFZdXQ","SAMN36884885","NODE_25_length_5350_cov_189.462388","NODE_25_length_5350_cov_189.462388:911..1041:Col(pHAD28)_1__KU674895:92.366412","","Col(pHAD28)",92.37,100,"911","1041","1","131"
"tRwz3rgZ949fz2WZhyGu7T","SAMEA111505140","NODE_15_length_128319_cov_18.895543","NODE_15_length_128319_cov_18.895543:87320..87879:IncFIB(K)_1__JN233704:99.107143","","IncFIB(K)",99.11,100,"87320","87879","1","560"
"tRwz3rgZ949fz2WZhyGu7T","SAMEA111505140","NODE_27_length_50899_cov_9.614572","NODE_27_length_50899_cov_9.614572:36662..37284:repB(R1701)_1__CP039970:99.197432","","repB(R1701)",99.2,100,"36662","37284","1","623"
"tRwz3rgZ949fz2WZhyGu7T","SAMEA111505140","NODE_31_length_39308_cov_14.184096","NODE_31_length_39308_cov_14.184096:19509..19736:IncFII(pKP91)_1__CP000966:94.816784","","IncFII(pKP91)",96.07,98.7,"19509","19736","3","230"
"tCDM3F6zSTTBUgKunyb8sH","SAMEA6422765","NODE_20_length_72454_cov_15.817691","NODE_20_length_72454_cov_15.817691:11375..11522:IncFII(K)_1__CP000648:97.297297","","IncFII(K)",97.3,100,"11375","11522","1","148"
"tCDM3F6zSTTBUgKunyb8sH","SAMEA6422765","NODE_23_length_45107_cov_8.581363","NODE_23_length_45107_cov_8.581363:39682..39829:IncFII(K)_1__CP000648:94.594595","","IncFII(K)",94.59,100,"39682","39829","1","148"
"tCDM3F6zSTTBUgKunyb8sH","SAMEA6422765","NODE_28_length_24586_cov_16.730306","NODE_28_length_24586_cov_16.730306:14169..14908:IncFIB(pQil)_1__JN233705:99.864865","","IncFIB(pQil)",99.86,100,"14169","14908","1","740"
"tCDM3F6zSTTBUgKunyb8sH","SAMEA6422765","NODE_31_length_21523_cov_8.513209","NODE_31_length_21523_cov_8.513209:3731..4118:IncFIA(HI1)_1__AF250878:97.164948","","IncFIA(HI1)",97.16,100,"3731","4118","1","388"
"tCDM3F6zSTTBUgKunyb8sH","SAMEA6422765","NODE_32_length_20984_cov_17.934881","NODE_32_length_20984_cov_17.934881:12631..13190:IncFIB(K)_1__JN233704:100.000000","","IncFIB(K)",100,100,"12631","13190","1","560"
"tCDM3F6zSTTBUgKunyb8sH","SAMEA6422765","NODE_37_length_9370_cov_17.018337","NODE_37_length_9370_cov_17.018337:3670..3920:IncR_1__DQ449578:100.000000","","IncR",100,100,"3670","3920","1","251"
"tCDM3F6zSTTBUgKunyb8sH","SAMEA6422765","NODE_42_length_3741_cov_28.039539","NODE_42_length_3741_cov_28.039539:1813..1943:Col(pHAD28)_1__KU674895:93.129771","","Col(pHAD28)",93.13,100,"1813","1943","1","131"
"tCDM3F6zSTTBUgKunyb8sH","SAMEA6422765","NODE_48_length_2594_cov_37.583166","NODE_48_length_2594_cov_37.583166:1921..2049:Col(pHAD28)_1__KU674895:94.656489","","Col(pHAD28)",96.12,98.47,"1921","2049","1","129"
"tCDM3F6zSTTBUgKunyb8sH","SAMEA6422765","NODE_50_length_2416_cov_57.083729","NODE_50_length_2416_cov_57.083729:1968..2081:Col440I_1__CP023920:96.491228","","Col440I",96.49,100,"1968","2081","1","114"
"d9CdBxjfAoMmmG61oZuuKN","SAMN05960946","NODE_42_length_26662_cov_6.624704","NODE_42_length_26662_cov_6.624704:11328..11766:IncFIB(pNDM-Mar)_1__JN420336:99.316629","","IncFIB(pNDM-Mar)",99.32,100,"11328","11766","1","439"
"d9CdBxjfAoMmmG61oZuuKN","SAMN05960946","NODE_54_length_13567_cov_10.714211","NODE_54_length_13567_cov_10.714211:4464..5023:IncFIB(K)(pCAV1099-114)_1__CP011596:99.642857","","IncFIB(K)(pCAV1099-114)",99.64,100,"4464","5023","1","560"
"d9CdBxjfAoMmmG61oZuuKN","SAMN05960946","NODE_54_length_13567_cov_10.714211","NODE_54_length_13567_cov_10.714211:12309..12751:repFIB_pC39_CP061701:97.968397","","repFIB",97.97,100,"12309","12751","1","443"
"d9CdBxjfAoMmmG61oZuuKN","SAMN05960946","NODE_79_length_4972_cov_205.020316","NODE_79_length_4972_cov_205.020316:357..638:Col440II_1__CP023921:98.226950","","Col440II",98.23,100,"357","638","1","282"
"d9CdBxjfAoMmmG61oZuuKN","SAMN05960946","NODE_87_length_3223_cov_18.183739","NODE_87_length_3223_cov_18.183739:1824..2393:IncHI1B(pNDM-MAR)_1__JN420336:100.000000","","IncHI1B(pNDM-MAR)",100,100,"1824","2393","1","570"
"d9CdBxjfAoMmmG61oZuuKN","SAMN05960946","NODE_114_length_1050_cov_15.786540","NODE_114_length_1050_cov_15.786540:154..591:RepB_1_pC39_CP061702.1:99.543379","","RepB",99.54,100,"154","591","1","438"
"xpuYKKN33xUwEFEHcYNxrv","SAMEA7472471","NODE_34_length_21904_cov_6.608622","NODE_34_length_21904_cov_6.608622:1746..1893:IncFII(K)_1__CP000648:97.297297","","IncFII(K)",97.3,100,"1746","1893","1","148"
"xpuYKKN33xUwEFEHcYNxrv","SAMEA7472471","NODE_35_length_20382_cov_10.461174","NODE_35_length_20382_cov_10.461174:19212..19781:IncHI1B(pNDM-MAR)_1__JN420336:100.000000","","IncHI1B(pNDM-MAR)",100,100,"19212","19781","1","570"
"xpuYKKN33xUwEFEHcYNxrv","SAMEA7472471","NODE_44_length_13644_cov_8.320783","NODE_44_length_13644_cov_8.320783:4125..4684:IncFIB(K)_1__JN233704:100.000000","","IncFIB(K)",100,100,"4125","4684","1","560"
"xpuYKKN33xUwEFEHcYNxrv","SAMEA7472471","NODE_48_length_10807_cov_6.531378","NODE_48_length_10807_cov_6.531378:5323..5573:IncR_1__DQ449578:100.000000","","IncR",100,100,"5323","5573","1","251"
"xpuYKKN33xUwEFEHcYNxrv","SAMEA7472471","NODE_73_length_3732_cov_10.352051","NODE_73_length_3732_cov_10.352051:1764..2202:IncFIB(pNDM-Mar)_1__JN420336:100.000000","","IncFIB(pNDM-Mar)",100,100,"1764","2202","1","439"
"xpuYKKN33xUwEFEHcYNxrv","SAMEA7472471","NODE_74_length_3317_cov_431.570541","NODE_74_length_3317_cov_431.570541:24..154:Col(pHAD28)_1__KU674895:92.366412","","Col(pHAD28)",92.37,100,"24","154","1","131"
"gWctNQwWhVx3SHvoycbz5o","SAMEA6654241","NODE_15_length_78877_cov_8.495430","NODE_15_length_78877_cov_8.495430:30842..31069:IncFII(pKP91)_1__CP000966:94.385798","","IncFII(pKP91)",95.63,98.7,"30842","31069","3","230"
"gWctNQwWhVx3SHvoycbz5o","SAMEA6654241","NODE_18_length_52263_cov_9.932290","NODE_18_length_52263_cov_9.932290:21091..21529:IncFIB(pNDM-Mar)_1__JN420336:99.316629","","IncFIB(pNDM-Mar)",99.32,100,"21091","21529","1","439"
"gWctNQwWhVx3SHvoycbz5o","SAMEA6654241","NODE_25_length_34321_cov_14.038367","NODE_25_length_34321_cov_14.038367:29211..29584:IncX3_1__JN247852:100.000000","","IncX3",100,100,"29211","29584","1","374"
"gWctNQwWhVx3SHvoycbz5o","SAMEA6654241","NODE_33_length_8766_cov_14.786085","NODE_33_length_8766_cov_14.786085:5911..6139:ColKP3_1__JN205800:81.785714","","ColKP3",100,81.79,"5911","6139","1","229"
"gWctNQwWhVx3SHvoycbz5o","SAMEA6654241","NODE_36_length_7395_cov_10.464775","NODE_36_length_7395_cov_10.464775:2436..2995:IncFIB(K)_1__JN233704:99.107143","","IncFIB(K)",99.11,100,"2436","2995","1","560"
"gWctNQwWhVx3SHvoycbz5o","SAMEA6654241","NODE_48_length_1756_cov_10.627037","NODE_48_length_1756_cov_10.627037:1136..1664:IncQ1_1__M28829:66.331658","","IncQ1",99.81,66.46,"1136","1664","1","529"
"mrbKzGk1dyjdEhyvwp9UH5","SAMEA111505142","NODE_33_length_51162_cov_16.241607","NODE_33_length_51162_cov_16.241607:1729..1876:IncFII(K)_1__CP000648:95.945946","","IncFII(K)",95.95,100,"1729","1876","1","148"
"mrbKzGk1dyjdEhyvwp9UH5","SAMEA111505142","NODE_46_length_15513_cov_15.824394","NODE_46_length_15513_cov_15.824394:10935..11494:IncFIB(K)_1__JN233704:98.928571","","IncFIB(K)",98.93,100,"10935","11494","1","560"
"mrbKzGk1dyjdEhyvwp9UH5","SAMEA111505142","NODE_61_length_4066_cov_3287.559759","NODE_61_length_4066_cov_3287.559759:1333..1460:Col(pHAD28)_1__KU674895:89.378070","","Col(pHAD28)",91.47,97.71,"1333","1460","1","129"
"vPnNvNW6p1ALprg57MTF4k","SAMEA6654230","NODE_14_length_35882_cov_12.445742","NODE_14_length_35882_cov_12.445742:30772..31145:IncX3_1__JN247852:100.000000","","IncX3",100,100,"30772","31145","1","374"
"vPnNvNW6p1ALprg57MTF4k","SAMEA6654230","NODE_23_length_19924_cov_5.720757","NODE_23_length_19924_cov_5.720757:4535..4973:IncFIB(pNDM-Mar)_1__JN420336:99.316629","","IncFIB(pNDM-Mar)",99.32,100,"4535","4973","1","439"
"vPnNvNW6p1ALprg57MTF4k","SAMEA6654230","NODE_28_length_8766_cov_13.603092","NODE_28_length_8766_cov_13.603092:2628..2856:ColKP3_1__JN205800:81.785714","","ColKP3",100,81.79,"2628","2856","1","229"
"vPnNvNW6p1ALprg57MTF4k","SAMEA6654230","NODE_38_length_1675_cov_4.789340","NODE_38_length_1675_cov_4.789340:94..622:IncQ1_1__M28829:66.457286","","IncQ1",100,66.46,"94","622","1","529"
"ep4NAxRxYEM4xd8FEHYC6d","SAMEA6654239","NODE_29_length_38460_cov_4.524282","NODE_29_length_38460_cov_4.524282:7590..7817:IncFII(pKP91)_1__CP000966:94.385798","","IncFII(pKP91)",95.63,98.7,"7590","7817","3","230"
"ep4NAxRxYEM4xd8FEHYC6d","SAMEA6654239","NODE_34_length_32125_cov_5.765097","NODE_34_length_32125_cov_5.765097:30493..30866:IncX3_1__JN247852:100.000000","","IncX3",100,100,"30493","30866","1","374"
"ep4NAxRxYEM4xd8FEHYC6d","SAMEA6654239","NODE_54_length_8932_cov_6.288464","NODE_54_length_8932_cov_6.288464:5911..6139:ColKP3_1__JN205800:81.785714","","ColKP3",100,81.79,"5911","6139","1","229"
"ep4NAxRxYEM4xd8FEHYC6d","SAMEA6654239","NODE_65_length_7037_cov_5.962525","NODE_65_length_7037_cov_5.962525:2436..2995:IncFIB(K)_1__JN233704:99.107143","","IncFIB(K)",99.11,100,"2436","2995","1","560"
"ep4NAxRxYEM4xd8FEHYC6d","SAMEA6654239","NODE_68_length_6045_cov_4.080222","NODE_68_length_6045_cov_4.080222:924..1362:IncFIB(pNDM-Mar)_1__JN420336:99.316629","","IncFIB(pNDM-Mar)",99.32,100,"924","1362","1","439"
"ep4NAxRxYEM4xd8FEHYC6d","SAMEA6654239","NODE_102_length_1698_cov_3.387742","NODE_102_length_1698_cov_3.387742:1078..1606:IncQ1_1__M28829:66.457286","","IncQ1",100,66.46,"1078","1606","1","529"
"2HLjQ9mr1jyR9L4XFAeF9E","SAMEA5753724","NODE_34_length_26525_cov_20.836562","NODE_34_length_26525_cov_20.836562:15578..16200:repB(R1701)_1__CP039970:99.197432","","repB(R1701)",99.2,100,"15578","16200","1","623"
"2HLjQ9mr1jyR9L4XFAeF9E","SAMEA5753724","NODE_41_length_17386_cov_12.250188","NODE_41_length_17386_cov_12.250188:3278..3837:IncFIB(K)(pCAV1099-114)_1__CP011596:99.821429","","IncFIB(K)(pCAV1099-114)",99.82,100,"3278","3837","1","560"
"2HLjQ9mr1jyR9L4XFAeF9E","SAMEA5753724","NODE_43_length_13618_cov_9.855611","NODE_43_length_13618_cov_9.855611:1193..1303:Col440I_1__CP023920:93.859649","","Col440I",96.4,97.37,"1193","1303","1","111"
"2HLjQ9mr1jyR9L4XFAeF9E","SAMEA5753724","NODE_48_length_10059_cov_16.912048","NODE_48_length_10059_cov_16.912048:3695..3924:IncFII(pKP91)_1__CP000966:100.000000","","IncFII(pKP91)",100,100,"3695","3924","1","230"
"2HLjQ9mr1jyR9L4XFAeF9E","SAMEA5753724","NODE_50_length_9400_cov_22.582410","NODE_50_length_9400_cov_22.582410:7032..7624:IncFII(pCRY)_1__NC_005814:93.423272","","IncFII(pCRY)",93.42,100,"7032","7624","1","593"
"2HLjQ9mr1jyR9L4XFAeF9E","SAMEA5753724","NODE_65_length_4467_cov_30.917811","NODE_65_length_4467_cov_30.917811:1188..1301:Col440I_1__CP023920:95.614035","","Col440I",95.61,100,"1188","1301","1","114"
"2HLjQ9mr1jyR9L4XFAeF9E","SAMEA5753724","NODE_69_length_3690_cov_29.174603","NODE_69_length_3690_cov_29.174603:540..821:Col440II_1__CP023921:97.517730","","Col440II",97.52,100,"540","821","1","282"
"2HLjQ9mr1jyR9L4XFAeF9E","SAMEA5753724","NODE_69_length_3690_cov_29.174603","NODE_69_length_3690_cov_29.174603:3529..3657:Col(pHAD28)_1__KU674895:90.839695","","Col(pHAD28)",92.25,98.47,"3529","3657","1","129"
"fstHdZDYbS5mHrCxcBxm1p","SAMN05960945","NODE_40_length_28037_cov_21.776541","NODE_40_length_28037_cov_21.776541:16271..16709:IncFIB(pNDM-Mar)_1__JN420336:99.316629","","IncFIB(pNDM-Mar)",99.32,100,"16271","16709","1","439"
"fstHdZDYbS5mHrCxcBxm1p","SAMN05960945","NODE_52_length_15025_cov_23.510653","NODE_52_length_15025_cov_23.510653:8544..9103:IncFIB(K)(pCAV1099-114)_1__CP011596:99.642857","","IncFIB(K)(pCAV1099-114)",99.64,100,"8544","9103","1","560"
"fstHdZDYbS5mHrCxcBxm1p","SAMN05960945","NODE_52_length_15025_cov_23.510653","NODE_52_length_15025_cov_23.510653:816..1258:repFIB_pC39_CP061701:97.968397","","repFIB",97.97,100,"816","1258","1","443"
"fstHdZDYbS5mHrCxcBxm1p","SAMN05960945","NODE_68_length_7026_cov_44.883499","NODE_68_length_7026_cov_44.883499:6435..6872:RepB_1_pC39_CP061702.1:99.543379","","RepB",99.54,100,"6435","6872","1","438"
"fstHdZDYbS5mHrCxcBxm1p","SAMN05960945","NODE_77_length_4972_cov_311.368767","NODE_77_length_4972_cov_311.368767:2430..2711:Col440II_1__CP023921:98.226950","","Col440II",98.23,100,"2430","2711","1","282"
"fstHdZDYbS5mHrCxcBxm1p","SAMN05960945","NODE_92_length_1918_cov_23.153381","NODE_92_length_1918_cov_23.153381:515..1084:IncHI1B(pNDM-MAR)_1__JN420336:100.000000","","IncHI1B(pNDM-MAR)",100,100,"515","1084","1","570"
"cn2BAN2ymgY9j4cHSULQco","SAMEA6422774","NODE_16_length_78482_cov_23.263412","NODE_16_length_78482_cov_23.263412:12632..13191:IncFIB(K)_1__JN233704:98.928571","","IncFIB(K)",98.93,100,"12632","13191","1","560"
"cn2BAN2ymgY9j4cHSULQco","SAMEA6422774","NODE_16_length_78482_cov_23.263412","NODE_16_length_78482_cov_23.263412:76583..76730:IncFII(K)_1__CP000648:95.945946","","IncFII(K)",95.95,100,"76583","76730","1","148"
"cn2BAN2ymgY9j4cHSULQco","SAMEA6422774","NODE_25_length_4723_cov_162.441609","NODE_25_length_4723_cov_162.441609:3073..3186:Col440I_1__CP023920:100.000000","","Col440I",100,100,"3073","3186","1","114"
"65GXWu7971WMZfcK6f2yRL","SAMEA6654221","NODE_17_length_46041_cov_11.972792","NODE_17_length_46041_cov_11.972792:30735..31173:IncFIB(pNDM-Mar)_1__JN420336:99.316629","","IncFIB(pNDM-Mar)",99.32,100,"30735","31173","1","439"
"65GXWu7971WMZfcK6f2yRL","SAMEA6654221","NODE_20_length_34321_cov_21.757378","NODE_20_length_34321_cov_21.757378:4738..5111:IncX3_1__JN247852:100.000000","","IncX3",100,100,"4738","5111","1","374"
"65GXWu7971WMZfcK6f2yRL","SAMEA6654221","NODE_27_length_12700_cov_26.806523","NODE_27_length_12700_cov_26.806523:5911..6139:ColKP3_1__JN205800:81.785714","","ColKP3",100,81.79,"5911","6139","1","229"
"65GXWu7971WMZfcK6f2yRL","SAMEA6654221","NODE_29_length_4582_cov_11.741468","NODE_29_length_4582_cov_11.741468:94..622:IncQ1_1__M28829:66.457286","","IncQ1",100,66.46,"94","622","1","529"
"1X3RHR1R9T3bHHmdytUUzm","SAMEA4785006","NODE_41_length_32493_cov_55.176669","NODE_41_length_32493_cov_55.176669:29819..30205:IncFIA(HI1)_1__AF250878:98.195876","","IncFIA(HI1)",98.45,99.74,"29819","30205","2","388"
"1X3RHR1R9T3bHHmdytUUzm","SAMEA4785006","NODE_41_length_32493_cov_55.176669","NODE_41_length_32493_cov_55.176669:5428..5678:IncR_1__DQ449578:100.000000","","IncR",100,100,"5428","5678","1","251"
"1X3RHR1R9T3bHHmdytUUzm","SAMEA4785006","NODE_43_length_28237_cov_65.417372","NODE_43_length_28237_cov_65.417372:17894..18633:IncFIB(pQil)_1__JN233705:100.000000","","IncFIB(pQil)",100,100,"17894","18633","1","740"
"1X3RHR1R9T3bHHmdytUUzm","SAMEA4785006","NODE_49_length_18236_cov_43.144180","NODE_49_length_18236_cov_43.144180:746..893:IncFII(K)_1__CP000648:97.972973","","IncFII(K)",97.97,100,"746","893","1","148"
"1X3RHR1R9T3bHHmdytUUzm","SAMEA4785006","NODE_52_length_12673_cov_39.858359","NODE_52_length_12673_cov_39.858359:4176..4735:IncFIB(K)_1__JN233704:98.750000","","IncFIB(K)",98.75,100,"4176","4735","1","560"
"1X3RHR1R9T3bHHmdytUUzm","SAMEA4785006","NODE_67_length_4515_cov_58.070652","NODE_67_length_4515_cov_58.070652:746..893:IncFII(K)_1__CP000648:97.972973","","IncFII(K)",97.97,100,"746","893","1","148"
"1X3RHR1R9T3bHHmdytUUzm","SAMEA4785006","NODE_85_length_2652_cov_131.628280","NODE_85_length_2652_cov_131.628280:1371..1484:Col440I_1__CP023920:95.614035","","Col440I",95.61,100,"1371","1484","1","114"
"1X3RHR1R9T3bHHmdytUUzm","SAMEA4785006","NODE_86_length_2610_cov_267.967742","NODE_86_length_2610_cov_267.967742:1400..1509:Col440I_1__CP023920:88.596491","","Col440I",91.82,96.49,"1400","1509","1","110"
"3ETZnCVSXG1XhYMeJg44uh","SAMEA6422762","NODE_27_length_42894_cov_6.799439","NODE_27_length_42894_cov_6.799439:1753..1900:IncFII(K)_1__CP000648:95.945946","","IncFII(K)",95.95,100,"1753","1900","1","148"
"3ETZnCVSXG1XhYMeJg44uh","SAMEA6422762","NODE_29_length_31397_cov_5.815611","NODE_29_length_31397_cov_5.815611:17513..17900:IncFIA_1__AP001918:99.742268","","IncFIA",99.74,100,"17513","17900","1","388"
"3ETZnCVSXG1XhYMeJg44uh","SAMEA6422762","NODE_35_length_14388_cov_7.628246","NODE_35_length_14388_cov_7.628246:12045..12667:repB(R1701)_1__CP039970:99.518459","","repB(R1701)",99.52,100,"12045","12667","1","623"
"3ETZnCVSXG1XhYMeJg44uh","SAMEA6422762","NODE_36_length_12260_cov_7.453006","NODE_36_length_12260_cov_7.453006:3972..4222:IncR_1__DQ449578:100.000000","","IncR",100,100,"3972","4222","1","251"
"3ETZnCVSXG1XhYMeJg44uh","SAMEA6422762","NODE_37_length_12224_cov_4.544825","NODE_37_length_12224_cov_4.544825:8868..9549:IncFIB(AP001918)_1__AP001918:98.387097","","IncFIB(AP001918)",98.39,100,"8868","9549","1","682"
"3ETZnCVSXG1XhYMeJg44uh","SAMEA6422762","NODE_39_length_10313_cov_5.240552","NODE_39_length_10313_cov_5.240552:6399..6659:IncFII(pAMA1167-NDM-5)_1__CP024805:100.000000","","IncFII(pAMA1167-NDM-5)",100,100,"6399","6659","1","261"
"96cksz4WjidZG4XXudpBGN","SAMN05960955","NODE_21_length_70049_cov_20.035454","NODE_21_length_70049_cov_20.035454:64954..65513:IncFIB(K)_1__JN233704:98.928571","","IncFIB(K)",98.93,100,"64954","65513","1","560"
"96cksz4WjidZG4XXudpBGN","SAMN05960955","NODE_21_length_70049_cov_20.035454","NODE_21_length_70049_cov_20.035454:1753..1900:IncFII(K)_1__CP000648:95.945946","","IncFII(K)",95.95,100,"1753","1900","1","148"
"96cksz4WjidZG4XXudpBGN","SAMN05960955","NODE_38_length_4726_cov_164.360709","NODE_38_length_4726_cov_164.360709:76..189:Col440I_1__CP023920:100.000000","","Col440I",100,100,"76","189","1","114"
"96cksz4WjidZG4XXudpBGN","SAMN05960955","NODE_40_length_4514_cov_413.853681","NODE_40_length_4514_cov_413.853681:630..911:Col440II_1__CP023921:97.517730","","Col440II",97.52,100,"630","911","1","282"
"96cksz4WjidZG4XXudpBGN","SAMN05960955","NODE_40_length_4514_cov_413.853681","NODE_40_length_4514_cov_413.853681:4348..4478:Col(pHAD28)_1__KU674895:93.129771","","Col(pHAD28)",93.13,100,"4348","4478","1","131"
"saQY2KcQvxx3dmBCmfJKbA","SAMEA6155911","NODE_29_length_42861_cov_5.789626","NODE_29_length_42861_cov_5.789626:8910..9057:IncFII(K)_1__CP000648:100.000000","","IncFII(K)",100,100,"8910","9057","1","148"
"saQY2KcQvxx3dmBCmfJKbA","SAMEA6155911","NODE_32_length_34320_cov_10.506999","NODE_32_length_34320_cov_10.506999:29211..29584:IncX3_1__JN247852:100.000000","","IncX3",100,100,"29211","29584","1","374"
"saQY2KcQvxx3dmBCmfJKbA","SAMEA6155911","NODE_40_length_17222_cov_8.118145","NODE_40_length_17222_cov_8.118145:5524..5774:IncR_1__DQ449578:100.000000","","IncR",100,100,"5524","5774","1","251"
"saQY2KcQvxx3dmBCmfJKbA","SAMEA6155911","NODE_41_length_12484_cov_6.103351","NODE_41_length_12484_cov_6.103351:7750..8309:IncFIB(K)_1__JN233704:100.000000","","IncFIB(K)",100,100,"7750","8309","1","560"
"saQY2KcQvxx3dmBCmfJKbA","SAMEA6155911","NODE_45_length_8764_cov_9.892210","NODE_45_length_8764_cov_9.892210:2627..2855:ColKP3_1__JN205800:81.785714","","ColKP3",100,81.79,"2627","2855","1","229"
"saQY2KcQvxx3dmBCmfJKbA","SAMEA6155911","NODE_48_length_6132_cov_7.958064","NODE_48_length_6132_cov_7.958064:3117..3739:repB(R1701)_1__CP039970:99.197432","","repB(R1701)",99.2,100,"3117","3739","1","623"
"saQY2KcQvxx3dmBCmfJKbA","SAMEA6155911","NODE_49_length_5992_cov_7.865434","NODE_49_length_5992_cov_7.865434:2257..2643:IncFIA(HI1)_1__AF250878:98.195876","","IncFIA(HI1)",98.45,99.74,"2257","2643","2","388"
"saQY2KcQvxx3dmBCmfJKbA","SAMEA6155911","NODE_53_length_4609_cov_31.199778","NODE_53_length_4609_cov_31.199778:3225..3338:Col440I_1__CP023920:97.368421","","Col440I",97.37,100,"3225","3338","1","114"
"4CEinHPjbqftRKokEeVUgV","SAMEA115925720","NODE_30_length_43996_cov_6.817586","NODE_30_length_43996_cov_6.817586:2413..2640:IncFII(pKP91)_1__CP000966:94.385798","","IncFII(pKP91)",95.63,98.7,"2413","2640","3","230"
"4CEinHPjbqftRKokEeVUgV","SAMEA115925720","NODE_52_length_11671_cov_4.085892","NODE_52_length_11671_cov_4.085892:6060..6310:IncR_1__DQ449578:99.601594","","IncR",99.6,100,"6060","6310","1","251"
"4CEinHPjbqftRKokEeVUgV","SAMEA115925720","NODE_53_length_11342_cov_7.473329","NODE_53_length_11342_cov_7.473329:4816..5375:IncFIB(K)_1__JN233704:99.107143","","IncFIB(K)",99.11,100,"4816","5375","1","560"
"4CEinHPjbqftRKokEeVUgV","SAMEA115925720","NODE_88_length_2133_cov_1024.038387","NODE_88_length_2133_cov_1024.038387:364..556:ColpVC_1__JX133088:98.445596","","ColpVC",98.45,100,"364","556","1","193"
"6mvRGZipdvWcmDtzSe6mMc","SAMEA4785018","NODE_34_length_36789_cov_44.402054","NODE_34_length_36789_cov_44.402054:9582..10321:IncFIB(pQil)_1__JN233705:100.000000","","IncFIB(pQil)",100,100,"9582","10321","1","740"
"6mvRGZipdvWcmDtzSe6mMc","SAMEA4785018","NODE_44_length_14592_cov_32.531859","NODE_44_length_14592_cov_32.531859:1735..2173:IncFIB(pNDM-Mar)_1__JN420336:100.000000","","IncFIB(pNDM-Mar)",100,100,"1735","2173","1","439"
"6mvRGZipdvWcmDtzSe6mMc","SAMEA4785018","NODE_45_length_11684_cov_29.812732","NODE_45_length_11684_cov_29.812732:9625..9772:IncFII(K)_1__CP000648:97.972973","","IncFII(K)",97.97,100,"9625","9772","1","148"
"6mvRGZipdvWcmDtzSe6mMc","SAMEA4785018","NODE_50_length_8636_cov_35.375073","NODE_50_length_8636_cov_35.375073:3976..4535:IncFIB(K)_1__JN233704:98.928571","","IncFIB(K)",98.93,100,"3976","4535","1","560"
"6mvRGZipdvWcmDtzSe6mMc","SAMEA4785018","NODE_54_length_6904_cov_27.456143","NODE_54_length_6904_cov_27.456143:5811..6380:IncHI1B(pNDM-MAR)_1__JN420336:100.000000","","IncHI1B(pNDM-MAR)",100,100,"5811","6380","1","570"
"6mvRGZipdvWcmDtzSe6mMc","SAMEA4785018","NODE_58_length_4238_cov_283.325006","NODE_58_length_4238_cov_283.325006:159..272:Col440I_1__CP023920:96.491228","","Col440I",96.49,100,"159","272","1","114"
"9LPpTDMF2gYTgpLoGeYXV2","SAMEA6155889","NODE_18_length_106713_cov_10.600221","NODE_18_length_106713_cov_10.600221:10726..11164:IncFIB(pNDM-Mar)_1__JN420336:99.316629","","IncFIB(pNDM-Mar)",99.32,100,"10726","11164","1","439"
"9LPpTDMF2gYTgpLoGeYXV2","SAMEA6155889","NODE_35_length_35614_cov_21.998085","NODE_35_length_35614_cov_21.998085:13334..13560:IncFII(pBK30683)_1__KF954760:98.678414","","IncFII(pBK30683)",98.68,100,"13334","13560","1","227"
"9LPpTDMF2gYTgpLoGeYXV2","SAMEA6155889","NODE_57_length_11160_cov_20.371395","NODE_57_length_11160_cov_20.371395:10434..10547:Col440I_1__CP023920:96.491228","","Col440I",96.49,100,"10434","10547","1","114"
"9LPpTDMF2gYTgpLoGeYXV2","SAMEA6155889","NODE_60_length_10260_cov_10.684283","NODE_60_length_10260_cov_10.684283:5678..5928:IncR_1__DQ449578:99.601594","","IncR",99.6,100,"5678","5928","1","251"
"9LPpTDMF2gYTgpLoGeYXV2","SAMEA6155889","NODE_70_length_5996_cov_50.616076","NODE_70_length_5996_cov_50.616076:2727..2857:Col(pHAD28)_1__KU674895:94.656489","","Col(pHAD28)",94.66,100,"2727","2857","1","131"
"9LPpTDMF2gYTgpLoGeYXV2","SAMEA6155889","NODE_81_length_4433_cov_8.882326","NODE_81_length_4433_cov_8.882326:3030..3599:IncHI1B(pNDM-MAR)_1__JN420336:100.000000","","IncHI1B(pNDM-MAR)",100,100,"3030","3599","1","570"
"9LPpTDMF2gYTgpLoGeYXV2","SAMEA6155889","NODE_85_length_3916_cov_1.475766","NODE_85_length_3916_cov_1.475766:32..591:IncFIB(K)(pCAV1099-114)_1__CP011596:100.000000","","IncFIB(K)(pCAV1099-114)",100,100,"32","591","1","560"
"9LPpTDMF2gYTgpLoGeYXV2","SAMEA6155889","NODE_94_length_2610_cov_24.395858","NODE_94_length_2610_cov_24.395858:1102..1211:Col440I_1__CP023920:88.596491","","Col440I",91.82,96.49,"1102","1211","1","110"
"9LPpTDMF2gYTgpLoGeYXV2","SAMEA6155889","NODE_96_length_2587_cov_21.220659","NODE_96_length_2587_cov_21.220659:1411..1524:Col440I_1__CP023920:95.614035","","Col440I",95.61,100,"1411","1524","1","114"
"9LPpTDMF2gYTgpLoGeYXV2","SAMEA6155889","NODE_113_length_1622_cov_1.455023","NODE_113_length_1622_cov_1.455023:261..626:RepB_1_pC39_CP061702.1:83.105023","","RepB",99.45,83.56,"261","626","73","438"
"vkdwdm7JH34D88Q6BcT7eq","SAMEA8515150","NODE_25_length_58682_cov_33.498199","NODE_25_length_58682_cov_33.498199:9613..9760:IncFII(K)_1__CP000648:98.648649","","IncFII(K)",98.65,100,"9613","9760","1","148"
"vkdwdm7JH34D88Q6BcT7eq","SAMEA8515150","NODE_34_length_34320_cov_18.521287","NODE_34_length_34320_cov_18.521287:29210..29583:IncX3_1__JN247852:100.000000","","IncX3",100,100,"29210","29583","1","374"
"vkdwdm7JH34D88Q6BcT7eq","SAMEA8515150","NODE_36_length_31477_cov_34.242718","NODE_36_length_31477_cov_34.242718:20526..21265:IncFIB(pQil)_1__JN233705:100.000000","","IncFIB(pQil)",100,100,"20526","21265","1","740"
"vkdwdm7JH34D88Q6BcT7eq","SAMEA8515150","NODE_42_length_19115_cov_18.693206","NODE_42_length_19115_cov_18.693206:5219..5778:IncFIB(K)(pCAV1099-114)_1__CP011596:100.000000","","IncFIB(K)(pCAV1099-114)",100,100,"5219","5778","1","560"
"vkdwdm7JH34D88Q6BcT7eq","SAMEA8515150","NODE_45_length_12081_cov_16.507177","NODE_45_length_12081_cov_16.507177:2650..3219:IncHI1B(pNDM-MAR)_1__JN420336:100.000000","","IncHI1B(pNDM-MAR)",100,100,"2650","3219","1","570"
"vkdwdm7JH34D88Q6BcT7eq","SAMEA8515150","NODE_50_length_4940_cov_45.488122","NODE_50_length_4940_cov_45.488122:1335..1448:Col440I_1__CP023920:94.736842","","Col440I",94.74,100,"1335","1448","1","114"
"vkdwdm7JH34D88Q6BcT7eq","SAMEA8515150","NODE_71_length_1879_cov_319.919101","NODE_71_length_1879_cov_319.919101:678..870:ColpVC_1__JX133088:97.409326","","ColpVC",97.41,100,"678","870","1","193"
"1c7a62n9V8BQPaEkvjMDc4","SAMN05960942","NODE_40_length_28036_cov_16.555285","NODE_40_length_28036_cov_16.555285:11328..11766:IncFIB(pNDM-Mar)_1__JN420336:99.316629","","IncFIB(pNDM-Mar)",99.32,100,"11328","11766","1","439"
"1c7a62n9V8BQPaEkvjMDc4","SAMN05960942","NODE_51_length_13566_cov_21.221430","NODE_51_length_13566_cov_21.221430:8544..9103:IncFIB(K)(pCAV1099-114)_1__CP011596:99.642857","","IncFIB(K)(pCAV1099-114)",99.64,100,"8544","9103","1","560"
"1c7a62n9V8BQPaEkvjMDc4","SAMN05960942","NODE_51_length_13566_cov_21.221430","NODE_51_length_13566_cov_21.221430:816..1258:repFIB_pC39_CP061701:97.968397","","repFIB",97.97,100,"816","1258","1","443"
"1c7a62n9V8BQPaEkvjMDc4","SAMN05960942","NODE_73_length_4972_cov_221.177304","NODE_73_length_4972_cov_221.177304:115..396:Col440II_1__CP023921:98.226950","","Col440II",98.23,100,"115","396","1","282"
"1c7a62n9V8BQPaEkvjMDc4","SAMN05960942","NODE_82_length_3349_cov_22.925231","NODE_82_length_3349_cov_22.925231:1950..2519:IncHI1B(pNDM-MAR)_1__JN420336:100.000000","","IncHI1B(pNDM-MAR)",100,100,"1950","2519","1","570"
"1c7a62n9V8BQPaEkvjMDc4","SAMN05960942","NODE_106_length_1123_cov_25.737305","NODE_106_length_1123_cov_25.737305:154..591:RepB_1_pC39_CP061702.1:99.543379","","RepB",99.54,100,"154","591","1","438"
"vcDCfmYBJncwYdGQG2mpfR","SAMEA6155886","NODE_24_length_41678_cov_14.517401","NODE_24_length_41678_cov_14.517401:22210..22460:IncR_1__DQ449578:99.203187","","IncR",99.2,100,"22210","22460","1","251"
"vcDCfmYBJncwYdGQG2mpfR","SAMEA6155886","NODE_31_length_28739_cov_9.936208","NODE_31_length_28739_cov_9.936208:5691..6250:IncFIB(K)(pCAV1099-114)_1__CP011596:100.000000","","IncFIB(K)(pCAV1099-114)",100,100,"5691","6250","1","560"
"vcDCfmYBJncwYdGQG2mpfR","SAMEA6155886","NODE_49_length_3888_cov_156.849037","NODE_49_length_3888_cov_156.849037:1888..2018:Col(pHAD28)_1__KU674895:92.366412","","Col(pHAD28)",92.37,100,"1888","2018","1","131"
"iwr1hdHsuVcU4yvsihvFMj","SAMEA6155824","NODE_35_length_28846_cov_3.457439","NODE_35_length_28846_cov_3.457439:25751..25898:IncFII(K)_1__CP000648:100.000000","","IncFII(K)",100,100,"25751","25898","1","148"
"iwr1hdHsuVcU4yvsihvFMj","SAMEA6155824","NODE_41_length_12215_cov_3.317184","NODE_41_length_12215_cov_3.317184:7481..8040:IncFIB(K)_1__JN233704:100.000000","","IncFIB(K)",100,100,"7481","8040","1","560"
"iwr1hdHsuVcU4yvsihvFMj","SAMEA6155824","NODE_42_length_10666_cov_6.378537","NODE_42_length_10666_cov_6.378537:5037..5287:IncR_1__DQ449578:100.000000","","IncR",100,100,"5037","5287","1","251"
"iwr1hdHsuVcU4yvsihvFMj","SAMEA6155824","NODE_43_length_8947_cov_6.935918","NODE_43_length_8947_cov_6.935918:5932..6554:repB(R1701)_1__CP039970:99.197432","","repB(R1701)",99.2,100,"5932","6554","1","623"
"iwr1hdHsuVcU4yvsihvFMj","SAMEA6155824","NODE_46_length_6018_cov_6.739483","NODE_46_length_6018_cov_6.739483:2283..2669:IncFIA(HI1)_1__AF250878:98.195876","","IncFIA(HI1)",98.45,99.74,"2283","2669","2","388"
"jhNV3ZPRuaxd87WdMV1a1B","SAMEA6155790","NODE_25_length_26009_cov_4.596218","NODE_25_length_26009_cov_4.596218:18582..18729:IncFII(K)_1__CP000648:97.297297","","IncFII(K)",97.3,100,"18582","18729","1","148"
"jhNV3ZPRuaxd87WdMV1a1B","SAMEA6155790","NODE_28_length_21109_cov_6.728272","NODE_28_length_21109_cov_6.728272:15358..15608:IncR_1__DQ449578:100.000000","","IncR",100,100,"15358","15608","1","251"
"jhNV3ZPRuaxd87WdMV1a1B","SAMEA6155790","NODE_29_length_20838_cov_4.188148","NODE_29_length_20838_cov_4.188148:7734..8293:IncFIB(K)_1__JN233704:100.000000","","IncFIB(K)",100,100,"7734","8293","1","560"
"jhNV3ZPRuaxd87WdMV1a1B","SAMEA6155790","NODE_30_length_20707_cov_5.074340","NODE_30_length_20707_cov_5.074340:2257..2643:IncFIA(HI1)_1__AF250878:98.195876","","IncFIA(HI1)",98.45,99.74,"2257","2643","2","388"
"mhDuTKMYCV1V842nethQWY","SAMEA6155845","NODE_22_length_41735_cov_3.185080","NODE_22_length_41735_cov_3.185080:8668..9106:IncFIB(pNDM-Mar)_1__JN420336:99.316629","","IncFIB(pNDM-Mar)",99.32,100,"8668","9106","1","439"
"mhDuTKMYCV1V842nethQWY","SAMEA6155845","NODE_23_length_40921_cov_6.182990","NODE_23_length_40921_cov_6.182990:28495..29054:IncFIB(K)(pCAV1099-114)_1__CP011596:99.642857","","IncFIB(K)(pCAV1099-114)",99.64,100,"28495","29054","1","560"
"mhDuTKMYCV1V842nethQWY","SAMEA6155845","NODE_23_length_40921_cov_6.182990","NODE_23_length_40921_cov_6.182990:39059..39501:repFIB_pC39_CP061701:97.968397","","repFIB",97.97,100,"39059","39501","1","443"
"mhDuTKMYCV1V842nethQWY","SAMEA6155845","NODE_27_length_34102_cov_9.140546","NODE_27_length_34102_cov_9.140546:24757..25143:IncFIA(HI1)_1__AF250878:97.938144","","IncFIA(HI1)",98.19,99.74,"24757","25143","2","388"
"mhDuTKMYCV1V842nethQWY","SAMEA6155845","NODE_35_length_15147_cov_9.461390","NODE_35_length_15147_cov_9.461390:9375..9625:IncR_1__DQ449578:100.000000","","IncR",100,100,"9375","9625","1","251"
"mhDuTKMYCV1V842nethQWY","SAMEA6155845","NODE_41_length_9066_cov_11.578454","NODE_41_length_9066_cov_11.578454:848..1470:repB(R1701)_1__CP039970:99.197432","","repB(R1701)",99.2,100,"848","1470","1","623"
"mhDuTKMYCV1V842nethQWY","SAMEA6155845","NODE_44_length_7340_cov_6.236155","NODE_44_length_7340_cov_6.236155:5819..6388:IncHI1B(pNDM-MAR)_1__JN420336:100.000000","","IncHI1B(pNDM-MAR)",100,100,"5819","6388","1","570"
"5wTxRTqNZjtEuvGGj4Mx5Y","SAMN36884882","NODE_14_length_78526_cov_38.802644","NODE_14_length_78526_cov_38.802644:65336..65895:IncFIB(K)_1__JN233704:98.928571","","IncFIB(K)",98.93,100,"65336","65895","1","560"
"5wTxRTqNZjtEuvGGj4Mx5Y","SAMN36884882","NODE_14_length_78526_cov_38.802644","NODE_14_length_78526_cov_38.802644:1753..1900:IncFII(K)_1__CP000648:95.945946","","IncFII(K)",95.95,100,"1753","1900","1","148"
"5wTxRTqNZjtEuvGGj4Mx5Y","SAMN36884882","NODE_22_length_5492_cov_199.803634","NODE_22_length_5492_cov_199.803634:4867..4997:Col(pHAD28)_1__KU674895:94.656489","","Col(pHAD28)",94.66,100,"4867","4997","1","131"
"5wTxRTqNZjtEuvGGj4Mx5Y","SAMN36884882","NODE_24_length_4090_cov_227.051867","NODE_24_length_4090_cov_227.051867:1696..1823:Col(pHAD28)_1__KU674895:89.378070","","Col(pHAD28)",91.47,97.71,"1696","1823","1","129"
"p3uE7VsE14c6D5LHnqXS1M","SAMEA7472491","NODE_47_length_27660_cov_5.132651","NODE_47_length_27660_cov_5.132651:9658..10045:IncFIA(HI1)_1__AF250878:97.164948","","IncFIA(HI1)",97.16,100,"9658","10045","1","388"
"p3uE7VsE14c6D5LHnqXS1M","SAMEA7472491","NODE_49_length_27515_cov_6.336336","NODE_49_length_27515_cov_6.336336:19212..19781:IncHI1B(pNDM-MAR)_1__JN420336:100.000000","","IncHI1B(pNDM-MAR)",100,100,"19212","19781","1","570"
"p3uE7VsE14c6D5LHnqXS1M","SAMEA7472491","NODE_62_length_10661_cov_7.105662","NODE_62_length_10661_cov_7.105662:5220..5779:IncFIB(K)(pCAV1099-114)_1__CP011596:100.000000","","IncFIB(K)(pCAV1099-114)",100,100,"5220","5779","1","560"
"p3uE7VsE14c6D5LHnqXS1M","SAMEA7472491","NODE_63_length_9202_cov_4.781501","NODE_63_length_9202_cov_4.781501:7002..7149:IncFII(K)_1__CP000648:95.270270","","IncFII(K)",95.27,100,"7002","7149","1","148"
"p3uE7VsE14c6D5LHnqXS1M","SAMEA7472491","NODE_75_length_5108_cov_276.461370","NODE_75_length_5108_cov_276.461370:1747..1862:Col(pHAD28)_1__KU674895:82.442748","","Col(pHAD28)",93.1,88.55,"1747","1862","1","116"
"p3uE7VsE14c6D5LHnqXS1M","SAMEA7472491","NODE_77_length_3651_cov_308.497466","NODE_77_length_3651_cov_308.497466:785..915:Col(pHAD28)_1__KU674895:90.076336","","Col(pHAD28)",90.08,100,"785","915","1","131"
"p3uE7VsE14c6D5LHnqXS1M","SAMEA7472491","NODE_83_length_2076_cov_1360.037430","NODE_83_length_2076_cov_1360.037430:417..607:ColpVC_1__JX133088:95.854922","","ColpVC",96.86,98.96,"417","607","1","191"
"fFWpeg8oUzsKkkvSLF3V9L","SAMEA111504608","NODE_25_length_32635_cov_7.370205","NODE_25_length_32635_cov_7.370205:8997..9247:IncR_1__DQ449578:100.000000","","IncR",100,100,"8997","9247","1","251"
"fFWpeg8oUzsKkkvSLF3V9L","SAMEA111504608","NODE_29_length_21494_cov_13.631783","NODE_29_length_21494_cov_13.631783:17510..18069:IncFIB(K)(pCAV1099-114)_1__CP011596:99.642857","","IncFIB(K)(pCAV1099-114)",99.64,100,"17510","18069","1","560"
"fFWpeg8oUzsKkkvSLF3V9L","SAMEA111504608","NODE_32_length_14306_cov_17.125150","NODE_32_length_14306_cov_17.125150:1335..1777:repFIB_pC39_CP061701:97.968397","","repFIB",97.97,100,"1335","1777","1","443"
"fFWpeg8oUzsKkkvSLF3V9L","SAMEA111504608","NODE_34_length_12029_cov_14.963118","NODE_34_length_12029_cov_14.963118:621..1190:IncHI1B(pNDM-MAR)_1__JN420336:99.298246","","IncHI1B(pNDM-MAR)",99.3,100,"621","1190","1","570"
"fFWpeg8oUzsKkkvSLF3V9L","SAMEA111504608","NODE_37_length_8627_cov_441.283537","NODE_37_length_8627_cov_441.283537:7558..7688:Col(pHAD28)_1__KU674895:90.839695","","Col(pHAD28)",90.84,100,"7558","7688","1","131"
"fFWpeg8oUzsKkkvSLF3V9L","SAMEA111504608","NODE_41_length_4659_cov_252.621711","NODE_41_length_4659_cov_252.621711:721..836:Col(pHAD28)_1__KU674895:83.206107","","Col(pHAD28)",93.97,88.55,"721","836","1","116"
"uL3CKBQ4ihoSFt3qZssevL","SAMEA111505132","NODE_19_length_38890_cov_18.649635","NODE_19_length_38890_cov_18.649635:32826..33385:IncFIB(K)(pCAV1099-114)_1__CP011596:99.821429","","IncFIB(K)(pCAV1099-114)",99.82,100,"32826","33385","1","560"
"uL3CKBQ4ihoSFt3qZssevL","SAMEA111505132","NODE_26_length_13041_cov_15.742235","NODE_26_length_13041_cov_15.742235:567..1136:IncHI1B(pNDM-MAR)_1__JN420336:100.000000","","IncHI1B(pNDM-MAR)",100,100,"567","1136","1","570"
"uL3CKBQ4ihoSFt3qZssevL","SAMEA111505132","NODE_42_length_3771_cov_18.688181","NODE_42_length_3771_cov_18.688181:2795..3182:IncFIA(HI1)_1__AF250878:96.907216","","IncFIA(HI1)",96.91,100,"2795","3182","1","388"
"4vecoti19U8QYh9yiWeTgo","SAMEA6654213","NODE_33_length_11733_cov_14.894877","NODE_33_length_11733_cov_14.894877:5903..6462:IncFIB(K)(pCAV1099-114)_1__CP011596:100.000000","","IncFIB(K)(pCAV1099-114)",100,100,"5903","6462","1","560"
"4vecoti19U8QYh9yiWeTgo","SAMEA6654213","NODE_36_length_8681_cov_1019.041715","NODE_36_length_8681_cov_1019.041715:4535..4665:Col(pHAD28)_1__KU674895:92.366412","","Col(pHAD28)",92.37,100,"4535","4665","1","131"
"4vecoti19U8QYh9yiWeTgo","SAMEA6654213","NODE_36_length_8681_cov_1019.041715","NODE_36_length_8681_cov_1019.041715:3833..3963:Col(pHAD28)_1__KU674895:92.366412","","Col(pHAD28)",92.37,100,"3833","3963","1","131"
"4vecoti19U8QYh9yiWeTgo","SAMEA6654213","NODE_45_length_3866_cov_822.896469","NODE_45_length_3866_cov_822.896469:120..250:Col(pHAD28)_1__KU674895:92.366412","","Col(pHAD28)",92.37,100,"120","250","1","131"
"fqWJ9K2QRMJH8qE2eUujtf","SAMEA7472434","NODE_24_length_56829_cov_5.782196","NODE_24_length_56829_cov_5.782196:40720..40867:IncFII(K)_1__CP000648:98.648649","","IncFII(K)",98.65,100,"40720","40867","1","148"
"fqWJ9K2QRMJH8qE2eUujtf","SAMEA7472434","NODE_29_length_39245_cov_23.146069","NODE_29_length_39245_cov_23.146069:34135..34508:IncX3_1__JN247852:100.000000","","IncX3",100,100,"34135","34508","1","374"
"fqWJ9K2QRMJH8qE2eUujtf","SAMEA7472434","NODE_33_length_31088_cov_6.300300","NODE_33_length_31088_cov_6.300300:18399..19138:IncFIB(pQil)_1__JN233705:100.000000","","IncFIB(pQil)",100,100,"18399","19138","1","740"
"fqWJ9K2QRMJH8qE2eUujtf","SAMEA7472434","NODE_41_length_9749_cov_3.944352","NODE_41_length_9749_cov_3.944352:3313..3872:IncFIB(K)(pCAV1099-114)_1__CP011596:100.000000","","IncFIB(K)(pCAV1099-114)",100,100,"3313","3872","1","560"
"fqWJ9K2QRMJH8qE2eUujtf","SAMEA7472434","NODE_48_length_5262_cov_3.971916","NODE_48_length_5262_cov_3.971916:2524..3093:IncHI1B(pNDM-MAR)_1__JN420336:100.000000","","IncHI1B(pNDM-MAR)",100,100,"2524","3093","1","570"
"fqWJ9K2QRMJH8qE2eUujtf","SAMEA7472434","NODE_49_length_4940_cov_377.323487","NODE_49_length_4940_cov_377.323487:995..1108:Col440I_1__CP023920:94.736842","","Col440I",94.74,100,"995","1108","1","114"
"fqWJ9K2QRMJH8qE2eUujtf","SAMEA7472434","NODE_63_length_1879_cov_1372.402247","NODE_63_length_1879_cov_1372.402247:1504..1696:ColpVC_1__JX133088:97.409326","","ColpVC",97.41,100,"1504","1696","1","193"
"oSeqP5cRrnXMcfoxkK8tBH","SAMEA6156052","NODE_15_length_85156_cov_10.305101","NODE_15_length_85156_cov_10.305101:24077..24224:IncFII(K)_1__CP000648:97.297297","","IncFII(K)",97.3,100,"24077","24224","1","148"
"oSeqP5cRrnXMcfoxkK8tBH","SAMEA6156052","NODE_23_length_16577_cov_11.057228","NODE_23_length_16577_cov_11.057228:7798..8357:IncFIB(K)_1__JN233704:100.000000","","IncFIB(K)",100,100,"7798","8357","1","560"
"85P8Lz6iBLgADQsNbQj49m","SAMEA111505133","NODE_44_length_27311_cov_8.195734","NODE_44_length_27311_cov_8.195734:8845..9404:IncFIB(K)_1__JN233704:98.928571","","IncFIB(K)",98.93,100,"8845","9404","1","560"
"85P8Lz6iBLgADQsNbQj49m","SAMEA111505133","NODE_51_length_16538_cov_5.939865","NODE_51_length_16538_cov_5.939865:14663..14810:IncFII(K)_1__CP000648:95.945946","","IncFII(K)",95.95,100,"14663","14810","1","148"
"sGGgYrWZsF3yCUZpU2GhEW","SAMN05960888","NODE_15_length_68360_cov_19.199059","NODE_15_length_68360_cov_19.199059:7281..7428:IncFII(K)_1__CP000648:97.297297","","IncFII(K)",97.3,100,"7281","7428","1","148"
"sGGgYrWZsF3yCUZpU2GhEW","SAMN05960888","NODE_17_length_39770_cov_16.919689","NODE_17_length_39770_cov_16.919689:36918..37304:IncFIA(HI1)_1__AF250878:98.195876","","IncFIA(HI1)",98.45,99.74,"36918","37304","2","388"
"sGGgYrWZsF3yCUZpU2GhEW","SAMN05960888","NODE_17_length_39770_cov_16.919689","NODE_17_length_39770_cov_16.919689:603..853:IncR_1__DQ449578:100.000000","","IncR",100,100,"603","853","1","251"
"sGGgYrWZsF3yCUZpU2GhEW","SAMN05960888","NODE_21_length_20923_cov_19.058922","NODE_21_length_20923_cov_19.058922:7734..8293:IncFIB(K)_1__JN233704:100.000000","","IncFIB(K)",100,100,"7734","8293","1","560"
"wCwAFpJj3FF7zouFf7cV13","SAMN05960893","NODE_14_length_83525_cov_24.749056","NODE_14_length_83525_cov_24.749056:8911..9058:IncFII(K)_1__CP000648:97.297297","","IncFII(K)",97.3,100,"8911","9058","1","148"
"wCwAFpJj3FF7zouFf7cV13","SAMN05960893","NODE_16_length_49669_cov_89.458705","NODE_16_length_49669_cov_89.458705:24958..25471:IncN_1__AY046276:99.610895","","IncN",99.61,100,"24958","25471","1","514"
"wCwAFpJj3FF7zouFf7cV13","SAMN05960893","NODE_26_length_12743_cov_26.753875","NODE_26_length_12743_cov_26.753875:4691..5250:IncFIB(K)_1__JN233704:100.000000","","IncFIB(K)",100,100,"4691","5250","1","560"
"ci5L8cj5N8sZma9eJaXag5","SAMEA5753787","NODE_17_length_90281_cov_19.295392","NODE_17_length_90281_cov_19.295392:61924..62483:IncFIB(pKPHS1)_1__CP003223:95.892857","","IncFIB(pKPHS1)",95.89,100,"61924","62483","1","560"
"gfuP6GHjDZQ8BgLZEcDuXt","SAMEA6654222","NODE_13_length_43237_cov_4.687283","NODE_13_length_43237_cov_4.687283:25901..26128:IncFII(pKP91)_1__CP000966:94.385798","","IncFII(pKP91)",95.63,98.7,"25901","26128","3","230"
"gfuP6GHjDZQ8BgLZEcDuXt","SAMEA6654222","NODE_14_length_38467_cov_8.965701","NODE_14_length_38467_cov_8.965701:33357..33730:IncX3_1__JN247852:100.000000","","IncX3",100,100,"33357","33730","1","374"
"gfuP6GHjDZQ8BgLZEcDuXt","SAMEA6654222","NODE_19_length_31919_cov_4.937932","NODE_19_length_31919_cov_4.937932:2289..2727:IncFIB(pNDM-Mar)_1__JN420336:99.316629","","IncFIB(pNDM-Mar)",99.32,100,"2289","2727","1","439"
"gfuP6GHjDZQ8BgLZEcDuXt","SAMEA6654222","NODE_26_length_12979_cov_12.571506","NODE_26_length_12979_cov_12.571506:6841..7069:ColKP3_1__JN205800:81.785714","","ColKP3",100,81.79,"6841","7069","1","229"
"gfuP6GHjDZQ8BgLZEcDuXt","SAMEA6654222","NODE_34_length_7037_cov_6.336552","NODE_34_length_7037_cov_6.336552:2436..2995:IncFIB(K)_1__JN233704:99.107143","","IncFIB(K)",99.11,100,"2436","2995","1","560"
"gfuP6GHjDZQ8BgLZEcDuXt","SAMEA6654222","NODE_35_length_6832_cov_5.829942","NODE_35_length_6832_cov_5.829942:93..621:IncQ1_1__M28829:66.457286","","IncQ1",100,66.46,"93","621","1","529"
"pbk2WX17WrWWJNqoAEyhm9","SAMEA4785005","NODE_20_length_75822_cov_39.923825","NODE_20_length_75822_cov_39.923825:73844..74282:IncFIB(pNDM-Mar)_1__JN420336:100.000000","","IncFIB(pNDM-Mar)",100,100,"73844","74282","1","439"
"pbk2WX17WrWWJNqoAEyhm9","SAMEA4785005","NODE_28_length_46941_cov_43.562540","NODE_28_length_46941_cov_43.562540:12784..13545:repA(pKOX)_1_pKOX_CP026273:99.606299","","repA(pKOX)",99.61,100,"12784","13545","1","762"
"pbk2WX17WrWWJNqoAEyhm9","SAMEA4785005","NODE_39_length_21320_cov_56.115745","NODE_39_length_21320_cov_56.115745:17414..17664:IncR_1__DQ449578:100.000000","","IncR",100,100,"17414","17664","1","251"
"pbk2WX17WrWWJNqoAEyhm9","SAMEA4785005","NODE_41_length_18433_cov_98.041235","NODE_41_length_18433_cov_98.041235:5276..5502:IncFII(pBK30683)_1__KF954760:100.000000","","IncFII(pBK30683)",100,100,"5276","5502","1","227"
"pbk2WX17WrWWJNqoAEyhm9","SAMEA4785005","NODE_43_length_14692_cov_53.261887","NODE_43_length_14692_cov_53.261887:2233..2619:IncFIA(HI1)_1__AF250878:98.195876","","IncFIA(HI1)",98.45,99.74,"2233","2619","2","388"
"pbk2WX17WrWWJNqoAEyhm9","SAMEA4785005","NODE_46_length_12376_cov_15.967726","NODE_46_length_12376_cov_15.967726:587..1209:repB(R1701)_1__CP039970:99.518459","","repB(R1701)",99.52,100,"587","1209","1","623"
"pbk2WX17WrWWJNqoAEyhm9","SAMEA4785005","NODE_50_length_7735_cov_26.846475","NODE_50_length_7735_cov_26.846475:6869..7016:IncFII(K)_1__CP000648:97.297297","","IncFII(K)",97.3,100,"6869","7016","1","148"
"pbk2WX17WrWWJNqoAEyhm9","SAMEA4785005","NODE_61_length_3956_cov_412.761402","NODE_61_length_3956_cov_412.761402:1373..1503:Col(pHAD28)_1__KU674895:92.366412","","Col(pHAD28)",92.37,100,"1373","1503","1","131"
"pbk2WX17WrWWJNqoAEyhm9","SAMEA4785005","NODE_62_length_3799_cov_37.549409","NODE_62_length_3799_cov_37.549409:812..1381:IncHI1B(pNDM-MAR)_1__JN420336:100.000000","","IncHI1B(pNDM-MAR)",100,100,"812","1381","1","570"
"pbk2WX17WrWWJNqoAEyhm9","SAMEA4785005","NODE_74_length_2559_cov_16.106280","NODE_74_length_2559_cov_16.106280:718..865:IncFII(K)_1__CP000648:95.945946","","IncFII(K)",95.95,100,"718","865","1","148"
"pbk2WX17WrWWJNqoAEyhm9","SAMEA4785005","NODE_75_length_2540_cov_404.578905","NODE_75_length_2540_cov_404.578905:1964..2094:Col(pHAD28)_1__KU674895:90.839695","","Col(pHAD28)",90.84,100,"1964","2094","1","131"
"pbk2WX17WrWWJNqoAEyhm9","SAMEA4785005","NODE_76_length_2462_cov_602.989527","NODE_76_length_2462_cov_602.989527:1192..1322:Col(pHAD28)_1__KU674895:94.656489","","Col(pHAD28)",94.66,100,"1192","1322","1","131"
"pbk2WX17WrWWJNqoAEyhm9","SAMEA4785005","NODE_78_length_2390_cov_326.543844","NODE_78_length_2390_cov_326.543844:103..211:Col440I_1__CP023920:92.137161","","Col440I",96.36,95.61,"103","211","1","110"
"2NgpXYhueejuSuTAZyHPeh","SAMEA6155851","NODE_36_length_13860_cov_6.499528","NODE_36_length_13860_cov_6.499528:5272..5831:IncFIB(K)(pCAV1099-114)_1__CP011596:100.000000","","IncFIB(K)(pCAV1099-114)",100,100,"5272","5831","1","560"
"2NgpXYhueejuSuTAZyHPeh","SAMEA6155851","NODE_46_length_3742_cov_27.432336","NODE_46_length_3742_cov_27.432336:3545..3658:Col440I_1__CP023920:90.350877","","Col440I",90.35,100,"3545","3658","1","114"
"dj8cNasQccRhPLsXQLMzjz","SAMEA7472438","NODE_30_length_29220_cov_14.874356","NODE_30_length_29220_cov_14.874356:1764..2202:IncFIB(pNDM-Mar)_1__JN420336:100.000000","","IncFIB(pNDM-Mar)",100,100,"1764","2202","1","439"
"dj8cNasQccRhPLsXQLMzjz","SAMEA7472438","NODE_39_length_12675_cov_10.257475","NODE_39_length_12675_cov_10.257475:6483..6870:IncFIA(HI1)_1__AF250878:97.422680","","IncFIA(HI1)",97.42,100,"6483","6870","1","388"
"dj8cNasQccRhPLsXQLMzjz","SAMEA7472438","NODE_40_length_12608_cov_13.148773","NODE_40_length_12608_cov_13.148773:3504..4063:IncFIB(K)(pCAV1099-114)_1__CP011596:99.642857","","IncFIB(K)(pCAV1099-114)",99.64,100,"3504","4063","1","560"
"dj8cNasQccRhPLsXQLMzjz","SAMEA7472438","NODE_40_length_12608_cov_13.148773","NODE_40_length_12608_cov_13.148773:11349..11791:repFIB_pC39_CP061701:97.968397","","repFIB",97.97,100,"11349","11791","1","443"
"dj8cNasQccRhPLsXQLMzjz","SAMEA7472438","NODE_47_length_8887_cov_12.486914","NODE_47_length_8887_cov_12.486914:2465..3034:IncHI1B(pNDM-MAR)_1__JN420336:100.000000","","IncHI1B(pNDM-MAR)",100,100,"2465","3034","1","570"
"dj8cNasQccRhPLsXQLMzjz","SAMEA7472438","NODE_52_length_5996_cov_388.855181","NODE_52_length_5996_cov_388.855181:5434..5564:Col(pHAD28)_1__KU674895:94.656489","","Col(pHAD28)",94.66,100,"5434","5564","1","131"
"obEJj5XuFzXAkKQ79jF21X","SAMN36884895","NODE_18_length_86309_cov_48.257161","NODE_18_length_86309_cov_48.257161:77362..77509:IncFII(K)_1__CP000648:97.297297","","IncFII(K)",97.3,100,"77362","77509","1","148"
"obEJj5XuFzXAkKQ79jF21X","SAMN36884895","NODE_19_length_72821_cov_50.539260","NODE_19_length_72821_cov_50.539260:64495..65054:IncFIB(K)_1__JN233704:100.000000","","IncFIB(K)",100,100,"64495","65054","1","560"
"obEJj5XuFzXAkKQ79jF21X","SAMN36884895","NODE_36_length_6297_cov_508.269849","NODE_36_length_6297_cov_508.269849:1109..1239:Col(pHAD28)_1__KU674895:92.366412","","Col(pHAD28)",92.37,100,"1109","1239","1","131"
"57nUkCKDPaeekz89J7aebq","SAMEA5753769","NODE_35_length_41378_cov_24.411711","NODE_35_length_41378_cov_24.411711:33477..33914:RepB_1_pC39_CP061702.1:99.543379","","RepB",99.54,100,"33477","33914","1","438"
"57nUkCKDPaeekz89J7aebq","SAMEA5753769","NODE_62_length_9464_cov_24.550774","NODE_62_length_9464_cov_24.550774:3398..3957:IncFIB(K)(pCAV1099-114)_1__CP011596:99.821429","","IncFIB(K)(pCAV1099-114)",99.82,100,"3398","3957","1","560"
"57nUkCKDPaeekz89J7aebq","SAMEA5753769","NODE_88_length_3758_cov_29.009565","NODE_88_length_3758_cov_29.009565:2119..2249:Col(pHAD28)_1__KU674895:94.656489","","Col(pHAD28)",94.66,100,"2119","2249","1","131"
"57nUkCKDPaeekz89J7aebq","SAMEA5753769","NODE_92_length_3449_cov_12.067761","NODE_92_length_3449_cov_12.067761:1068..1627:IncFIB(pKPHS1)_1__CP003223:95.178571","","IncFIB(pKPHS1)",95.18,100,"1068","1627","1","560"
"57nUkCKDPaeekz89J7aebq","SAMEA5753769","NODE_100_length_2257_cov_9.854958","NODE_100_length_2257_cov_9.854958:1539..1977:IncFIB(pNDM-Mar)_1__JN420336:100.000000","","IncFIB(pNDM-Mar)",100,100,"1539","1977","1","439"
"kQbFftPeNydrTFLKm1gTh7","SAMEA7472431","NODE_38_length_34322_cov_8.485317","NODE_38_length_34322_cov_8.485317:29212..29585:IncX3_1__JN247852:100.000000","","IncX3",100,100,"29212","29585","1","374"
"kQbFftPeNydrTFLKm1gTh7","SAMEA7472431","NODE_40_length_28914_cov_3.875416","NODE_40_length_28914_cov_3.875416:18114..18853:IncFIB(pQil)_1__JN233705:99.864865","","IncFIB(pQil)",99.86,100,"18114","18853","1","740"
"kQbFftPeNydrTFLKm1gTh7","SAMEA7472431","NODE_47_length_11361_cov_14.672882","NODE_47_length_11361_cov_14.672882:2243..2390:IncFII(K)_1__CP000648:98.648649","","IncFII(K)",98.65,100,"2243","2390","1","148"
"kQbFftPeNydrTFLKm1gTh7","SAMEA7472431","NODE_59_length_4940_cov_357.780004","NODE_59_length_4940_cov_357.780004:3403..3516:Col440I_1__CP023920:94.736842","","Col440I",94.74,100,"3403","3516","1","114"
"kQbFftPeNydrTFLKm1gTh7","SAMEA7472431","NODE_80_length_2494_cov_3.842589","NODE_80_length_2494_cov_3.842589:2076..2494:IncHI1B(pNDM-MAR)_1__JN420336:73.508772","","IncHI1B(pNDM-MAR)",100,73.51,"2076","2494","152","570"
"kQbFftPeNydrTFLKm1gTh7","SAMEA7472431","NODE_90_length_1879_cov_1996.788202","NODE_90_length_1879_cov_1996.788202:362..554:ColpVC_1__JX133088:97.409326","","ColpVC",97.41,100,"362","554","1","193"
"fhgmyF2yUq7AWaDrvx7pma","SAMEA6155832","NODE_12_length_162409_cov_17.854618","NODE_12_length_162409_cov_17.854618:86458..86896:IncFIB(pNDM-Mar)_1__JN420336:99.316629","","IncFIB(pNDM-Mar)",99.32,100,"86458","86896","1","439"
"fhgmyF2yUq7AWaDrvx7pma","SAMEA6155832","NODE_25_length_27431_cov_31.712023","NODE_25_length_27431_cov_31.712023:24757..25143:IncFIA(HI1)_1__AF250878:97.938144","","IncFIA(HI1)",98.19,99.74,"24757","25143","2","388"
"fhgmyF2yUq7AWaDrvx7pma","SAMEA6155832","NODE_30_length_15871_cov_18.978126","NODE_30_length_15871_cov_18.978126:3445..4004:IncFIB(K)(pCAV1099-114)_1__CP011596:99.642857","","IncFIB(K)(pCAV1099-114)",99.64,100,"3445","4004","1","560"
"fhgmyF2yUq7AWaDrvx7pma","SAMEA6155832","NODE_30_length_15871_cov_18.978126","NODE_30_length_15871_cov_18.978126:14009..14451:repFIB_pC39_CP061701:97.968397","","repFIB",97.97,100,"14009","14451","1","443"
"fhgmyF2yUq7AWaDrvx7pma","SAMEA6155832","NODE_31_length_15147_cov_29.532895","NODE_31_length_15147_cov_29.532895:9375..9625:IncR_1__DQ449578:100.000000","","IncR",100,100,"9375","9625","1","251"
"fhgmyF2yUq7AWaDrvx7pma","SAMEA6155832","NODE_36_length_9416_cov_17.944939","NODE_36_length_9416_cov_17.944939:3029..3598:IncHI1B(pNDM-MAR)_1__JN420336:100.000000","","IncHI1B(pNDM-MAR)",100,100,"3029","3598","1","570"
"fhgmyF2yUq7AWaDrvx7pma","SAMEA6155832","NODE_41_length_4618_cov_30.645718","NODE_41_length_4618_cov_30.645718:3149..3771:repB(R1701)_1__CP039970:99.197432","","repB(R1701)",99.2,100,"3149","3771","1","623"
"7TqRpehZ2qcivjv7zqcvTp","SAMEA7472368","NODE_36_length_23084_cov_54.576550","NODE_36_length_23084_cov_54.576550:8264..8846:IncFII(pMET)_1__EU383016:90.083331","","IncFII(pMET)",90.24,99.83,"8264","8846","1","577"
"7TqRpehZ2qcivjv7zqcvTp","SAMEA7472368","NODE_42_length_4242_cov_413.849867","NODE_42_length_4242_cov_413.849867:1166..1296:Col(pHAD28)_1__KU674895:91.603053","","Col(pHAD28)",91.6,100,"1166","1296","1","131"
"vPwBSvhKtWDxodfhjCnXmP","SAMEA111505129","NODE_30_length_27526_cov_11.494768","NODE_30_length_27526_cov_11.494768:12632..13191:IncFIB(K)_1__JN233704:98.928571","","IncFIB(K)",98.93,100,"12632","13191","1","560"
"vPwBSvhKtWDxodfhjCnXmP","SAMEA111505129","NODE_41_length_4090_cov_683.212979","NODE_41_length_4090_cov_683.212979:1271..1398:Col(pHAD28)_1__KU674895:89.378070","","Col(pHAD28)",91.47,97.71,"1271","1398","1","129"
"jPBM7SVA1a7tG9wqKzPojF","SAMN05960894","NODE_9_length_250849_cov_27.504538","NODE_9_length_250849_cov_27.504538:7580..8139:IncFIB(K)_1__JN233704:100.000000","","IncFIB(K)",100,100,"7580","8139","1","560"
"jPBM7SVA1a7tG9wqKzPojF","SAMN05960894","NODE_18_length_69978_cov_27.612387","NODE_18_length_69978_cov_27.612387:60921..61068:IncFII(K)_1__CP000648:97.297297","","IncFII(K)",97.3,100,"60921","61068","1","148"
"jPBM7SVA1a7tG9wqKzPojF","SAMN05960894","NODE_20_length_49883_cov_89.940603","NODE_20_length_49883_cov_89.940603:24265..24778:IncN_1__AY046276:99.610895","","IncN",99.61,100,"24265","24778","1","514"
"ryJoVzNXJBEpGiXoCUBbzD","SAMEA5753347","NODE_49_length_32473_cov_22.890529","NODE_49_length_32473_cov_22.890529:29179..29801:repB(R1701)_1__CP039970:99.197432","","repB(R1701)",99.2,100,"29179","29801","1","623"
"ryJoVzNXJBEpGiXoCUBbzD","SAMEA5753347","NODE_64_length_18359_cov_20.598631","NODE_64_length_18359_cov_20.598631:11961..12190:IncFII(pKP91)_1__CP000966:100.000000","","IncFII(pKP91)",100,100,"11961","12190","1","230"
"ryJoVzNXJBEpGiXoCUBbzD","SAMEA5753347","NODE_70_length_13834_cov_22.199126","NODE_70_length_13834_cov_22.199126:12840..12950:Col440I_1__CP023920:93.859649","","Col440I",96.4,97.37,"12840","12950","1","111"
"ryJoVzNXJBEpGiXoCUBbzD","SAMEA5753347","NODE_71_length_12958_cov_21.002411","NODE_71_length_12958_cov_21.002411:11401..11548:IncFII(K)_1__CP000648:97.297297","","IncFII(K)",97.3,100,"11401","11548","1","148"
"ryJoVzNXJBEpGiXoCUBbzD","SAMEA5753347","NODE_78_length_10773_cov_25.894697","NODE_78_length_10773_cov_25.894697:8006..8565:IncFIB(K)(pCAV1099-114)_1__CP011596:99.642857","","IncFIB(K)(pCAV1099-114)",99.64,100,"8006","8565","1","560"
"ryJoVzNXJBEpGiXoCUBbzD","SAMEA5753347","NODE_82_length_8342_cov_24.300376","NODE_82_length_8342_cov_24.300376:1250..1637:IncFIA(HI1)_1__AF250878:97.422680","","IncFIA(HI1)",97.42,100,"1250","1637","1","388"
"ryJoVzNXJBEpGiXoCUBbzD","SAMEA5753347","NODE_84_length_6534_cov_19.907226","NODE_84_length_6534_cov_19.907226:5278..5720:repFIB_pC39_CP061701:97.968397","","repFIB",97.97,100,"5278","5720","1","443"
"ryJoVzNXJBEpGiXoCUBbzD","SAMEA5753347","NODE_85_length_6306_cov_19.946190","NODE_85_length_6306_cov_19.946190:2273..2842:IncHI1B(pNDM-MAR)_1__JN420336:99.824561","","IncHI1B(pNDM-MAR)",99.82,100,"2273","2842","1","570"
"ryJoVzNXJBEpGiXoCUBbzD","SAMEA5753347","NODE_90_length_5083_cov_24.988162","NODE_90_length_5083_cov_24.988162:3779..4293:Col(pB8919)_1__CP094996.1:90.648855","","Col(pB8919)",92.23,98.28,"3779","4293","1","515"
"ryJoVzNXJBEpGiXoCUBbzD","SAMEA5753347","NODE_96_length_4467_cov_31.588599","NODE_96_length_4467_cov_31.588599:3257..3370:Col440I_1__CP023920:95.614035","","Col440I",95.61,100,"3257","3370","1","114"
"1a2iUfdSziZ4bAcFoFiyba","SAMEA111505135","NODE_31_length_40311_cov_4.645616","NODE_31_length_40311_cov_4.645616:1613..1840:IncFII(pKP91)_1__CP000966:94.816784","","IncFII(pKP91)",96.07,98.7,"1613","1840","3","230"
"1a2iUfdSziZ4bAcFoFiyba","SAMEA111505135","NODE_54_length_10554_cov_5.619525","NODE_54_length_10554_cov_5.619525:5072..5631:IncFIB(K)_1__JN233704:98.750000","","IncFIB(K)",98.75,100,"5072","5631","1","560"
"56rtBCLAfwhp1Mc8VrFiSU","SAMEA6155794","NODE_10_length_56343_cov_11.441167","NODE_10_length_56343_cov_11.441167:28869..29119:IncR_1__DQ449578:100.000000","","IncR",100,100,"28869","29119","1","251"
"56rtBCLAfwhp1Mc8VrFiSU","SAMEA6155794","NODE_10_length_56343_cov_11.441167","NODE_10_length_56343_cov_11.441167:4248..4361:Col440I_1__CP023920:94.736842","","Col440I",94.74,100,"4248","4361","1","114"
"56rtBCLAfwhp1Mc8VrFiSU","SAMEA6155794","NODE_13_length_15309_cov_8.568771","NODE_13_length_15309_cov_8.568771:12667..13053:IncFIA(HI1)_1__AF250878:98.195876","","IncFIA(HI1)",98.45,99.74,"12667","13053","2","388"
"9aiHzthWfG36nY5FfEZgt5","SAMEA6654217","NODE_40_length_11733_cov_12.010057","NODE_40_length_11733_cov_12.010057:5903..6462:IncFIB(K)(pCAV1099-114)_1__CP011596:100.000000","","IncFIB(K)(pCAV1099-114)",100,100,"5903","6462","1","560"
"9aiHzthWfG36nY5FfEZgt5","SAMEA6654217","NODE_52_length_4244_cov_558.905428","NODE_52_length_4244_cov_558.905428:120..250:Col(pHAD28)_1__KU674895:92.366412","","Col(pHAD28)",92.37,100,"120","250","1","131"
"9aiHzthWfG36nY5FfEZgt5","SAMEA6654217","NODE_54_length_3866_cov_886.109636","NODE_54_length_3866_cov_886.109636:3617..3747:Col(pHAD28)_1__KU674895:92.366412","","Col(pHAD28)",92.37,100,"3617","3747","1","131"
"tTtLMUXkFaaF2sdixGjgda","SAMN05960885","NODE_25_length_38606_cov_23.633911","NODE_25_length_38606_cov_23.633911:33899..34458:IncFIB(K)_1__JN233704:98.928571","","IncFIB(K)",98.93,100,"33899","34458","1","560"
"tTtLMUXkFaaF2sdixGjgda","SAMN05960885","NODE_34_length_11101_cov_35.584348","NODE_34_length_11101_cov_35.584348:10158..10408:IncR_1__DQ449578:100.000000","","IncR",100,100,"10158","10408","1","251"
"tTtLMUXkFaaF2sdixGjgda","SAMN05960885","NODE_39_length_5312_cov_35.715903","NODE_39_length_5312_cov_35.715903:2938..3560:repB(R1701)_1__CP039970:99.197432","","repB(R1701)",99.2,100,"2938","3560","1","623"
"tTtLMUXkFaaF2sdixGjgda","SAMN05960885","NODE_40_length_5174_cov_319.688867","NODE_40_length_5174_cov_319.688867:520..800:Col440II_1__CP023921:90.425532","","Col440II",90.75,99.65,"520","800","2","282"
"tTtLMUXkFaaF2sdixGjgda","SAMN05960885","NODE_40_length_5174_cov_319.688867","NODE_40_length_5174_cov_319.688867:5004..5113:Col440I_1__CP023920:90.350877","","Col440I",93.64,96.49,"5004","5113","1","110"
"tTtLMUXkFaaF2sdixGjgda","SAMN05960885","NODE_41_length_5136_cov_465.897360","NODE_41_length_5136_cov_465.897360:62..174:Col440I_1__CP023920:93.036319","","Col440I",93.86,99.12,"62","174","1","114"
"tTtLMUXkFaaF2sdixGjgda","SAMN05960885","NODE_45_length_4609_cov_300.092239","NODE_45_length_4609_cov_300.092239:1284..1397:Col440I_1__CP023920:97.368421","","Col440I",97.37,100,"1284","1397","1","114"
"tTtLMUXkFaaF2sdixGjgda","SAMN05960885","NODE_48_length_4360_cov_24.901901","NODE_48_length_4360_cov_24.901901:1720..2106:IncFIA(HI1)_1__AF250878:98.195876","","IncFIA(HI1)",98.45,99.74,"1720","2106","2","388"
"tTtLMUXkFaaF2sdixGjgda","SAMN05960885","NODE_49_length_4040_cov_429.603654","NODE_49_length_4040_cov_429.603654:3242..3523:Col440II_1__CP023921:96.808511","","Col440II",96.81,100,"3242","3523","1","282"
"tTtLMUXkFaaF2sdixGjgda","SAMN05960885","NODE_54_length_3160_cov_31.664489","NODE_54_length_3160_cov_31.664489:1968..2195:IncFII(pKP91)_1__CP000966:94.816784","","IncFII(pKP91)",96.07,98.7,"1968","2195","3","230"
"bxRyRAsmc1ZnVJrXNYtSzs","SAMN05960930","NODE_14_length_110945_cov_24.712466","NODE_14_length_110945_cov_24.712466:44127..44686:IncFIB(pKPHS1)_1__CP003223:99.642857","","IncFIB(pKPHS1)",99.64,100,"44127","44686","1","560"
"bxRyRAsmc1ZnVJrXNYtSzs","SAMN05960930","NODE_20_length_72373_cov_21.148477","NODE_20_length_72373_cov_21.148477:4399..4958:IncFIB(K)_1__JN233704:98.928571","","IncFIB(K)",98.93,100,"4399","4958","1","560"
"bxRyRAsmc1ZnVJrXNYtSzs","SAMN05960930","NODE_20_length_72373_cov_21.148477","NODE_20_length_72373_cov_21.148477:70474..70621:IncFII(K)_1__CP000648:95.945946","","IncFII(K)",95.95,100,"70474","70621","1","148"
"dzY5QotexRbxt2v6A8kejo","SAMEA5753370","NODE_26_length_66826_cov_26.825213","NODE_26_length_66826_cov_26.825213:49906..50135:IncFII(pKP91)_1__CP000966:100.000000","","IncFII(pKP91)",100,100,"49906","50135","1","230"
"dzY5QotexRbxt2v6A8kejo","SAMEA5753370","NODE_32_length_37261_cov_26.848609","NODE_32_length_37261_cov_26.848609:28157..28716:IncFIB(K)(pCAV1099-114)_1__CP011596:99.642857","","IncFIB(K)(pCAV1099-114)",99.64,100,"28157","28716","1","560"
"dzY5QotexRbxt2v6A8kejo","SAMEA5753370","NODE_32_length_37261_cov_26.848609","NODE_32_length_37261_cov_26.848609:36002..36444:repFIB_pC39_CP061701:97.968397","","repFIB",97.97,100,"36002","36444","1","443"
"dzY5QotexRbxt2v6A8kejo","SAMEA5753370","NODE_35_length_32422_cov_26.821397","NODE_35_length_32422_cov_26.821397:28065..28804:IncFIB(pQil)_1__JN233705:100.000000","","IncFIB(pQil)",100,100,"28065","28804","1","740"
"dzY5QotexRbxt2v6A8kejo","SAMEA5753370","NODE_46_length_13473_cov_22.418467","NODE_46_length_13473_cov_22.418467:1049..1159:Col440I_1__CP023920:93.859649","","Col440I",96.4,97.37,"1049","1159","1","111"
"dzY5QotexRbxt2v6A8kejo","SAMEA5753370","NODE_59_length_6264_cov_21.161719","NODE_59_length_6264_cov_21.161719:3465..4034:IncHI1B(pNDM-MAR)_1__JN420336:99.824561","","IncHI1B(pNDM-MAR)",99.82,100,"3465","4034","1","570"
"iby3wEYc9KeyTJd87zTnVv","SAMN31892434","NODE_15_length_106869_cov_31.859727","NODE_15_length_106869_cov_31.859727:12411..12970:repB_KLEB_VIR_AP006726:100.000000","","repB",100,100,"12411","12970","1","560"
"iby3wEYc9KeyTJd87zTnVv","SAMN31892434","NODE_15_length_106869_cov_31.859727","NODE_15_length_106869_cov_31.859727:29645..30082:RepB_1_pC39_CP061702.1:100.000000","","RepB",100,100,"29645","30082","1","438"
"wUVBBmrNkX5ZbJQDo53r4F","SAMEA6155840","NODE_25_length_42521_cov_8.314837","NODE_25_length_42521_cov_8.314837:41110..41679:IncHI1B(pNDM-MAR)_1__JN420336:100.000000","","IncHI1B(pNDM-MAR)",100,100,"41110","41679","1","570"
"wUVBBmrNkX5ZbJQDo53r4F","SAMEA6155840","NODE_25_length_42521_cov_8.314837","NODE_25_length_42521_cov_8.314837:3316..3875:IncFIB(K)(pCAV1099-114)_1__CP011596:99.642857","","IncFIB(K)(pCAV1099-114)",99.64,100,"3316","3875","1","560"
"wUVBBmrNkX5ZbJQDo53r4F","SAMEA6155840","NODE_34_length_7511_cov_7.178494","NODE_34_length_7511_cov_7.178494:3112..3222:Col440I_1__CP023920:93.859649","","Col440I",96.4,97.37,"3112","3222","1","111"
"wUVBBmrNkX5ZbJQDo53r4F","SAMEA6155840","NODE_43_length_4717_cov_7.144002","NODE_43_length_4717_cov_7.144002:3458..3900:repFIB_pC39_CP061701:97.968397","","repFIB",97.97,100,"3458","3900","1","443"
"xnrt1fvSQyjy6gwiDTPA2u","SAMEA115925718","NODE_33_length_35553_cov_23.167879","NODE_33_length_35553_cov_23.167879:4713..5086:IncX3_1__JN247852:100.000000","","IncX3",100,100,"4713","5086","1","374"
"xnrt1fvSQyjy6gwiDTPA2u","SAMEA115925718","NODE_39_length_24382_cov_25.451310","NODE_39_length_24382_cov_25.451310:257..695:IncFIB(pNDM-Mar)_1__JN420336:99.772210","","IncFIB(pNDM-Mar)",99.77,100,"257","695","1","439"
"xnrt1fvSQyjy6gwiDTPA2u","SAMEA115925718","NODE_50_length_12383_cov_22.800861","NODE_50_length_12383_cov_22.800861:7724..8283:IncFIB(K)_1__JN233704:100.000000","","IncFIB(K)",100,100,"7724","8283","1","560"
"xnrt1fvSQyjy6gwiDTPA2u","SAMEA115925718","NODE_52_length_10858_cov_22.837893","NODE_52_length_10858_cov_22.837893:1914..2061:IncFII(K)_1__CP000648:97.972973","","IncFII(K)",97.97,100,"1914","2061","1","148"
"xnrt1fvSQyjy6gwiDTPA2u","SAMEA115925718","NODE_61_length_6852_cov_207.235945","NODE_61_length_6852_cov_207.235945:544..674:Col(pHAD28)_1__KU674895:92.366412","","Col(pHAD28)",92.37,100,"544","674","1","131"
"xnrt1fvSQyjy6gwiDTPA2u","SAMEA115925718","NODE_70_length_4499_cov_450.392179","NODE_70_length_4499_cov_450.392179:1..81:Col(pHAD28)_1__KU674895:59.541985","","Col(pHAD28)",96.3,61.83,"1","81","35","115"
"xnrt1fvSQyjy6gwiDTPA2u","SAMEA115925718","NODE_70_length_4499_cov_450.392179","NODE_70_length_4499_cov_450.392179:4412..4499:Col(pHAD28)_1__KU674895:62.595420","","Col(pHAD28)",93.18,67.18,"4412","4499","1","88"
"xnrt1fvSQyjy6gwiDTPA2u","SAMEA115925718","NODE_74_length_4287_cov_366.917379","NODE_74_length_4287_cov_366.917379:3595..3708:Col440I_1__CP023920:95.614035","","Col440I",95.61,100,"3595","3708","1","114"
"xnrt1fvSQyjy6gwiDTPA2u","SAMEA115925718","NODE_93_length_2025_cov_22.745641","NODE_93_length_2025_cov_22.745641:799..1368:IncHI1B(pNDM-MAR)_1__JN420336:100.000000","","IncHI1B(pNDM-MAR)",100,100,"799","1368","1","570"
"wBsYnQ5pxWiCw9S5y5GFKb","SAMEA111505131","NODE_64_length_14836_cov_17.492717","NODE_64_length_14836_cov_17.492717:12021..12580:IncFIB(K)_1__JN233704:98.928571","","IncFIB(K)",98.93,100,"12021","12580","1","560"
"wBsYnQ5pxWiCw9S5y5GFKb","SAMEA111505131","NODE_69_length_13287_cov_4.734484","NODE_69_length_13287_cov_4.734484:2363..2922:IncFIB(pKPHS1)_1__CP003223:99.821429","","IncFIB(pKPHS1)",99.82,100,"2363","2922","1","560"
"wBsYnQ5pxWiCw9S5y5GFKb","SAMEA111505131","NODE_87_length_3639_cov_6.028339","NODE_87_length_3639_cov_6.028339:2269..2891:repB(R1701)_1__CP039970:98.876404","","repB(R1701)",98.88,100,"2269","2891","1","623"
"iry46BEny3LZM3U4XPWx8a","SAMEA5753334","NODE_55_length_16168_cov_24.497511","NODE_55_length_16168_cov_24.497511:14986..15236:IncR_1__DQ449578:99.203187","","IncR",99.2,100,"14986","15236","1","251"
"iry46BEny3LZM3U4XPWx8a","SAMEA5753334","NODE_56_length_13764_cov_23.719429","NODE_56_length_13764_cov_23.719429:12773..12883:Col440I_1__CP023920:93.859649","","Col440I",96.4,97.37,"12773","12883","1","111"
"iry46BEny3LZM3U4XPWx8a","SAMEA5753334","NODE_57_length_13567_cov_25.430725","NODE_57_length_13567_cov_25.430725:4463..5022:IncFIB(K)(pCAV1099-114)_1__CP011596:99.642857","","IncFIB(K)(pCAV1099-114)",99.64,100,"4463","5022","1","560"
"iry46BEny3LZM3U4XPWx8a","SAMEA5753334","NODE_57_length_13567_cov_25.430725","NODE_57_length_13567_cov_25.430725:12308..12750:repFIB_pC39_CP061701:97.968397","","repFIB",97.97,100,"12308","12750","1","443"
"iry46BEny3LZM3U4XPWx8a","SAMEA5753334","NODE_76_length_7283_cov_24.917038","NODE_76_length_7283_cov_24.917038:260..647:IncFIA(HI1)_1__AF250878:97.422680","","IncFIA(HI1)",97.42,100,"260","647","1","388"
"iry46BEny3LZM3U4XPWx8a","SAMEA5753334","NODE_77_length_7165_cov_23.541891","NODE_77_length_7165_cov_23.541891:1094..1323:IncFII(pKP91)_1__CP000966:100.000000","","IncFII(pKP91)",100,100,"1094","1323","1","230"
"iry46BEny3LZM3U4XPWx8a","SAMEA5753334","NODE_87_length_4976_cov_21.853188","NODE_87_length_4976_cov_21.853188:940..1509:IncHI1B(pNDM-MAR)_1__JN420336:99.473684","","IncHI1B(pNDM-MAR)",99.47,100,"940","1509","1","570"
"iry46BEny3LZM3U4XPWx8a","SAMEA5753334","NODE_104_length_3492_cov_29.162688","NODE_104_length_3492_cov_29.162688:933..1046:Col440I_1__CP023920:95.614035","","Col440I",95.61,100,"933","1046","1","114"
"iry46BEny3LZM3U4XPWx8a","SAMEA5753334","NODE_105_length_3474_cov_29.983407","NODE_105_length_3474_cov_29.983407:2788..2906:Col(pHAD28)_1__KU674895:82.512723","","Col(pHAD28)",90.83,90.84,"2788","2906","1","120"
"iry46BEny3LZM3U4XPWx8a","SAMEA5753334","NODE_110_length_3134_cov_29.813180","NODE_110_length_3134_cov_29.813180:510..618:Col440I_1__CP023920:92.137161","","Col440I",96.36,95.61,"510","618","1","110"
"iry46BEny3LZM3U4XPWx8a","SAMEA5753334","NODE_115_length_2564_cov_24.735497","NODE_115_length_2564_cov_24.735497:1101..1248:IncFII(K)_1__CP000648:98.648649","","IncFII(K)",98.65,100,"1101","1248","1","148"
"7j2nkQAgfkTrfc46osTtuW","SAMEA5753351","NODE_23_length_82744_cov_24.693387","NODE_23_length_82744_cov_24.693387:79796..80025:IncFII(pKP91)_1__CP000966:100.000000","","IncFII(pKP91)",100,100,"79796","80025","1","230"
"7j2nkQAgfkTrfc46osTtuW","SAMEA5753351","NODE_52_length_11945_cov_22.792335","NODE_52_length_11945_cov_22.792335:7253..7812:IncFIB(K)_1__JN233704:99.642857","","IncFIB(K)",99.64,100,"7253","7812","1","560"
"9ZPqEpyvM7PSSoLwHHc7rT","SAMN36884889","NODE_25_length_34385_cov_28.691857","NODE_25_length_34385_cov_28.691857:21195..21754:IncFIB(K)_1__JN233704:98.928571","","IncFIB(K)",98.93,100,"21195","21754","1","560"
"9ZPqEpyvM7PSSoLwHHc7rT","SAMN36884889","NODE_26_length_29869_cov_34.315653","NODE_26_length_29869_cov_34.315653:1690..1837:IncFII(K)_1__CP000648:95.945946","","IncFII(K)",95.95,100,"1690","1837","1","148"
"9ZPqEpyvM7PSSoLwHHc7rT","SAMN36884889","NODE_36_length_4911_cov_137.589360","NODE_36_length_4911_cov_137.589360:2573..3096:Col(pB8919)_1__CP094996.1:93.511450","","Col(pB8919)",93.51,100,"2573","3096","1","524"
"oPJnj2ekm9kUCNXgLdtzbP","SAMEA6155803","NODE_16_length_69774_cov_7.212989","NODE_16_length_69774_cov_7.212989:4177..4736:IncFIB(K)_1__JN233704:98.928571","","IncFIB(K)",98.93,100,"4177","4736","1","560"
"oPJnj2ekm9kUCNXgLdtzbP","SAMEA6155803","NODE_16_length_69774_cov_7.212989","NODE_16_length_69774_cov_7.212989:67875..68022:IncFII(K)_1__CP000648:95.945946","","IncFII(K)",95.95,100,"67875","68022","1","148"
"oPJnj2ekm9kUCNXgLdtzbP","SAMEA6155803","NODE_24_length_17446_cov_8.186084","NODE_24_length_17446_cov_8.186084:7838..8088:IncR_1__DQ449578:100.000000","","IncR",100,100,"7838","8088","1","251"
"tsvXV4uJf6PCRLXXJqesZr","SAMEA5753328","NODE_62_length_12588_cov_21.673713","NODE_62_length_12588_cov_21.673713:6559..7118:IncFIB(K)_1__JN233704:98.928571","","IncFIB(K)",98.93,100,"6559","7118","1","560"
"tsvXV4uJf6PCRLXXJqesZr","SAMEA5753328","NODE_80_length_5345_cov_31.007244","NODE_80_length_5345_cov_31.007244:4481..4762:Col440II_1__CP023921:100.000000","","Col440II",100,100,"4481","4762","1","282"
"tsvXV4uJf6PCRLXXJqesZr","SAMEA5753328","NODE_80_length_5345_cov_31.007244","NODE_80_length_5345_cov_31.007244:88..218:Col(pHAD28)_1__KU674895:92.366412","","Col(pHAD28)",92.37,100,"88","218","1","131"
"tsvXV4uJf6PCRLXXJqesZr","SAMEA5753328","NODE_86_length_3681_cov_30.729760","NODE_86_length_3681_cov_30.729760:88..218:Col(pHAD28)_1__KU674895:92.366412","","Col(pHAD28)",92.37,100,"88","218","1","131"
"tsvXV4uJf6PCRLXXJqesZr","SAMEA5753328","NODE_95_length_2594_cov_30.911824","NODE_95_length_2594_cov_30.911824:2287..2415:Col(pHAD28)_1__KU674895:94.656489","","Col(pHAD28)",96.12,98.47,"2287","2415","1","129"
"21ZLrXeeHyHuywWtJokdwu","SAMEA6155791","NODE_9_length_56343_cov_21.495804","NODE_9_length_56343_cov_21.495804:28869..29119:IncR_1__DQ449578:100.000000","","IncR",100,100,"28869","29119","1","251"
"21ZLrXeeHyHuywWtJokdwu","SAMEA6155791","NODE_9_length_56343_cov_21.495804","NODE_9_length_56343_cov_21.495804:4287..4400:Col440I_1__CP023920:94.736842","","Col440I",94.74,100,"4287","4400","1","114"
"21ZLrXeeHyHuywWtJokdwu","SAMEA6155791","NODE_12_length_17885_cov_19.409030","NODE_12_length_17885_cov_19.409030:15243..15629:IncFIA(HI1)_1__AF250878:98.195876","","IncFIA(HI1)",98.45,99.74,"15243","15629","2","388"
"wEaCTewaPHHud6H82H5S4P","SAMN36884893","NODE_26_length_42894_cov_57.814862","NODE_26_length_42894_cov_57.814862:1753..1900:IncFII(K)_1__CP000648:95.945946","","IncFII(K)",95.95,100,"1753","1900","1","148"
"wEaCTewaPHHud6H82H5S4P","SAMN36884893","NODE_30_length_31068_cov_44.429559","NODE_30_length_31068_cov_44.429559:28183..28742:IncFIB(K)(pCAV1099-114)_1__CP011596:99.642857","","IncFIB(K)(pCAV1099-114)",99.64,100,"28183","28742","1","560"
"wEaCTewaPHHud6H82H5S4P","SAMN36884893","NODE_35_length_22608_cov_58.748367","NODE_35_length_22608_cov_58.748367:9930..10552:repB(R1701)_1__CP039970:99.518459","","repB(R1701)",99.52,100,"9930","10552","1","623"
"wEaCTewaPHHud6H82H5S4P","SAMN36884893","NODE_50_length_6426_cov_40.514146","NODE_50_length_6426_cov_40.514146:5166..5608:repFIB_pC39_CP061701:97.968397","","repFIB",97.97,100,"5166","5608","1","443"
"wEaCTewaPHHud6H82H5S4P","SAMN36884893","NODE_51_length_5801_cov_40.501403","NODE_51_length_5801_cov_40.501403:3469..4038:IncHI1B(pNDM-MAR)_1__JN420336:99.473684","","IncHI1B(pNDM-MAR)",99.47,100,"3469","4038","1","570"
"rq2cfjS6BAaV3WXFujUqVi","SAMEA4785008","NODE_17_length_113022_cov_34.198359","NODE_17_length_113022_cov_34.198359:24700..25259:IncFIB(pKPHS1)_1__CP003223:95.535714","","IncFIB(pKPHS1)",95.54,100,"24700","25259","1","560"
"rq2cfjS6BAaV3WXFujUqVi","SAMEA4785008","NODE_27_length_46652_cov_32.022887","NODE_27_length_46652_cov_32.022887:33336..33774:IncFIB(pNDM-Mar)_1__JN420336:99.316629","","IncFIB(pNDM-Mar)",99.32,100,"33336","33774","1","439"
"rq2cfjS6BAaV3WXFujUqVi","SAMEA4785008","NODE_31_length_38084_cov_61.952722","NODE_31_length_38084_cov_61.952722:6473..7212:IncFIB(pQil)_1__JN233705:100.000000","","IncFIB(pQil)",100,100,"6473","7212","1","740"
"rq2cfjS6BAaV3WXFujUqVi","SAMEA4785008","NODE_34_length_31382_cov_30.562781","NODE_34_length_31382_cov_30.562781:21810..22369:IncFIB(K)(pCAV1099-114)_1__CP011596:99.642857","","IncFIB(K)(pCAV1099-114)",99.64,100,"21810","22369","1","560"
"rq2cfjS6BAaV3WXFujUqVi","SAMEA4785008","NODE_52_length_8882_cov_64.094470","NODE_52_length_8882_cov_64.094470:3470..3720:IncR_1__DQ449578:100.000000","","IncR",100,100,"3470","3720","1","251"
"rq2cfjS6BAaV3WXFujUqVi","SAMEA4785008","NODE_66_length_4242_cov_264.471082","NODE_66_length_4242_cov_264.471082:279..409:Col(pHAD28)_1__KU674895:92.366412","","Col(pHAD28)",92.37,100,"279","409","1","131"
"rq2cfjS6BAaV3WXFujUqVi","SAMEA4785008","NODE_68_length_3870_cov_67.971278","NODE_68_length_3870_cov_67.971278:1451..1888:RepB_1_pC39_CP061702.1:99.543379","","RepB",99.54,100,"1451","1888","1","438"
"fvPvDLDTbv9MXXid3Zwz1i","SAMEA7472433","NODE_67_length_29308_cov_7.095861","NODE_67_length_29308_cov_7.095861:18675..18822:IncFII(K)_1__CP000648:98.648649","","IncFII(K)",98.65,100,"18675","18822","1","148"
"fvPvDLDTbv9MXXid3Zwz1i","SAMEA7472433","NODE_103_length_16312_cov_3.688337","NODE_103_length_16312_cov_3.688337:4370..4788:IncFIB(K)(pCAV1099-114)_1__CP011596:74.821429","","IncFIB(K)(pCAV1099-114)",100,74.82,"4370","4788","1","419"
"fvPvDLDTbv9MXXid3Zwz1i","SAMEA7472433","NODE_114_length_13810_cov_6.580118","NODE_114_length_13810_cov_6.580118:2859..3598:IncFIB(pQil)_1__JN233705:100.000000","","IncFIB(pQil)",100,100,"2859","3598","1","740"
"fvPvDLDTbv9MXXid3Zwz1i","SAMEA7472433","NODE_158_length_4940_cov_70.422227","NODE_158_length_4940_cov_70.422227:4350..4463:Col440I_1__CP023920:94.736842","","Col440I",94.74,100,"4350","4463","1","114"
"fvPvDLDTbv9MXXid3Zwz1i","SAMEA7472433","NODE_177_length_3171_cov_3.986979","NODE_177_length_3171_cov_3.986979:2108..2677:IncHI1B(pNDM-MAR)_1__JN420336:100.000000","","IncHI1B(pNDM-MAR)",100,100,"2108","2677","1","570"
"fvPvDLDTbv9MXXid3Zwz1i","SAMEA7472433","NODE_196_length_1879_cov_686.878090","NODE_196_length_1879_cov_686.878090:1468..1660:ColpVC_1__JX133088:97.409326","","ColpVC",97.41,100,"1468","1660","1","193"
"aamPQGKaDvqCKgnosBKWZM","SAMN05960918","NODE_31_length_48440_cov_29.293064","NODE_31_length_48440_cov_29.293064:908..1484:IncFII(pKPX1)_1__AP012055:100.000000","","IncFII(pKPX1)",100,100,"908","1484","1","577"
"aamPQGKaDvqCKgnosBKWZM","SAMN05960918","NODE_53_length_17486_cov_14.997412","NODE_53_length_17486_cov_14.997412:15318..15465:IncFII(K)_1__CP000648:99.324324","","IncFII(K)",99.32,100,"15318","15465","1","148"
"aamPQGKaDvqCKgnosBKWZM","SAMN05960918","NODE_61_length_10898_cov_16.525326","NODE_61_length_10898_cov_16.525326:3877..4436:IncFIB(K)_1__JN233704:99.107143","","IncFIB(K)",99.11,100,"3877","4436","1","560"
"aamPQGKaDvqCKgnosBKWZM","SAMN05960918","NODE_67_length_7818_cov_474.796347","NODE_67_length_7818_cov_474.796347:6742..6855:Col440I_1__CP023920:94.736842","","Col440I",94.74,100,"6742","6855","1","114"
"aamPQGKaDvqCKgnosBKWZM","SAMN05960918","NODE_69_length_7675_cov_34.940998","NODE_69_length_7675_cov_34.940998:3000..3739:IncFIB(pQil)_1__JN233705:99.864865","","IncFIB(pQil)",99.86,100,"3000","3739","1","740"
"aamPQGKaDvqCKgnosBKWZM","SAMN05960918","NODE_76_length_4562_cov_32.842259","NODE_76_length_4562_cov_32.842259:3107..3254:IncFII(K)_1__CP000648:99.324324","","IncFII(K)",99.32,100,"3107","3254","1","148"
"aamPQGKaDvqCKgnosBKWZM","SAMN05960918","NODE_79_length_3686_cov_34.225537","NODE_79_length_3686_cov_34.225537:2594..3216:repB(R1701)_1__CP039970:99.197432","","repB(R1701)",99.2,100,"2594","3216","1","623"
"aamPQGKaDvqCKgnosBKWZM","SAMN05960918","NODE_84_length_2595_cov_876.490385","NODE_84_length_2595_cov_876.490385:1323..1451:Col(pHAD28)_1__KU674895:94.656489","","Col(pHAD28)",96.12,98.47,"1323","1451","1","129"
"aamPQGKaDvqCKgnosBKWZM","SAMN05960918","NODE_85_length_2418_cov_769.660630","NODE_85_length_2418_cov_769.660630:1395..1508:Col440I_1__CP023920:94.736842","","Col440I",94.74,100,"1395","1508","1","114"
"oKpzouhqV9EMw2cBQFoTea","SAMEA6155795","NODE_18_length_78144_cov_7.191069","NODE_18_length_78144_cov_7.191069:64954..65513:IncFIB(K)_1__JN233704:98.928571","","IncFIB(K)",98.93,100,"64954","65513","1","560"
"oKpzouhqV9EMw2cBQFoTea","SAMEA6155795","NODE_18_length_78144_cov_7.191069","NODE_18_length_78144_cov_7.191069:1753..1900:IncFII(K)_1__CP000648:95.945946","","IncFII(K)",95.95,100,"1753","1900","1","148"
"oKpzouhqV9EMw2cBQFoTea","SAMEA6155795","NODE_36_length_4090_cov_47.750940","NODE_36_length_4090_cov_47.750940:2432..2559:Col(pHAD28)_1__KU674895:89.378070","","Col(pHAD28)",91.47,97.71,"2432","2559","1","129"
"6UmGxRCHX4KJH5mnLTkHCQ","SAMEA7472481","NODE_17_length_78330_cov_11.242104","NODE_17_length_78330_cov_11.242104:12632..13191:IncFIB(K)_1__JN233704:98.928571","","IncFIB(K)",98.93,100,"12632","13191","1","560"
"6UmGxRCHX4KJH5mnLTkHCQ","SAMEA7472481","NODE_17_length_78330_cov_11.242104","NODE_17_length_78330_cov_11.242104:76431..76578:IncFII(K)_1__CP000648:95.945946","","IncFII(K)",95.95,100,"76431","76578","1","148"
"6UmGxRCHX4KJH5mnLTkHCQ","SAMEA7472481","NODE_32_length_4090_cov_490.466299","NODE_32_length_4090_cov_490.466299:2187..2314:Col(pHAD28)_1__KU674895:89.378070","","Col(pHAD28)",91.47,97.71,"2187","2314","1","129"
"4h4NT5tASN8UP1dyqRDtMQ","SAMEA5753728","NODE_51_length_3541_cov_21.119117","NODE_51_length_3541_cov_21.119117:713..1335:repB(R1701)_1__CP039970:99.197432","","repB(R1701)",99.2,100,"713","1335","1","623"
"iMG8H4Co69RHQYk1sNSRfJ","SAMEA7472446","NODE_20_length_65625_cov_8.267043","NODE_20_length_65625_cov_8.267043:4176..4735:IncFIB(K)_1__JN233704:100.000000","","IncFIB(K)",100,100,"4176","4735","1","560"
"iMG8H4Co69RHQYk1sNSRfJ","SAMEA7472446","NODE_24_length_42412_cov_5.114976","NODE_24_length_42412_cov_5.114976:18766..19325:IncFIB(pKPHS1)_1__CP003223:98.392857","","IncFIB(pKPHS1)",98.39,100,"18766","19325","1","560"
"iMG8H4Co69RHQYk1sNSRfJ","SAMEA7472446","NODE_29_length_31502_cov_8.438143","NODE_29_length_31502_cov_8.438143:19981..20128:IncFII(K)_1__CP000648:97.297297","","IncFII(K)",97.3,100,"19981","20128","1","148"
"iMG8H4Co69RHQYk1sNSRfJ","SAMEA7472446","NODE_45_length_3671_cov_279.981523","NODE_45_length_3671_cov_279.981523:1454..1569:Col(pHAD28)_1__KU674895:83.969466","","Col(pHAD28)",94.83,88.55,"1454","1569","1","116"
"iMG8H4Co69RHQYk1sNSRfJ","SAMEA7472446","NODE_48_length_2813_cov_486.236183","NODE_48_length_2813_cov_486.236183:1233..1361:Col(pHAD28)_1__KU674895:90.839695","","Col(pHAD28)",92.25,98.47,"1233","1361","1","129"
"kwFfuopSUkAHHfF5viRbLn","SAMEA5753784","NODE_46_length_27701_cov_25.016267","NODE_46_length_27701_cov_25.016267:2635..3194:IncFIB(K)_1__JN233704:99.107143","","IncFIB(K)",99.11,100,"2635","3194","1","560"
"kwFfuopSUkAHHfF5viRbLn","SAMEA5753784","NODE_49_length_26028_cov_24.836207","NODE_49_length_26028_cov_24.836207:13824..14383:IncFIB(pKPHS1)_1__CP003223:95.714286","","IncFIB(pKPHS1)",95.71,100,"13824","14383","1","560"
"kwFfuopSUkAHHfF5viRbLn","SAMEA5753784","NODE_66_length_9393_cov_22.651711","NODE_66_length_9393_cov_22.651711:1766..1895:ColRNAI_1__DQ298019:100.000000","","ColRNAI",100,100,"1766","1895","1","130"
"kwFfuopSUkAHHfF5viRbLn","SAMEA5753784","NODE_77_length_5700_cov_25.669166","NODE_77_length_5700_cov_25.669166:1692..1822:ColRNAI_1__DQ298019:89.458042","","ColRNAI",90.15,99.23,"1692","1822","1","130"
"kwFfuopSUkAHHfF5viRbLn","SAMEA5753784","NODE_78_length_5510_cov_27.963038","NODE_78_length_5510_cov_27.963038:1663..1816:Col156_1__NC_009781:96.103896","","Col156",96.1,100,"1663","1816","1","154"
"kwFfuopSUkAHHfF5viRbLn","SAMEA5753784","NODE_79_length_5414_cov_22.997742","NODE_79_length_5414_cov_22.997742:2840..2970:Col(pHAD28)_1__KU674895:90.839695","","Col(pHAD28)",90.84,100,"2840","2970","1","131"
"kwFfuopSUkAHHfF5viRbLn","SAMEA5753784","NODE_80_length_4922_cov_26.777732","NODE_80_length_4922_cov_26.777732:4097..4377:Col440II_1__CP023921:90.780142","","Col440II",91.1,99.65,"4097","4377","2","282"
"kwFfuopSUkAHHfF5viRbLn","SAMEA5753784","NODE_80_length_4922_cov_26.777732","NODE_80_length_4922_cov_26.777732:63..176:Col440I_1__CP023920:95.614035","","Col440I",95.61,100,"63","176","1","114"
"kwFfuopSUkAHHfF5viRbLn","SAMEA5753784","NODE_87_length_4265_cov_22.468315","NODE_87_length_4265_cov_22.468315:2475..2605:Col(pHAD28)_1__KU674895:92.366412","","Col(pHAD28)",92.37,100,"2475","2605","1","131"
"nKztEJxaQRFH8q7CjZuMPR","SAMEA112281695","NODE_27_length_40972_cov_7.112324","NODE_27_length_40972_cov_7.112324:36766..37026:IncFII_1__AY458016:100.000000","","IncFII",100,100,"36766","37026","1","261"
"nKztEJxaQRFH8q7CjZuMPR","SAMEA112281695","NODE_41_length_14907_cov_6.237102","NODE_41_length_14907_cov_6.237102:460..846:IncFIA(HI1)_1__AF250878:98.195876","","IncFIA(HI1)",98.45,99.74,"460","846","2","388"
"nKztEJxaQRFH8q7CjZuMPR","SAMEA112281695","NODE_43_length_12608_cov_6.787833","NODE_43_length_12608_cov_6.787833:8546..9105:IncFIB(K)(pCAV1099-114)_1__CP011596:99.642857","","IncFIB(K)(pCAV1099-114)",99.64,100,"8546","9105","1","560"
"nKztEJxaQRFH8q7CjZuMPR","SAMEA112281695","NODE_43_length_12608_cov_6.787833","NODE_43_length_12608_cov_6.787833:818..1260:repFIB_pC39_CP061701:97.968397","","repFIB",97.97,100,"818","1260","1","443"
"nKztEJxaQRFH8q7CjZuMPR","SAMEA112281695","NODE_45_length_11964_cov_6.265065","NODE_45_length_11964_cov_6.265065:6253..6503:IncR_1__DQ449578:100.000000","","IncR",100,100,"6253","6503","1","251"
"nKztEJxaQRFH8q7CjZuMPR","SAMEA112281695","NODE_60_length_4266_cov_41.228462","NODE_60_length_4266_cov_41.228462:3052..3182:Col(pHAD28)_1__KU674895:92.366412","","Col(pHAD28)",92.37,100,"3052","3182","1","131"
"nKztEJxaQRFH8q7CjZuMPR","SAMEA112281695","NODE_62_length_3945_cov_6.242330","NODE_62_length_3945_cov_6.242330:942..1511:IncHI1B(pNDM-MAR)_1__JN420336:100.000000","","IncHI1B(pNDM-MAR)",100,100,"942","1511","1","570"
"nKztEJxaQRFH8q7CjZuMPR","SAMEA112281695","NODE_65_length_3492_cov_6.543177","NODE_65_length_3492_cov_6.543177:275..385:Col440I_1__CP023920:93.859649","","Col440I",96.4,97.37,"275","385","1","111"
"mqJ6wVvYaSXMY6adcBANCp","SAMEA112281698","NODE_54_length_28854_cov_7.027578","NODE_54_length_28854_cov_7.027578:467..717:IncR_1__DQ449578:99.203187","","IncR",99.2,100,"467","717","1","251"
"mqJ6wVvYaSXMY6adcBANCp","SAMEA112281698","NODE_307_length_585_cov_5.181070","NODE_307_length_585_cov_5.181070:196..343:IncFII(K)_1__CP000648:99.324324","","IncFII(K)",99.32,100,"196","343","1","148"
"pxzvtyf3M2fbPCQVXbFgtW","SAMEA5753750","NODE_36_length_47203_cov_16.826108","NODE_36_length_47203_cov_16.826108:41040..41269:IncFII(pKP91)_1__CP000966:100.000000","","IncFII(pKP91)",100,100,"41040","41269","1","230"
"pxzvtyf3M2fbPCQVXbFgtW","SAMEA5753750","NODE_60_length_15540_cov_17.720679","NODE_60_length_15540_cov_17.720679:8547..9106:IncFIB(K)(pCAV1099-114)_1__CP011596:99.642857","","IncFIB(K)(pCAV1099-114)",99.64,100,"8547","9106","1","560"
"pxzvtyf3M2fbPCQVXbFgtW","SAMEA5753750","NODE_60_length_15540_cov_17.720679","NODE_60_length_15540_cov_17.720679:819..1261:repFIB_pC39_CP061701:97.968397","","repFIB",97.97,100,"819","1261","1","443"
"pxzvtyf3M2fbPCQVXbFgtW","SAMEA5753750","NODE_61_length_15214_cov_17.901025","NODE_61_length_15214_cov_17.901025:8084..8471:IncFIA(HI1)_1__AF250878:97.422680","","IncFIA(HI1)",97.42,100,"8084","8471","1","388"
"pxzvtyf3M2fbPCQVXbFgtW","SAMEA5753750","NODE_75_length_6495_cov_22.668856","NODE_75_length_6495_cov_22.668856:5241..5353:Col440I_1__CP023920:93.905817","","Col440I",94.74,99.12,"5241","5353","1","114"
"pxzvtyf3M2fbPCQVXbFgtW","SAMEA5753750","NODE_76_length_6348_cov_14.370459","NODE_76_length_6348_cov_14.370459:2315..2884:IncHI1B(pNDM-MAR)_1__JN420336:99.824561","","IncHI1B(pNDM-MAR)",99.82,100,"2315","2884","1","570"
"pxzvtyf3M2fbPCQVXbFgtW","SAMEA5753750","NODE_88_length_3423_cov_29.172684","NODE_88_length_3423_cov_29.172684:1459..1572:Col440I_1__CP023920:95.614035","","Col440I",95.61,100,"1459","1572","1","114"
"bbHjmhHU6Pj3HNf8irc8vE","SAMEA112622403","NODE_24_length_47237_cov_4.972676","NODE_24_length_47237_cov_4.972676:45082..45229:IncFII(K)_1__CP000648:100.000000","","IncFII(K)",100,100,"45082","45229","1","148"
"bbHjmhHU6Pj3HNf8irc8vE","SAMEA112622403","NODE_26_length_39991_cov_4.939560","NODE_26_length_39991_cov_4.939560:34703..35262:IncFIB(K)_1__JN233704:100.000000","","IncFIB(K)",100,100,"34703","35262","1","560"
"bbHjmhHU6Pj3HNf8irc8vE","SAMEA112622403","NODE_38_length_3773_cov_92.506260","NODE_38_length_3773_cov_92.506260:10..127:Col(pHAD28)_1__KU674895:84.732824","","Col(pHAD28)",94.07,90.08,"10","127","1","118"
"bbHjmhHU6Pj3HNf8irc8vE","SAMEA112622403","NODE_38_length_3773_cov_92.506260","NODE_38_length_3773_cov_92.506260:3653..3762:Col440I_1__CP023920:91.228070","","Col440I",94.55,96.49,"3653","3762","1","110"
"odMkneuyvBekXi3t5gd65n","SAMEA6654242","NODE_19_length_38675_cov_7.974129","NODE_19_length_38675_cov_7.974129:23286..23724:IncFIB(pNDM-Mar)_1__JN420336:99.316629","","IncFIB(pNDM-Mar)",99.32,100,"23286","23724","1","439"
"odMkneuyvBekXi3t5gd65n","SAMEA6654242","NODE_22_length_34323_cov_15.155972","NODE_22_length_34323_cov_15.155972:29211..29584:IncX3_1__JN247852:100.000000","","IncX3",100,100,"29211","29584","1","374"
"odMkneuyvBekXi3t5gd65n","SAMEA6654242","NODE_32_length_14130_cov_20.829663","NODE_32_length_14130_cov_20.829663:7992..8220:ColKP3_1__JN205800:81.785714","","ColKP3",100,81.79,"7992","8220","1","229"
"odMkneuyvBekXi3t5gd65n","SAMEA6654242","NODE_37_length_4582_cov_7.851216","NODE_37_length_4582_cov_7.851216:3961..4489:IncQ1_1__M28829:66.457286","","IncQ1",100,66.46,"3961","4489","1","529"
"g8rdjWUAm2LL6rJJG5ZTf3","SAMN05960935","NODE_14_length_69638_cov_30.998289","NODE_14_length_69638_cov_30.998289:64954..65513:IncFIB(K)_1__JN233704:98.928571","","IncFIB(K)",98.93,100,"64954","65513","1","560"
"g8rdjWUAm2LL6rJJG5ZTf3","SAMN05960935","NODE_14_length_69638_cov_30.998289","NODE_14_length_69638_cov_30.998289:1753..1900:IncFII(K)_1__CP000648:95.945946","","IncFII(K)",95.95,100,"1753","1900","1","148"
"in1AN9CPk4tMGdvygfSXWw","SAMEA5753761","NODE_31_length_25560_cov_24.658105","NODE_31_length_25560_cov_24.658105:2908..3467:IncFIB(K)(pCAV1099-114)_1__CP011596:96.071429","","IncFIB(K)(pCAV1099-114)",96.07,100,"2908","3467","1","560"
"in1AN9CPk4tMGdvygfSXWw","SAMEA5753761","NODE_38_length_13866_cov_21.317644","NODE_38_length_13866_cov_21.317644:9381..9610:IncFII(pKP91)_1__CP000966:91.859590","","IncFII(pKP91)",93.07,98.7,"9381","9610","3","230"
"in1AN9CPk4tMGdvygfSXWw","SAMEA5753761","NODE_47_length_4408_cov_31.063124","NODE_47_length_4408_cov_31.063124:3096..3209:Col440I_1__CP023920:95.614035","","Col440I",95.61,100,"3096","3209","1","114"
"in1AN9CPk4tMGdvygfSXWw","SAMEA5753761","NODE_52_length_3756_cov_33.257315","NODE_52_length_3756_cov_33.257315:1124..1233:Col440I_1__CP023920:90.350877","","Col440I",93.64,96.49,"1124","1233","1","110"
"9pTFk2Q553efjZBE6rP2iq","SAMN41988742","NODE_17_length_33157_cov_11.803043","NODE_17_length_33157_cov_11.803043:30707..31471:IncY_1__K02380:99.477124","","IncY",99.48,100,"30707","31471","1","765"
"9pTFk2Q553efjZBE6rP2iq","SAMN41988742","NODE_20_length_26804_cov_11.607040","NODE_20_length_26804_cov_11.607040:17501..18060:IncFIB(K)(pCAV1099-114)_1__CP011596:99.821429","","IncFIB(K)(pCAV1099-114)",99.82,100,"17501","18060","1","560"
"9pTFk2Q553efjZBE6rP2iq","SAMN41988742","NODE_30_length_7638_cov_307.759650","NODE_30_length_7638_cov_307.759650:4378..4491:Col440I_1__CP023920:96.491228","","Col440I",96.49,100,"4378","4491","1","114"
"9pTFk2Q553efjZBE6rP2iq","SAMN41988742","NODE_34_length_3755_cov_1362.670952","NODE_34_length_3755_cov_1362.670952:1191..1299:Col440I_1__CP023920:88.596491","","Col440I",92.66,95.61,"1191","1299","1","109"
"1giVL9n6jnoY6zzeySmeSr","SAMEA112281699","NODE_6_length_131367_cov_9.088316","NODE_6_length_131367_cov_9.088316:105371..105621:IncR_1__DQ449578:99.203187","","IncR",99.2,100,"105371","105621","1","251"
"1giVL9n6jnoY6zzeySmeSr","SAMEA112281699","NODE_6_length_131367_cov_9.088316","NODE_6_length_131367_cov_9.088316:44026..44173:IncFII(K)_1__CP000648:99.324324","","IncFII(K)",99.32,100,"44026","44173","1","148"
"3Y7gynbx2o4aKcDkKys25x","SAMEA111505113","NODE_11_length_199140_cov_16.181430","NODE_11_length_199140_cov_16.181430:560..1129:IncHI1B(pNDM-MAR)_1__JN420336:99.824561","","IncHI1B(pNDM-MAR)",99.82,100,"560","1129","1","570"
"3Y7gynbx2o4aKcDkKys25x","SAMEA111505113","NODE_11_length_199140_cov_16.181430","NODE_11_length_199140_cov_16.181430:107083..107521:IncFIB(pNDM-Mar)_1__JN420336:99.544419","","IncFIB(pNDM-Mar)",99.54,100,"107083","107521","1","439"
"3Y7gynbx2o4aKcDkKys25x","SAMEA111505113","NODE_25_length_52959_cov_20.474877","NODE_25_length_52959_cov_20.474877:43119..43678:IncFIB(K)_1__JN233704:98.928571","","IncFIB(K)",98.93,100,"43119","43678","1","560"
"3Y7gynbx2o4aKcDkKys25x","SAMEA111505113","NODE_47_length_9225_cov_11.254109","NODE_47_length_9225_cov_11.254109:5331..6095:IncY_1__K02380:98.823529","","IncY",98.82,100,"5331","6095","1","765"
"rvmkKyu1SvuhNSPf1h2J5m","SAMN05960901","NODE_13_length_148244_cov_24.899882","NODE_13_length_148244_cov_24.899882:104991..105138:IncFII(K)_1__CP000648:99.324324","","IncFII(K)",99.32,100,"104991","105138","1","148"
"rvmkKyu1SvuhNSPf1h2J5m","SAMN05960901","NODE_22_length_34146_cov_26.549241","NODE_22_length_34146_cov_26.549241:20956..21515:IncFIB(K)_1__JN233704:98.928571","","IncFIB(K)",98.93,100,"20956","21515","1","560"
"rvmkKyu1SvuhNSPf1h2J5m","SAMN05960901","NODE_30_length_4582_cov_24.423154","NODE_30_length_4582_cov_24.423154:94..622:IncQ1_1__M28829:66.457286","","IncQ1",100,66.46,"94","622","1","529"
"7WnDm43QrjNec8vtWHPf7M","SAMN05960913","NODE_16_length_72454_cov_27.088232","NODE_16_length_72454_cov_27.088232:11375..11522:IncFII(K)_1__CP000648:97.297297","","IncFII(K)",97.3,100,"11375","11522","1","148"
"7WnDm43QrjNec8vtWHPf7M","SAMN05960913","NODE_22_length_24483_cov_33.558645","NODE_22_length_24483_cov_33.558645:23567..23817:IncR_1__DQ449578:100.000000","","IncR",100,100,"23567","23817","1","251"
"7WnDm43QrjNec8vtWHPf7M","SAMN05960913","NODE_23_length_20814_cov_25.783201","NODE_23_length_20814_cov_25.783201:12631..13190:IncFIB(K)_1__JN233704:100.000000","","IncFIB(K)",100,100,"12631","13190","1","560"
"7WnDm43QrjNec8vtWHPf7M","SAMN05960913","NODE_35_length_3640_cov_119.903135","NODE_35_length_3640_cov_119.903135:1512..1625:Col440I_1__CP023920:90.350877","","Col440I",90.35,100,"1512","1625","1","114"
"4mp1yaqsPNm9uZkL9czRdK","SAMEA7472458","NODE_43_length_27515_cov_4.908594","NODE_43_length_27515_cov_4.908594:19212..19781:IncHI1B(pNDM-MAR)_1__JN420336:100.000000","","IncHI1B(pNDM-MAR)",100,100,"19212","19781","1","570"
"4mp1yaqsPNm9uZkL9czRdK","SAMEA7472458","NODE_55_length_9919_cov_5.304379","NODE_55_length_9919_cov_5.304379:5861..6420:IncFIB(K)(pCAV1099-114)_1__CP011596:100.000000","","IncFIB(K)(pCAV1099-114)",100,100,"5861","6420","1","560"
"4mp1yaqsPNm9uZkL9czRdK","SAMEA7472458","NODE_63_length_4710_cov_158.353502","NODE_63_length_4710_cov_158.353502:1211..1341:Col(pHAD28)_1__KU674895:94.656489","","Col(pHAD28)",94.66,100,"1211","1341","1","131"
"oB4cB8RSV8ofjFjJBLLXVj","SAMEA6155827","NODE_57_length_26473_cov_5.891408","NODE_57_length_26473_cov_5.891408:11381..12003:repB(R1701)_1__CP039970:98.876404","","repB(R1701)",98.88,100,"11381","12003","1","623"
"oB4cB8RSV8ofjFjJBLLXVj","SAMEA6155827","NODE_59_length_25021_cov_4.244403","NODE_59_length_25021_cov_4.244403:8825..8972:IncFII(K)_1__CP000648:97.297297","","IncFII(K)",97.3,100,"8825","8972","1","148"
"oB4cB8RSV8ofjFjJBLLXVj","SAMEA6155827","NODE_90_length_9514_cov_3.099947","NODE_90_length_9514_cov_3.099947:2227..2786:IncFIB(K)_1__JN233704:98.928571","","IncFIB(K)",98.93,100,"2227","2786","1","560"
"oB4cB8RSV8ofjFjJBLLXVj","SAMEA6155827","NODE_94_length_8492_cov_5.933635","NODE_94_length_8492_cov_5.933635:1483..1733:IncR_1__DQ449578:99.601594","","IncR",99.6,100,"1483","1733","1","251"
"oB4cB8RSV8ofjFjJBLLXVj","SAMEA6155827","NODE_106_length_4596_cov_27.194129","NODE_106_length_4596_cov_27.194129:73..182:Col440I_1__CP023920:91.228070","","Col440I",94.55,96.49,"73","182","1","110"
"oB4cB8RSV8ofjFjJBLLXVj","SAMEA6155827","NODE_114_length_2709_cov_18.047893","NODE_114_length_2709_cov_18.047893:2442..2551:Col440I_1__CP023920:91.228070","","Col440I",94.55,96.49,"2442","2551","1","110"
"oB4cB8RSV8ofjFjJBLLXVj","SAMEA6155827","NODE_122_length_2230_cov_46.597841","NODE_122_length_2230_cov_46.597841:34..149:Col(pHAD28)_1__KU674895:83.206107","","Col(pHAD28)",93.97,88.55,"34","149","1","116"
"oB4cB8RSV8ofjFjJBLLXVj","SAMEA6155827","NODE_137_length_1260_cov_7.750215","NODE_137_length_1260_cov_7.750215:100..532:IncN_1__AY046276:83.852140","","IncN",99.54,84.24,"100","532","82","514"
"hdJoa1YA1B7mvkzuzMLcYi","SAMEA6155799","NODE_34_length_48054_cov_5.897967","NODE_34_length_48054_cov_5.897967:17593..18009:IncC_1__JN157804:100.000000","","IncC",100,100,"17593","18009","1","417"
"hdJoa1YA1B7mvkzuzMLcYi","SAMEA6155799","NODE_38_length_38256_cov_4.132427","NODE_38_length_38256_cov_4.132427:29211..29584:IncX3_1__JN247852:100.000000","","IncX3",100,100,"29211","29584","1","374"
"hdJoa1YA1B7mvkzuzMLcYi","SAMEA6155799","NODE_53_length_18668_cov_3.521730","NODE_53_length_18668_cov_3.521730:2807..2954:IncFII(K)_1__CP000648:97.297297","","IncFII(K)",97.3,100,"2807","2954","1","148"
"hdJoa1YA1B7mvkzuzMLcYi","SAMEA6155799","NODE_58_length_12482_cov_4.260276","NODE_58_length_12482_cov_4.260276:4835..5085:IncR_1__DQ449578:100.000000","","IncR",100,100,"4835","5085","1","251"
"hdJoa1YA1B7mvkzuzMLcYi","SAMEA6155799","NODE_75_length_4199_cov_1.748293","NODE_75_length_4199_cov_1.748293:2121..2680:IncFIB(K)_1__JN233704:98.928571","","IncFIB(K)",98.93,100,"2121","2680","1","560"
"henhQq47DRAjYrmkCVsKCV","SAMN05960970","NODE_16_length_69990_cov_18.293614","NODE_16_length_69990_cov_18.293614:60933..61080:IncFII(K)_1__CP000648:97.297297","","IncFII(K)",97.3,100,"60933","61080","1","148"
"henhQq47DRAjYrmkCVsKCV","SAMN05960970","NODE_31_length_12316_cov_20.489482","NODE_31_length_12316_cov_20.489482:7582..8141:IncFIB(K)_1__JN233704:100.000000","","IncFIB(K)",100,100,"7582","8141","1","560"
"henhQq47DRAjYrmkCVsKCV","SAMN05960970","NODE_33_length_6225_cov_110.207640","NODE_33_length_6225_cov_110.207640:3194..3306:Col440I_1__CP023920:91.297322","","Col440I",92.11,99.12,"3194","3306","1","114"
"henhQq47DRAjYrmkCVsKCV","SAMN05960970","NODE_36_length_4026_cov_239.115355","NODE_36_length_4026_cov_239.115355:2305..2432:Col(pHAD28)_1__KU674895:89.378070","","Col(pHAD28)",91.47,97.71,"2305","2432","1","129"
"iMLULs49BoiE2u7Tx6voK5","SAMEA5753795","NODE_17_length_99135_cov_22.647441","NODE_17_length_99135_cov_22.647441:28734..29121:IncFIA(HI1)_1__AF250878:97.422680","","IncFIA(HI1)",97.42,100,"28734","29121","1","388"
"iMLULs49BoiE2u7Tx6voK5","SAMEA5753795","NODE_17_length_99135_cov_22.647441","NODE_17_length_99135_cov_22.647441:95556..95783:IncFII(pKP91)_1__CP000966:94.385798","","IncFII(pKP91)",95.63,98.7,"95556","95783","3","230"
"mVQsapn1bgGpHbYNDGgQ2F","SAMN05960889","NODE_18_length_49846_cov_123.245583","NODE_18_length_49846_cov_123.245583:24265..24778:IncN_1__AY046276:99.610895","","IncN",99.61,100,"24265","24778","1","514"
"mVQsapn1bgGpHbYNDGgQ2F","SAMN05960889","NODE_24_length_32097_cov_22.328302","NODE_24_length_32097_cov_22.328302:22958..23105:IncFII(K)_1__CP000648:97.297297","","IncFII(K)",97.3,100,"22958","23105","1","148"
"mVQsapn1bgGpHbYNDGgQ2F","SAMN05960889","NODE_30_length_12263_cov_23.146005","NODE_30_length_12263_cov_23.146005:4125..4684:IncFIB(K)_1__JN233704:100.000000","","IncFIB(K)",100,100,"4125","4684","1","560"
"rQAC9uaqCQymXUxiu4nCbw","SAMEA5753737","NODE_33_length_24689_cov_22.937170","NODE_33_length_24689_cov_22.937170:4927..5486:IncFIB(K)_1__JN233704:98.750000","","IncFIB(K)",98.75,100,"4927","5486","1","560"
"rQAC9uaqCQymXUxiu4nCbw","SAMEA5753737","NODE_47_length_11715_cov_19.878099","NODE_47_length_11715_cov_19.878099:1005..1152:IncFII(K)_1__CP000648:97.297297","","IncFII(K)",97.3,100,"1005","1152","1","148"
"rQAC9uaqCQymXUxiu4nCbw","SAMEA5753737","NODE_50_length_5996_cov_32.948109","NODE_50_length_5996_cov_32.948109:4711..4841:Col(pHAD28)_1__KU674895:94.656489","","Col(pHAD28)",94.66,100,"4711","4841","1","131"
"rQAC9uaqCQymXUxiu4nCbw","SAMEA5753737","NODE_54_length_4000_cov_9.986157","NODE_54_length_4000_cov_9.986157:1881..2440:IncFIB(pKPHS1)_1__CP003223:98.392857","","IncFIB(pKPHS1)",98.39,100,"1881","2440","1","560"
"7K7X7kT9JLVHLYBf49wCrZ","SAMN41988745","NODE_31_length_14831_cov_59.441895","NODE_31_length_14831_cov_59.441895:5230..5617:IncFIA(HI1)_1__AF250878:97.164948","","IncFIA(HI1)",97.16,100,"5230","5617","1","388"
"7K7X7kT9JLVHLYBf49wCrZ","SAMN41988745","NODE_37_length_9523_cov_62.232385","NODE_37_length_9523_cov_62.232385:1492..2256:IncY_1__K02380:99.477124","","IncY",99.48,100,"1492","2256","1","765"
"7K7X7kT9JLVHLYBf49wCrZ","SAMN41988745","NODE_42_length_6058_cov_14.153381","NODE_42_length_6058_cov_14.153381:1964..2523:IncFIB(K)_1__JN233704:98.928571","","IncFIB(K)",98.93,100,"1964","2523","1","560"
"gLNzBYyV8st6sWjPyPhU9a","SAMEA112281694","NODE_51_length_8834_cov_3.302118","NODE_51_length_8834_cov_3.302118:5617..5727:Col440I_1__CP023920:93.859649","","Col440I",96.4,97.37,"5617","5727","1","111"
"gLNzBYyV8st6sWjPyPhU9a","SAMEA112281694","NODE_67_length_4266_cov_10.396928","NODE_67_length_4266_cov_10.396928:3808..3938:Col(pHAD28)_1__KU674895:92.366412","","Col(pHAD28)",92.37,100,"3808","3938","1","131"
"n88HMJpDkkCZSdT8jyMHPv","SAMEA6155881","NODE_17_length_84694_cov_22.084084","NODE_17_length_84694_cov_22.084084:7281..7428:IncFII(K)_1__CP000648:97.297297","","IncFII(K)",97.3,100,"7281","7428","1","148"
"n88HMJpDkkCZSdT8jyMHPv","SAMEA6155881","NODE_18_length_73266_cov_21.912297","NODE_18_length_73266_cov_21.912297:7820..8379:IncFIB(K)_1__JN233704:100.000000","","IncFIB(K)",100,100,"7820","8379","1","560"
"n88HMJpDkkCZSdT8jyMHPv","SAMEA6155881","NODE_21_length_44443_cov_29.815082","NODE_21_length_44443_cov_29.815082:41803..42189:IncFIA(HI1)_1__AF250878:98.195876","","IncFIA(HI1)",98.45,99.74,"41803","42189","2","388"
"n88HMJpDkkCZSdT8jyMHPv","SAMEA6155881","NODE_21_length_44443_cov_29.815082","NODE_21_length_44443_cov_29.815082:5502..5752:IncR_1__DQ449578:100.000000","","IncR",100,100,"5502","5752","1","251"
"sqcCF27u2Jk2Ts9AhftTbT","SAMEA6422763","NODE_14_length_75658_cov_11.096190","NODE_14_length_75658_cov_11.096190:70974..71533:IncFIB(K)_1__JN233704:98.928571","","IncFIB(K)",98.93,100,"70974","71533","1","560"
"sqcCF27u2Jk2Ts9AhftTbT","SAMEA6422763","NODE_14_length_75658_cov_11.096190","NODE_14_length_75658_cov_11.096190:9056..9283:IncFII(pKP91)_1__CP000966:94.816784","","IncFII(pKP91)",96.07,98.7,"9056","9283","3","230"
"sqcCF27u2Jk2Ts9AhftTbT","SAMEA6422763","NODE_17_length_45156_cov_30.326364","NODE_17_length_45156_cov_30.326364:44330..44843:IncN_1__AY046276:99.805447","","IncN",99.81,100,"44330","44843","1","514"
"sqcCF27u2Jk2Ts9AhftTbT","SAMEA6422763","NODE_24_length_9392_cov_37.547401","NODE_24_length_9392_cov_37.547401:2572..2701:ColRNAI_1__DQ298019:100.000000","","ColRNAI",100,100,"2572","2701","1","130"
"sqcCF27u2Jk2Ts9AhftTbT","SAMEA6422763","NODE_28_length_3318_cov_13.161545","NODE_28_length_3318_cov_13.161545:2696..3288:IncFII(pCRY)_1__NC_005814:94.940978","","IncFII(pCRY)",94.94,100,"2696","3288","1","593"
"aHCoEKTpfBd4z7hFqkjynA","SAMEA5753744","NODE_35_length_46988_cov_15.799441","NODE_35_length_46988_cov_15.799441:35753..36140:IncFIA(HI1)_1__AF250878:96.907216","","IncFIA(HI1)",96.91,100,"35753","36140","1","388"
"aHCoEKTpfBd4z7hFqkjynA","SAMEA5753744","NODE_54_length_17935_cov_15.708399","NODE_54_length_17935_cov_15.708399:4177..4736:IncFIB(K)_1__JN233704:98.928571","","IncFIB(K)",98.93,100,"4177","4736","1","560"
"aHCoEKTpfBd4z7hFqkjynA","SAMEA5753744","NODE_80_length_2791_cov_15.342125","NODE_80_length_2791_cov_15.342125:1439..1586:IncFII(K)_1__CP000648:96.657900","","IncFII(K)",97.32,99.32,"1439","1586","1","148"
"rD3YSY9RHtK82EVsqADyd3","SAMEA111505124","NODE_48_length_33431_cov_12.081335","NODE_48_length_33431_cov_12.081335:8522..9081:IncFIB(K)(pCAV1099-114)_1__CP011596:99.642857","","IncFIB(K)(pCAV1099-114)",99.64,100,"8522","9081","1","560"
"rD3YSY9RHtK82EVsqADyd3","SAMEA111505124","NODE_48_length_33431_cov_12.081335","NODE_48_length_33431_cov_12.081335:794..1236:repFIB_pC39_CP061701:97.968397","","repFIB",97.97,100,"794","1236","1","443"
"rD3YSY9RHtK82EVsqADyd3","SAMEA111505124","NODE_56_length_27263_cov_45.745733","NODE_56_length_27263_cov_45.745733:26265..26740:IncN4_1__JQ996149:97.899160","","IncN4",97.9,100,"26265","26740","1","476"
"rD3YSY9RHtK82EVsqADyd3","SAMEA111505124","NODE_72_length_14468_cov_14.421802","NODE_72_length_14468_cov_14.421802:8883..9133:IncR_1__DQ449578:99.601594","","IncR",99.6,100,"8883","9133","1","251"
"rD3YSY9RHtK82EVsqADyd3","SAMEA111505124","NODE_76_length_9776_cov_20.478920","NODE_76_length_9776_cov_20.478920:2653..3039:IncFIA(HI1)_1__AF250878:98.195876","","IncFIA(HI1)",98.45,99.74,"2653","3039","2","388"
"rD3YSY9RHtK82EVsqADyd3","SAMEA111505124","NODE_84_length_7458_cov_10.900718","NODE_84_length_7458_cov_10.900718:3083..3193:Col440I_1__CP023920:93.859649","","Col440I",96.4,97.37,"3083","3193","1","111"
"rD3YSY9RHtK82EVsqADyd3","SAMEA111505124","NODE_106_length_4066_cov_1271.670759","NODE_106_length_4066_cov_1271.670759:2551..2678:Col(pHAD28)_1__KU674895:89.378070","","Col(pHAD28)",91.47,97.71,"2551","2678","1","129"
"rD3YSY9RHtK82EVsqADyd3","SAMEA111505124","NODE_109_length_3793_cov_231.286982","NODE_109_length_3793_cov_231.286982:649..779:Col(pHAD28)_1__KU674895:92.366412","","Col(pHAD28)",92.37,100,"649","779","1","131"
"rD3YSY9RHtK82EVsqADyd3","SAMEA111505124","NODE_110_length_3778_cov_9.673778","NODE_110_length_3778_cov_9.673778:2411..2980:IncHI1B(pNDM-MAR)_1__JN420336:100.000000","","IncHI1B(pNDM-MAR)",100,100,"2411","2980","1","570"
"rD3YSY9RHtK82EVsqADyd3","SAMEA111505124","NODE_119_length_2805_cov_136.661172","NODE_119_length_2805_cov_136.661172:2006..2119:Col440I_1__CP023920:91.228070","","Col440I",91.23,100,"2006","2119","1","114"
"rD3YSY9RHtK82EVsqADyd3","SAMEA111505124","NODE_123_length_2654_cov_2754.706475","NODE_123_length_2654_cov_2754.706475:1..130:Col(pHAD28)_1__KU674895:99.236641","","Col(pHAD28)",100,99.24,"1","130","2","131"
"vwqte6pbD3kh7mfEzLFxWh","SAMN05960964","NODE_21_length_70049_cov_16.053810","NODE_21_length_70049_cov_16.053810:64954..65513:IncFIB(K)_1__JN233704:98.928571","","IncFIB(K)",98.93,100,"64954","65513","1","560"
"vwqte6pbD3kh7mfEzLFxWh","SAMN05960964","NODE_21_length_70049_cov_16.053810","NODE_21_length_70049_cov_16.053810:1753..1900:IncFII(K)_1__CP000648:95.945946","","IncFII(K)",95.95,100,"1753","1900","1","148"
"vwqte6pbD3kh7mfEzLFxWh","SAMN05960964","NODE_39_length_4726_cov_134.355090","NODE_39_length_4726_cov_134.355090:4538..4651:Col440I_1__CP023920:100.000000","","Col440I",100,100,"4538","4651","1","114"
"vwqte6pbD3kh7mfEzLFxWh","SAMN05960964","NODE_41_length_4514_cov_342.405436","NODE_41_length_4514_cov_342.405436:630..911:Col440II_1__CP023921:97.517730","","Col440II",97.52,100,"630","911","1","282"
"vwqte6pbD3kh7mfEzLFxWh","SAMN05960964","NODE_41_length_4514_cov_342.405436","NODE_41_length_4514_cov_342.405436:4348..4478:Col(pHAD28)_1__KU674895:93.129771","","Col(pHAD28)",93.13,100,"4348","4478","1","131"
"vD7DP7MSiKLCFChzFi9k4d","SAMEA115925709","NODE_29_length_41795_cov_18.941635","NODE_29_length_41795_cov_18.941635:9452..10112:IncL_1__JN626286:99.848714","","IncL",99.85,100,"9452","10112","1","661"
"vD7DP7MSiKLCFChzFi9k4d","SAMEA115925709","NODE_31_length_40579_cov_17.741013","NODE_31_length_40579_cov_17.741013:1729..1876:IncFII(K)_1__CP000648:95.945946","","IncFII(K)",95.95,100,"1729","1876","1","148"
"vD7DP7MSiKLCFChzFi9k4d","SAMEA115925709","NODE_49_length_10830_cov_18.906927","NODE_49_length_10830_cov_18.906927:5970..6529:IncFIB(K)_1__JN233704:98.928571","","IncFIB(K)",98.93,100,"5970","6529","1","560"
"vD7DP7MSiKLCFChzFi9k4d","SAMEA115925709","NODE_58_length_4984_cov_266.666735","NODE_58_length_4984_cov_266.666735:64..194:Col(pHAD28)_1__KU674895:91.603053","","Col(pHAD28)",91.6,100,"64","194","1","131"
"vD7DP7MSiKLCFChzFi9k4d","SAMEA115925709","NODE_65_length_4149_cov_581.701276","NODE_65_length_4149_cov_581.701276:3998..4111:Col440I_1__CP023920:92.105263","","Col440I",92.11,100,"3998","4111","1","114"
"vD7DP7MSiKLCFChzFi9k4d","SAMEA115925709","NODE_86_length_2281_cov_695.061650","NODE_86_length_2281_cov_695.061650:39..152:Col440I_1__CP023920:96.491228","","Col440I",96.49,100,"39","152","1","114"
"rws57o7sLQkpt9evDWMvdv","SAMEA5753743","NODE_26_length_62064_cov_20.961607","NODE_26_length_62064_cov_20.961607:51364..51933:IncHI1B(pNDM-MAR)_1__JN420336:99.824561","","IncHI1B(pNDM-MAR)",99.82,100,"51364","51933","1","570"
"rws57o7sLQkpt9evDWMvdv","SAMEA5753743","NODE_34_length_29106_cov_18.349916","NODE_34_length_29106_cov_18.349916:21498..22057:IncFIB(K)(pCAV1099-114)_1__CP011596:99.642857","","IncFIB(K)(pCAV1099-114)",99.64,100,"21498","22057","1","560"
"rws57o7sLQkpt9evDWMvdv","SAMEA5753743","NODE_47_length_4507_cov_22.477995","NODE_47_length_4507_cov_22.477995:1797..1910:Col440I_1__CP023920:96.491228","","Col440I",96.49,100,"1797","1910","1","114"
"rws57o7sLQkpt9evDWMvdv","SAMEA5753743","NODE_53_length_2318_cov_25.322668","NODE_53_length_2318_cov_25.322668:1522..1635:Col440I_1__CP023920:95.614035","","Col440I",95.61,100,"1522","1635","1","114"
"6osF4xvGWgnyHoxMuxoDon","SAMEA6654245","NODE_14_length_62513_cov_6.422694","NODE_14_length_62513_cov_6.422694:47535..47762:IncFII(pKP91)_1__CP000966:94.385798","","IncFII(pKP91)",95.63,98.7,"47535","47762","3","230"
"6osF4xvGWgnyHoxMuxoDon","SAMEA6654245","NODE_21_length_34321_cov_15.309129","NODE_21_length_34321_cov_15.309129:4738..5111:IncX3_1__JN247852:100.000000","","IncX3",100,100,"4738","5111","1","374"
"6osF4xvGWgnyHoxMuxoDon","SAMEA6654245","NODE_27_length_23111_cov_7.727447","NODE_27_length_23111_cov_7.727447:1583..2021:IncFIB(pNDM-Mar)_1__JN420336:99.316629","","IncFIB(pNDM-Mar)",99.32,100,"1583","2021","1","439"
"6osF4xvGWgnyHoxMuxoDon","SAMEA6654245","NODE_36_length_8766_cov_17.080074","NODE_36_length_8766_cov_17.080074:2628..2856:ColKP3_1__JN205800:81.785714","","ColKP3",100,81.79,"2628","2856","1","229"
"6osF4xvGWgnyHoxMuxoDon","SAMEA6654245","NODE_39_length_7395_cov_8.330592","NODE_39_length_7395_cov_8.330592:4401..4960:IncFIB(K)_1__JN233704:99.107143","","IncFIB(K)",99.11,100,"4401","4960","1","560"
"6osF4xvGWgnyHoxMuxoDon","SAMEA6654245","NODE_53_length_1757_cov_6.471049","NODE_53_length_1757_cov_6.471049:94..622:IncQ1_1__M28829:66.457286","","IncQ1",100,66.46,"94","622","1","529"
"kmLw1MA31sJ5vV4LmNnd97","SAMEA111504610","NODE_20_length_84194_cov_22.380033","NODE_20_length_84194_cov_22.380033:51507..52076:IncHI1B(pNDM-MAR)_1__JN420336:99.298246","","IncHI1B(pNDM-MAR)",99.3,100,"51507","52076","1","570"
"kmLw1MA31sJ5vV4LmNnd97","SAMEA111504610","NODE_20_length_84194_cov_22.380033","NODE_20_length_84194_cov_22.380033:69702..70261:repB_KLEB_VIR_AP006726:100.000000","","repB",100,100,"69702","70261","1","560"
"kmLw1MA31sJ5vV4LmNnd97","SAMEA111504610","NODE_32_length_4938_cov_555.754061","NODE_32_length_4938_cov_555.754061:2002..2115:Col440I_1__CP023920:95.614035","","Col440I",95.61,100,"2002","2115","1","114"
"kYpJkJhU9K19EBkXL3AknW","SAMEA7472472","NODE_42_length_24682_cov_6.775211","NODE_42_length_24682_cov_6.775211:1421..1859:IncFIB(pNDM-Mar)_1__JN420336:100.000000","","IncFIB(pNDM-Mar)",100,100,"1421","1859","1","439"
"kYpJkJhU9K19EBkXL3AknW","SAMEA7472472","NODE_48_length_13652_cov_6.056002","NODE_48_length_13652_cov_6.056002:4176..4735:IncFIB(K)_1__JN233704:100.000000","","IncFIB(K)",100,100,"4176","4735","1","560"
"kYpJkJhU9K19EBkXL3AknW","SAMEA7472472","NODE_54_length_10771_cov_5.749906","NODE_54_length_10771_cov_5.749906:5199..5449:IncR_1__DQ449578:100.000000","","IncR",100,100,"5199","5449","1","251"
"kYpJkJhU9K19EBkXL3AknW","SAMEA7472472","NODE_59_length_6763_cov_6.834784","NODE_59_length_6763_cov_6.834784:2448..3017:IncHI1B(pNDM-MAR)_1__JN420336:100.000000","","IncHI1B(pNDM-MAR)",100,100,"2448","3017","1","570"
"kYpJkJhU9K19EBkXL3AknW","SAMEA7472472","NODE_74_length_4505_cov_3.951884","NODE_74_length_4505_cov_3.951884:1779..1926:IncFII(K)_1__CP000648:97.297297","","IncFII(K)",97.3,100,"1779","1926","1","148"
"kYpJkJhU9K19EBkXL3AknW","SAMEA7472472","NODE_82_length_3317_cov_464.631137","NODE_82_length_3317_cov_464.631137:24..154:Col(pHAD28)_1__KU674895:92.366412","","Col(pHAD28)",92.37,100,"24","154","1","131"
"nanSgc31C6YiaJwjhG7znD","SAMEA6155802","NODE_41_length_26396_cov_9.478572","NODE_41_length_26396_cov_9.478572:8686..9123:RepB_1_pC39_CP061702.1:99.543379","","RepB",99.54,100,"8686","9123","1","438"
"nanSgc31C6YiaJwjhG7znD","SAMEA6155802","NODE_48_length_17110_cov_14.885133","NODE_48_length_17110_cov_14.885133:4014..4636:repB(R1701)_1__CP039970:98.876404","","repB(R1701)",98.88,100,"4014","4636","1","623"
"nanSgc31C6YiaJwjhG7znD","SAMEA6155802","NODE_55_length_8797_cov_8.567109","NODE_55_length_8797_cov_8.567109:4917..5476:IncFIB(K)(pCAV1099-114)_1__CP011596:100.000000","","IncFIB(K)(pCAV1099-114)",100,100,"4917","5476","1","560"
"nanSgc31C6YiaJwjhG7znD","SAMEA6155802","NODE_64_length_2610_cov_72.218638","NODE_64_length_2610_cov_72.218638:1101..1210:Col440I_1__CP023920:88.596491","","Col440I",91.82,96.49,"1101","1210","1","110"
"nanSgc31C6YiaJwjhG7znD","SAMEA6155802","NODE_65_length_2607_cov_44.365630","NODE_65_length_2607_cov_44.365630:1457..1570:Col440I_1__CP023920:95.614035","","Col440I",95.61,100,"1457","1570","1","114"
"nanSgc31C6YiaJwjhG7znD","SAMEA6155802","NODE_68_length_1557_cov_11.946256","NODE_68_length_1557_cov_11.946256:394..780:IncFIA(HI1)_1__AF250878:98.195876","","IncFIA(HI1)",98.45,99.74,"394","780","2","388"
"dWYEoHDKeqzX8wfTZUcQgU","SAMEA5753709","NODE_34_length_25801_cov_23.647576","NODE_34_length_25801_cov_23.647576:3408..3967:IncFIB(K)(pCAV1099-114)_1__CP011596:99.642857","","IncFIB(K)(pCAV1099-114)",99.64,100,"3408","3967","1","560"
"dWYEoHDKeqzX8wfTZUcQgU","SAMEA5753709","NODE_40_length_17879_cov_23.522385","NODE_40_length_17879_cov_23.522385:11915..12352:RepB_1_pC39_CP061702.1:99.543379","","RepB",99.54,100,"11915","12352","1","438"
"dWYEoHDKeqzX8wfTZUcQgU","SAMEA5753709","NODE_42_length_13612_cov_21.466662","NODE_42_length_13612_cov_21.466662:11836..12278:repFIB_pC39_CP061701:97.968397","","repFIB",97.97,100,"11836","12278","1","443"
"oDFqoJXXZ81zPqaoNhVE5T","SAMEA6654246","NODE_12_length_78989_cov_18.232374","NODE_12_length_78989_cov_18.232374:30854..31081:IncFII(pKP91)_1__CP000966:94.385798","","IncFII(pKP91)",95.63,98.7,"30854","31081","3","230"
"oDFqoJXXZ81zPqaoNhVE5T","SAMEA6654246","NODE_15_length_52496_cov_20.783900","NODE_15_length_52496_cov_20.783900:21324..21762:IncFIB(pNDM-Mar)_1__JN420336:99.316629","","IncFIB(pNDM-Mar)",99.32,100,"21324","21762","1","439"
"oDFqoJXXZ81zPqaoNhVE5T","SAMEA6654246","NODE_20_length_34321_cov_27.357051","NODE_20_length_34321_cov_27.357051:29211..29584:IncX3_1__JN247852:100.000000","","IncX3",100,100,"29211","29584","1","374"
"oDFqoJXXZ81zPqaoNhVE5T","SAMEA6654246","NODE_29_length_8766_cov_29.455521","NODE_29_length_8766_cov_29.455521:2628..2856:ColKP3_1__JN205800:81.785714","","ColKP3",100,81.79,"2628","2856","1","229"
"oDFqoJXXZ81zPqaoNhVE5T","SAMEA6654246","NODE_32_length_7395_cov_19.807703","NODE_32_length_7395_cov_19.807703:2436..2995:IncFIB(K)_1__JN233704:99.107143","","IncFIB(K)",99.11,100,"2436","2995","1","560"
"oDFqoJXXZ81zPqaoNhVE5T","SAMEA6654246","NODE_41_length_2255_cov_18.266234","NODE_41_length_2255_cov_18.266234:93..621:IncQ1_1__M28829:66.457286","","IncQ1",100,66.46,"93","621","1","529"
"38EhiTUsV53CgpEmxhMfb3","SAMEA5753740","NODE_24_length_68047_cov_23.461250","NODE_24_length_68047_cov_23.461250:3407..3966:repB_KLEB_VIR_AP006726:99.821429","","repB",99.82,100,"3407","3966","1","560"
"38EhiTUsV53CgpEmxhMfb3","SAMEA5753740","NODE_64_length_7076_cov_4.406192","NODE_64_length_7076_cov_4.406192:6089..6658:IncHI1B(pNDM-MAR)_1__JN420336:99.122807","","IncHI1B(pNDM-MAR)",99.12,100,"6089","6658","1","570"
"g81Vzmtwb5xGbWJGsihxa8","SAMEA5753427","NODE_26_length_58719_cov_16.011105","NODE_26_length_58719_cov_16.011105:56820..56967:IncFII(K)_1__CP000648:95.945946","","IncFII(K)",95.95,100,"56820","56967","1","148"
"g81Vzmtwb5xGbWJGsihxa8","SAMEA5753427","NODE_38_length_19232_cov_9.791146","NODE_38_length_19232_cov_9.791146:14557..15116:IncFIB(K)_1__JN233704:98.928571","","IncFIB(K)",98.93,100,"14557","15116","1","560"
"g81Vzmtwb5xGbWJGsihxa8","SAMEA5753427","NODE_53_length_4022_cov_28.381596","NODE_53_length_4022_cov_28.381596:3881..4011:Col(pHAD28)_1__KU674895:91.603053","","Col(pHAD28)",91.6,100,"3881","4011","1","131"
"wKyxRrzd6s8XXDwpq4f6Ue","SAMEA5753776","NODE_52_length_11234_cov_11.023168","NODE_52_length_11234_cov_11.023168:6134..6693:IncFIB(K)_1__JN233704:98.928571","","IncFIB(K)",98.93,100,"6134","6693","1","560"
"wKyxRrzd6s8XXDwpq4f6Ue","SAMEA5753776","NODE_60_length_3370_cov_33.513604","NODE_60_length_3370_cov_33.513604:176..306:Col(pHAD28)_1__KU674895:90.076336","","Col(pHAD28)",90.08,100,"176","306","1","131"
"5HDYNgA78QsL5YqK9KNQfa","SAMEA6654234","NODE_23_length_45763_cov_7.598248","NODE_23_length_45763_cov_7.598248:30500..30938:IncFIB(pNDM-Mar)_1__JN420336:99.316629","","IncFIB(pNDM-Mar)",99.32,100,"30500","30938","1","439"
"5HDYNgA78QsL5YqK9KNQfa","SAMEA6654234","NODE_38_length_11512_cov_9.973188","NODE_38_length_11512_cov_9.973188:6402..6775:IncX3_1__JN247852:100.000000","","IncX3",100,100,"6402","6775","1","374"
"5HDYNgA78QsL5YqK9KNQfa","SAMEA6654234","NODE_42_length_8766_cov_13.056075","NODE_42_length_8766_cov_13.056075:5911..6139:ColKP3_1__JN205800:81.785714","","ColKP3",100,81.79,"5911","6139","1","229"
"5HDYNgA78QsL5YqK9KNQfa","SAMEA6654234","NODE_43_length_4582_cov_7.277716","NODE_43_length_4582_cov_7.277716:94..622:IncQ1_1__M28829:66.457286","","IncQ1",100,66.46,"94","622","1","529"
"wozRdyq36eTDcd11qo7qFd","SAMEA5753717","NODE_32_length_51875_cov_27.397675","NODE_32_length_51875_cov_27.397675:32119..32266:IncFII(K)_1__CP000648:99.324324","","IncFII(K)",99.32,100,"32119","32266","1","148"
"wozRdyq36eTDcd11qo7qFd","SAMEA5753717","NODE_47_length_9185_cov_21.590689","NODE_47_length_9185_cov_21.590689:5203..5762:IncFIB(K)_1__JN233704:98.750000","","IncFIB(K)",98.75,100,"5203","5762","1","560"
"jTfSN5GgDbYyf6cCjXrfc9","SAMEA6155804","NODE_15_length_73407_cov_15.775141","NODE_15_length_73407_cov_15.775141:64884..65443:IncFIB(K)_1__JN233704:100.000000","","IncFIB(K)",100,100,"64884","65443","1","560"
"jTfSN5GgDbYyf6cCjXrfc9","SAMEA6155804","NODE_16_length_70276_cov_16.292119","NODE_16_length_70276_cov_16.292119:42216..42363:IncFII(K)_1__CP000648:100.000000","","IncFII(K)",100,100,"42216","42363","1","148"
"jTfSN5GgDbYyf6cCjXrfc9","SAMEA6155804","NODE_22_length_36258_cov_23.393678","NODE_22_length_36258_cov_23.393678:4738..5111:IncX3_1__JN247852:100.000000","","IncX3",100,100,"4738","5111","1","374"
"jTfSN5GgDbYyf6cCjXrfc9","SAMEA6155804","NODE_31_length_6203_cov_59.279161","NODE_31_length_6203_cov_59.279161:127..239:Col440I_1__CP023920:91.297322","","Col440I",92.11,99.12,"127","239","1","114"
"jTfSN5GgDbYyf6cCjXrfc9","SAMEA6155804","NODE_37_length_3681_cov_71.520938","NODE_37_length_3681_cov_71.520938:88..218:Col(pHAD28)_1__KU674895:93.129771","","Col(pHAD28)",93.13,100,"88","218","1","131"
"jTfSN5GgDbYyf6cCjXrfc9","SAMEA6155804","NODE_39_length_2954_cov_49.042032","NODE_39_length_2954_cov_49.042032:2667..2797:Col(pHAD28)_1__KU674895:92.366412","","Col(pHAD28)",92.37,100,"2667","2797","1","131"
"vc96La2inKC8EGjWVdn1JA","SAMN05960953","NODE_23_length_84946_cov_23.410233","NODE_23_length_84946_cov_23.410233:23867..24014:IncFII(K)_1__CP000648:97.297297","","IncFII(K)",97.3,100,"23867","24014","1","148"
"vc96La2inKC8EGjWVdn1JA","SAMN05960953","NODE_49_length_10838_cov_23.621194","NODE_49_length_10838_cov_23.621194:2699..3258:IncFIB(K)_1__JN233704:100.000000","","IncFIB(K)",100,100,"2699","3258","1","560"
"vc96La2inKC8EGjWVdn1JA","SAMN05960953","NODE_54_length_5350_cov_416.644449","NODE_54_length_5350_cov_416.644449:3841..4122:Col440II_1__CP023921:100.000000","","Col440II",100,100,"3841","4122","1","282"
"vc96La2inKC8EGjWVdn1JA","SAMN05960953","NODE_54_length_5350_cov_416.644449","NODE_54_length_5350_cov_416.644449:4699..4829:Col(pHAD28)_1__KU674895:92.366412","","Col(pHAD28)",92.37,100,"4699","4829","1","131"
"vc96La2inKC8EGjWVdn1JA","SAMN05960953","NODE_56_length_4445_cov_342.733778","NODE_56_length_4445_cov_342.733778:928..1058:Col(pHAD28)_1__KU674895:92.366412","","Col(pHAD28)",92.37,100,"928","1058","1","131"
"gYuyXa9wDFdJ7wYo5JU7W7","SAMN46427850","NODE_25_length_42500_cov_9.253319","NODE_25_length_42500_cov_9.253319:8547..9106:IncFIB(K)(pCAV1099-114)_1__CP011596:99.642857","","IncFIB(K)(pCAV1099-114)",99.64,100,"8547","9106","1","560"
"gYuyXa9wDFdJ7wYo5JU7W7","SAMN46427850","NODE_25_length_42500_cov_9.253319","NODE_25_length_42500_cov_9.253319:819..1261:repFIB_pC39_CP061701:97.968397","","repFIB",97.97,100,"819","1261","1","443"
"gYuyXa9wDFdJ7wYo5JU7W7","SAMN46427850","NODE_39_length_10065_cov_10.475416","NODE_39_length_10065_cov_10.475416:2421..2568:IncFII(K)_1__CP000648:99.324324","","IncFII(K)",99.32,100,"2421","2568","1","148"
"gYuyXa9wDFdJ7wYo5JU7W7","SAMN46427850","NODE_61_length_1830_cov_9.391103","NODE_61_length_1830_cov_9.391103:842..1411:IncHI1B(pNDM-MAR)_1__JN420336:100.000000","","IncHI1B(pNDM-MAR)",100,100,"842","1411","1","570"
"rH4HKQKMAjf9Xmi4wyu5E7","SAMEA5753745","NODE_37_length_4727_cov_23.978392","NODE_37_length_4727_cov_23.978392:4199..4329:Col(pHAD28)_1__KU674895:94.656489","","Col(pHAD28)",94.66,100,"4199","4329","1","131"
"hS3E85jgMkxLjxWH5aZooS","SAMEA6155861","NODE_17_length_69874_cov_6.622945","NODE_17_length_69874_cov_6.622945:4177..4736:IncFIB(K)_1__JN233704:98.928571","","IncFIB(K)",98.93,100,"4177","4736","1","560"
"hS3E85jgMkxLjxWH5aZooS","SAMEA6155861","NODE_17_length_69874_cov_6.622945","NODE_17_length_69874_cov_6.622945:67975..68122:IncFII(K)_1__CP000648:95.945946","","IncFII(K)",95.95,100,"67975","68122","1","148"
"hS3E85jgMkxLjxWH5aZooS","SAMEA6155861","NODE_22_length_29627_cov_8.731103","NODE_22_length_29627_cov_8.731103:20124..20374:IncR_1__DQ449578:100.000000","","IncR",100,100,"20124","20374","1","251"
"xjLQK2fYg9Ukdtozg4Sp7F","SAMEA5753316","NODE_56_length_6486_cov_20.084390","NODE_56_length_6486_cov_20.084390:3408..3967:IncFIB(K)_1__JN233704:99.107143","","IncFIB(K)",99.11,100,"3408","3967","1","560"
"3AYPL1eoPCAFhjikjJtcNG","SAMEA5753393","NODE_30_length_30916_cov_13.396859","NODE_30_length_30916_cov_13.396859:6211..6770:IncFIB(K)_1__JN233704:98.928571","","IncFIB(K)",98.93,100,"6211","6770","1","560"
"3AYPL1eoPCAFhjikjJtcNG","SAMEA5753393","NODE_35_length_24436_cov_19.298640","NODE_35_length_24436_cov_19.298640:585..835:IncR_1__DQ449578:100.000000","","IncR",100,100,"585","835","1","251"
"3AYPL1eoPCAFhjikjJtcNG","SAMEA5753393","NODE_48_length_4357_cov_55.770784","NODE_48_length_4357_cov_55.770784:440..553:Col440I_1__CP023920:95.614035","","Col440I",95.61,100,"440","553","1","114"
"8ybhuB6zFo6L8KJnHV6bzJ","SAMEA7472487","NODE_102_length_6296_cov_142.258835","NODE_102_length_6296_cov_142.258835:4068..4180:Col440I_1__CP023920:91.297322","","Col440I",92.11,99.12,"4068","4180","1","114"
"8ybhuB6zFo6L8KJnHV6bzJ","SAMEA7472487","NODE_111_length_5661_cov_115.724919","NODE_111_length_5661_cov_115.724919:732..862:Col(pHAD28)_1__KU674895:92.366412","","Col(pHAD28)",92.37,100,"732","862","1","131"
"5DPLDNgVqAUYMxUBNnpX8d","SAMEA7472498","NODE_38_length_19263_cov_12.746347","NODE_38_length_19263_cov_12.746347:13815..14065:IncR_1__DQ449578:100.000000","","IncR",100,100,"13815","14065","1","251"
"5DPLDNgVqAUYMxUBNnpX8d","SAMEA7472498","NODE_55_length_5117_cov_14.695695","NODE_55_length_5117_cov_14.695695:4399..4837:IncFIB(pNDM-Mar)_1__JN420336:100.000000","","IncFIB(pNDM-Mar)",100,100,"4399","4837","1","439"
"5DPLDNgVqAUYMxUBNnpX8d","SAMEA7472498","NODE_58_length_4100_cov_262.032742","NODE_58_length_4100_cov_262.032742:3287..3417:Col(pHAD28)_1__KU674895:92.366412","","Col(pHAD28)",92.37,100,"3287","3417","1","131"
"5DPLDNgVqAUYMxUBNnpX8d","SAMEA7472498","NODE_59_length_4090_cov_295.124781","NODE_59_length_4090_cov_295.124781:431..558:Col(pHAD28)_1__KU674895:89.378070","","Col(pHAD28)",91.47,97.71,"431","558","1","129"
"5DPLDNgVqAUYMxUBNnpX8d","SAMEA7472498","NODE_61_length_3744_cov_152.053772","NODE_61_length_3744_cov_152.053772:2045..2175:Col(pHAD28)_1__KU674895:92.366412","","Col(pHAD28)",92.37,100,"2045","2175","1","131"
"5DPLDNgVqAUYMxUBNnpX8d","SAMEA7472498","NODE_72_length_2097_cov_15.376877","NODE_72_length_2097_cov_15.376877:695..1264:IncHI1B(pNDM-MAR)_1__JN420336:100.000000","","IncHI1B(pNDM-MAR)",100,100,"695","1264","1","570"
"5DPLDNgVqAUYMxUBNnpX8d","SAMEA7472498","NODE_73_length_2093_cov_280.801906","NODE_73_length_2093_cov_280.801906:1940..2070:Col(pHAD28)_1__KU674895:93.129771","","Col(pHAD28)",93.13,100,"1940","2070","1","131"
"dsDG3ZSWiJrxk62Cu9pfMV","SAMEA115925711","NODE_12_length_204343_cov_19.285057","NODE_12_length_204343_cov_19.285057:13784..14353:IncHI1B(pNDM-MAR)_1__JN420336:100.000000","","IncHI1B(pNDM-MAR)",100,100,"13784","14353","1","570"
"dsDG3ZSWiJrxk62Cu9pfMV","SAMEA115925711","NODE_12_length_204343_cov_19.285057","NODE_12_length_204343_cov_19.285057:124252..124690:IncFIB(pNDM-Mar)_1__JN420336:100.000000","","IncFIB(pNDM-Mar)",100,100,"124252","124690","1","439"
"dsDG3ZSWiJrxk62Cu9pfMV","SAMEA115925711","NODE_23_length_43866_cov_15.382362","NODE_23_length_43866_cov_15.382362:41991..42138:IncFII(K)_1__CP000648:95.945946","","IncFII(K)",95.95,100,"41991","42138","1","148"
"dsDG3ZSWiJrxk62Cu9pfMV","SAMEA115925711","NODE_25_length_34229_cov_15.535194","NODE_25_length_34229_cov_15.535194:12741..13300:IncFIB(K)_1__JN233704:98.928571","","IncFIB(K)",98.93,100,"12741","13300","1","560"
"dsDG3ZSWiJrxk62Cu9pfMV","SAMEA115925711","NODE_34_length_3761_cov_570.217309","NODE_34_length_3761_cov_570.217309:2648..2778:Col(pHAD28)_1__KU674895:94.656489","","Col(pHAD28)",94.66,100,"2648","2778","1","131"
"9WgXfV9ohbX114RJ1XEZYn","SAMEA6156049","NODE_23_length_25391_cov_9.924917","NODE_23_length_25391_cov_9.924917:17992..18551:IncFIB(K)_1__JN233704:99.107143","","IncFIB(K)",99.11,100,"17992","18551","1","560"
"9WgXfV9ohbX114RJ1XEZYn","SAMEA6156049","NODE_24_length_24995_cov_6.220758","NODE_24_length_24995_cov_6.220758:15931..16160:IncFII(pKP91)_1__CP000966:100.000000","","IncFII(pKP91)",100,100,"15931","16160","1","230"
"9WgXfV9ohbX114RJ1XEZYn","SAMEA6156049","NODE_25_length_18742_cov_9.400848","NODE_25_length_18742_cov_9.400848:12019..12246:IncFII(pKP91)_1__CP000966:94.385798","","IncFII(pKP91)",95.63,98.7,"12019","12246","3","230"
"9WgXfV9ohbX114RJ1XEZYn","SAMEA6156049","NODE_32_length_14597_cov_5.984757","NODE_32_length_14597_cov_5.984757:8774..9024:IncR_1__DQ449578:99.601594","","IncR",99.6,100,"8774","9024","1","251"
"mK9drvor3FCJz3m45cgZ9F","SAMEA111504599","NODE_18_length_99836_cov_14.892888","NODE_18_length_99836_cov_14.892888:483..1052:IncHI1B(pNDM-MAR)_1__JN420336:99.298246","","IncHI1B(pNDM-MAR)",99.3,100,"483","1052","1","570"
"mK9drvor3FCJz3m45cgZ9F","SAMEA111504599","NODE_31_length_30025_cov_15.653178","NODE_31_length_30025_cov_15.653178:17376..17935:repB_KLEB_VIR_AP006726:100.000000","","repB",100,100,"17376","17935","1","560"
"1dD6dr1Xx318F5sMym8mPK","SAMEA6155841","NODE_11_length_125149_cov_7.605222","NODE_11_length_125149_cov_7.605222:14623..15039:IncC_1__JN157804:100.000000","","IncC",100,100,"14623","15039","1","417"
"1dD6dr1Xx318F5sMym8mPK","SAMEA6155841","NODE_18_length_69652_cov_6.778370","NODE_18_length_69652_cov_6.778370:4126..4685:IncFIB(K)_1__JN233704:98.928571","","IncFIB(K)",98.93,100,"4126","4685","1","560"
"1dD6dr1Xx318F5sMym8mPK","SAMEA6155841","NODE_18_length_69652_cov_6.778370","NODE_18_length_69652_cov_6.778370:67753..67900:IncFII(K)_1__CP000648:95.945946","","IncFII(K)",95.95,100,"67753","67900","1","148"
"1dD6dr1Xx318F5sMym8mPK","SAMEA6155841","NODE_32_length_4266_cov_49.694264","NODE_32_length_4266_cov_49.694264:907..1037:Col(pHAD28)_1__KU674895:92.366412","","Col(pHAD28)",92.37,100,"907","1037","1","131"
"c7BPuXQTy5V3bPRc263poc","SAMEA6155775","NODE_14_length_151142_cov_8.652768","NODE_14_length_151142_cov_8.652768:62917..63476:IncFIB(K)_1__JN233704:98.928571","","IncFIB(K)",98.93,100,"62917","63476","1","560"
"c7BPuXQTy5V3bPRc263poc","SAMEA6155775","NODE_17_length_115420_cov_8.939811","NODE_17_length_115420_cov_8.939811:85521..85959:IncFIB(pNDM-Mar)_1__JN420336:99.544419","","IncFIB(pNDM-Mar)",99.54,100,"85521","85959","1","439"
"c7BPuXQTy5V3bPRc263poc","SAMEA6155775","NODE_20_length_82176_cov_8.394812","NODE_20_length_82176_cov_8.394812:78891..79460:IncHI1B(pNDM-MAR)_1__JN420336:99.649123","","IncHI1B(pNDM-MAR)",99.65,100,"78891","79460","1","570"
"c7BPuXQTy5V3bPRc263poc","SAMEA6155775","NODE_36_length_4090_cov_71.800802","NODE_36_length_4090_cov_71.800802:2762..2889:Col(pHAD28)_1__KU674895:89.378070","","Col(pHAD28)",91.47,97.71,"2762","2889","1","129"
"eMHFZzFv6jFJNsLQGdPAph","SAMEA6422742","NODE_18_length_78081_cov_27.427240","NODE_18_length_78081_cov_27.427240:12569..13128:IncFIB(K)_1__JN233704:98.928571","","IncFIB(K)",98.93,100,"12569","13128","1","560"
"eMHFZzFv6jFJNsLQGdPAph","SAMEA6422742","NODE_18_length_78081_cov_27.427240","NODE_18_length_78081_cov_27.427240:76182..76329:IncFII(K)_1__CP000648:95.945946","","IncFII(K)",95.95,100,"76182","76329","1","148"
"eMHFZzFv6jFJNsLQGdPAph","SAMEA6422742","NODE_30_length_5350_cov_271.174633","NODE_30_length_5350_cov_271.174633:2961..3242:Col440II_1__CP023921:100.000000","","Col440II",100,100,"2961","3242","1","282"
"eMHFZzFv6jFJNsLQGdPAph","SAMEA6422742","NODE_30_length_5350_cov_271.174633","NODE_30_length_5350_cov_271.174633:3819..3949:Col(pHAD28)_1__KU674895:92.366412","","Col(pHAD28)",92.37,100,"3819","3949","1","131"
"vMANRNokQGFTwxTbb1sDjg","SAMEA6155848","NODE_15_length_122379_cov_7.990047","NODE_15_length_122379_cov_7.990047:107341..107757:IncC_1__JN157804:100.000000","","IncC",100,100,"107341","107757","1","417"
"vMANRNokQGFTwxTbb1sDjg","SAMEA6155848","NODE_26_length_44015_cov_5.927111","NODE_26_length_44015_cov_5.927111:42116..42263:IncFII(K)_1__CP000648:95.945946","","IncFII(K)",95.95,100,"42116","42263","1","148"
"vMANRNokQGFTwxTbb1sDjg","SAMEA6155848","NODE_32_length_25472_cov_6.423048","NODE_32_length_25472_cov_6.423048:20788..21347:IncFIB(K)_1__JN233704:98.928571","","IncFIB(K)",98.93,100,"20788","21347","1","560"
"vMANRNokQGFTwxTbb1sDjg","SAMEA6155848","NODE_39_length_4266_cov_63.847612","NODE_39_length_4266_cov_63.847612:1075..1205:Col(pHAD28)_1__KU674895:92.366412","","Col(pHAD28)",92.37,100,"1075","1205","1","131"
"tKWU41iH2r9hDFNqMo9xbA","SAMEA7472416","NODE_26_length_35115_cov_15.095728","NODE_26_length_35115_cov_15.095728:8546..9105:IncFIB(K)(pCAV1099-114)_1__CP011596:99.642857","","IncFIB(K)(pCAV1099-114)",99.64,100,"8546","9105","1","560"
"tKWU41iH2r9hDFNqMo9xbA","SAMEA7472416","NODE_26_length_35115_cov_15.095728","NODE_26_length_35115_cov_15.095728:818..1260:repFIB_pC39_CP061701:97.968397","","repFIB",97.97,100,"818","1260","1","443"
"2y22DkeAoh6baAXP63VZ73","SAMEA6654215","NODE_35_length_11733_cov_22.952037","NODE_35_length_11733_cov_22.952037:5272..5831:IncFIB(K)(pCAV1099-114)_1__CP011596:100.000000","","IncFIB(K)(pCAV1099-114)",100,100,"5272","5831","1","560"
"2y22DkeAoh6baAXP63VZ73","SAMEA6654215","NODE_45_length_4266_cov_1684.144708","NODE_45_length_4266_cov_1684.144708:393..523:Col(pHAD28)_1__KU674895:92.366412","","Col(pHAD28)",92.37,100,"393","523","1","131"
"2y22DkeAoh6baAXP63VZ73","SAMEA6654215","NODE_47_length_3866_cov_1210.305283","NODE_47_length_3866_cov_1210.305283:120..250:Col(pHAD28)_1__KU674895:92.366412","","Col(pHAD28)",92.37,100,"120","250","1","131"
"a6jMNgedDsnr896tvEX8rG","SAMEA6155884","NODE_18_length_58519_cov_6.319291","NODE_18_length_58519_cov_6.319291:1753..1900:IncFII(K)_1__CP000648:95.945946","","IncFII(K)",95.95,100,"1753","1900","1","148"
"a6jMNgedDsnr896tvEX8rG","SAMEA6155884","NODE_27_length_10762_cov_6.583326","NODE_27_length_10762_cov_6.583326:6078..6637:IncFIB(K)_1__JN233704:98.928571","","IncFIB(K)",98.93,100,"6078","6637","1","560"
"a6jMNgedDsnr896tvEX8rG","SAMEA6155884","NODE_34_length_4090_cov_48.878978","NODE_34_length_4090_cov_48.878978:3763..3890:Col(pHAD28)_1__KU674895:89.378070","","Col(pHAD28)",91.47,97.71,"3763","3890","1","129"
"js2XkEcLLtJFqcTM647gMS","SAMN05960910","NODE_17_length_78144_cov_27.612723","NODE_17_length_78144_cov_27.612723:64954..65513:IncFIB(K)_1__JN233704:98.928571","","IncFIB(K)",98.93,100,"64954","65513","1","560"
"js2XkEcLLtJFqcTM647gMS","SAMN05960910","NODE_17_length_78144_cov_27.612723","NODE_17_length_78144_cov_27.612723:1753..1900:IncFII(K)_1__CP000648:95.945946","","IncFII(K)",95.95,100,"1753","1900","1","148"
"dY98fxa1J8N6hj2A3dZSW1","SAMEA6155849","NODE_16_length_111581_cov_3.906021","NODE_16_length_111581_cov_3.906021:25464..26023:IncFIB(pKPHS1)_1__CP003223:95.892857","","IncFIB(pKPHS1)",95.89,100,"25464","26023","1","560"
"dY98fxa1J8N6hj2A3dZSW1","SAMEA6155849","NODE_20_length_53417_cov_9.028940","NODE_20_length_53417_cov_9.028940:11852..12079:IncFII(pKP91)_1__CP000966:94.385798","","IncFII(pKP91)",95.63,98.7,"11852","12079","3","230"
"dY98fxa1J8N6hj2A3dZSW1","SAMEA6155849","NODE_23_length_27752_cov_10.343905","NODE_23_length_27752_cov_10.343905:6513..7072:IncFIB(K)_1__JN233704:99.107143","","IncFIB(K)",99.11,100,"6513","7072","1","560"
"dY98fxa1J8N6hj2A3dZSW1","SAMEA6155849","NODE_38_length_2157_cov_111.971817","NODE_38_length_2157_cov_111.971817:618..810:ColpVC_1__JX133088:98.445596","","ColpVC",98.45,100,"618","810","1","193"
"i9Zyqzf9zeWVTVeChLW2gK","SAMEA6155846","NODE_7_length_294572_cov_16.033562","NODE_7_length_294572_cov_16.033562:275969..276528:IncFIB(pKPHS1)_1__CP003223:95.357143","","IncFIB(pKPHS1)",95.36,100,"275969","276528","1","560"
"i9Zyqzf9zeWVTVeChLW2gK","SAMEA6155846","NODE_24_length_20986_cov_9.287547","NODE_24_length_20986_cov_9.287547:17850..18419:IncHI1B(pNDM-MAR)_1__JN420336:100.000000","","IncHI1B(pNDM-MAR)",100,100,"17850","18419","1","570"
"i9Zyqzf9zeWVTVeChLW2gK","SAMEA6155846","NODE_29_length_7447_cov_8.547088","NODE_29_length_7447_cov_8.547088:3316..3875:IncFIB(K)(pCAV1099-114)_1__CP011596:99.642857","","IncFIB(K)(pCAV1099-114)",99.64,100,"3316","3875","1","560"
"i9Zyqzf9zeWVTVeChLW2gK","SAMEA6155846","NODE_31_length_5454_cov_9.896359","NODE_31_length_5454_cov_9.896359:3678..4120:repFIB_pC39_CP061701:97.968397","","repFIB",97.97,100,"3678","4120","1","443"
"r3dEtv2UKyaUSEhVKQAE3a","SAMN05960969","NODE_16_length_85743_cov_20.350229","NODE_16_length_85743_cov_20.350229:33433..33992:IncFIB(pKPHS1)_1__CP003223:95.357143","","IncFIB(pKPHS1)",95.36,100,"33433","33992","1","560"
"r3dEtv2UKyaUSEhVKQAE3a","SAMN05960969","NODE_24_length_27265_cov_23.629242","NODE_24_length_27265_cov_23.629242:22582..23141:IncFIB(K)_1__JN233704:100.000000","","IncFIB(K)",100,100,"22582","23141","1","560"
"r3dEtv2UKyaUSEhVKQAE3a","SAMN05960969","NODE_26_length_23248_cov_24.791308","NODE_26_length_23248_cov_24.791308:14191..14338:IncFII(K)_1__CP000648:97.297297","","IncFII(K)",97.3,100,"14191","14338","1","148"
"r3dEtv2UKyaUSEhVKQAE3a","SAMN05960969","NODE_28_length_8722_cov_42.874174","NODE_28_length_8722_cov_42.874174:5230..5480:IncR_1__DQ449578:100.000000","","IncR",100,100,"5230","5480","1","251"
"r3dEtv2UKyaUSEhVKQAE3a","SAMN05960969","NODE_30_length_6178_cov_381.460931","NODE_30_length_6178_cov_381.460931:1249..1379:Col(pHAD28)_1__KU674895:92.366412","","Col(pHAD28)",92.37,100,"1249","1379","1","131"
"r3dEtv2UKyaUSEhVKQAE3a","SAMN05960969","NODE_31_length_6133_cov_38.114021","NODE_31_length_6133_cov_38.114021:3118..3740:repB(R1701)_1__CP039970:99.197432","","repB(R1701)",99.2,100,"3118","3740","1","623"
"r3dEtv2UKyaUSEhVKQAE3a","SAMN05960969","NODE_32_length_5760_cov_40.999823","NODE_32_length_5760_cov_40.999823:4937..5323:IncFIA(HI1)_1__AF250878:98.195876","","IncFIA(HI1)",98.45,99.74,"4937","5323","2","388"
"r3dEtv2UKyaUSEhVKQAE3a","SAMN05960969","NODE_36_length_4119_cov_236.053980","NODE_36_length_4119_cov_236.053980:2450..2563:Col440I_1__CP023920:96.491228","","Col440I",96.49,100,"2450","2563","1","114"
"avsR3aoHWpKrxHtbuQJNE3","SAMN31892432","NODE_24_length_84557_cov_39.047241","NODE_24_length_84557_cov_39.047241:32482..33051:IncHI1B(pNDM-MAR)_1__JN420336:99.298246","","IncHI1B(pNDM-MAR)",99.3,100,"32482","33051","1","570"
"avsR3aoHWpKrxHtbuQJNE3","SAMN31892432","NODE_24_length_84557_cov_39.047241","NODE_24_length_84557_cov_39.047241:13944..14503:repB_KLEB_VIR_AP006726:100.000000","","repB",100,100,"13944","14503","1","560"
"fkfw6v8V5L9fpaVQcDcdgq","SAMN05960911","NODE_16_length_110243_cov_11.928593","NODE_16_length_110243_cov_11.928593:44838..45397:IncFIB(pKPHS1)_1__CP003223:98.750000","","IncFIB(pKPHS1)",98.75,100,"44838","45397","1","560"
"fkfw6v8V5L9fpaVQcDcdgq","SAMN05960911","NODE_23_length_53901_cov_14.104494","NODE_23_length_53901_cov_14.104494:43763..44013:IncR_1__DQ449578:99.601594","","IncR",99.6,100,"43763","44013","1","251"
"fkfw6v8V5L9fpaVQcDcdgq","SAMN05960911","NODE_23_length_53901_cov_14.104494","NODE_23_length_53901_cov_14.104494:23884..24031:IncFII(K)_1__CP000648:97.297297","","IncFII(K)",97.3,100,"23884","24031","1","148"
"fkfw6v8V5L9fpaVQcDcdgq","SAMN05960911","NODE_38_length_10629_cov_14.194302","NODE_38_length_10629_cov_14.194302:5946..6505:IncFIB(K)_1__JN233704:100.000000","","IncFIB(K)",100,100,"5946","6505","1","560"
"fkfw6v8V5L9fpaVQcDcdgq","SAMN05960911","NODE_40_length_7472_cov_13.701614","NODE_40_length_7472_cov_13.701614:4415..4562:IncFII(K)_1__CP000648:95.945946","","IncFII(K)",95.95,100,"4415","4562","1","148"
"fkfw6v8V5L9fpaVQcDcdgq","SAMN05960911","NODE_42_length_6838_cov_91.344265","NODE_42_length_6838_cov_91.344265:1364..1494:Col(pHAD28)_1__KU674895:92.366412","","Col(pHAD28)",92.37,100,"1364","1494","1","131"
"nBu5iKHZw6KcKiVff7Mo42","SAMEA111505138","NODE_41_length_8491_cov_365.871792","NODE_41_length_8491_cov_365.871792:5529..5659:Col(pHAD28)_1__KU674895:92.366412","","Col(pHAD28)",92.37,100,"5529","5659","1","131"
"nBu5iKHZw6KcKiVff7Mo42","SAMEA111505138","NODE_43_length_5878_cov_14.310874","NODE_43_length_5878_cov_14.310874:1411..1661:IncR_1__DQ449578:100.000000","","IncR",100,100,"1411","1661","1","251"
"nBu5iKHZw6KcKiVff7Mo42","SAMEA111505138","NODE_54_length_1557_cov_15.933824","NODE_54_length_1557_cov_15.933824:778..1164:IncFIA(HI1)_1__AF250878:98.195876","","IncFIA(HI1)",98.45,99.74,"778","1164","2","388"
"pUYpyHTa6mLcXXTvmu17cj","SAMEA111504605","NODE_28_length_52740_cov_19.187810","NODE_28_length_52740_cov_19.187810:3289..3516:IncFII(pKP91)_1__CP000966:94.816784","","IncFII(pKP91)",96.07,98.7,"3289","3516","3","230"
"pUYpyHTa6mLcXXTvmu17cj","SAMEA111504605","NODE_38_length_23793_cov_25.557593","NODE_38_length_23793_cov_25.557593:18843..19402:IncFIB(K)_1__JN233704:98.928571","","IncFIB(K)",98.93,100,"18843","19402","1","560"
"pUYpyHTa6mLcXXTvmu17cj","SAMEA111504605","NODE_48_length_8631_cov_324.115942","NODE_48_length_8631_cov_324.115942:8416..8529:Col440I_1__CP023920:95.614035","","Col440I",95.61,100,"8416","8529","1","114"
"pUYpyHTa6mLcXXTvmu17cj","SAMEA111504605","NODE_50_length_7060_cov_1067.519971","NODE_50_length_7060_cov_1067.519971:3403..3530:Col(pHAD28)_1__KU674895:89.378070","","Col(pHAD28)",91.47,97.71,"3403","3530","1","129"
"pUYpyHTa6mLcXXTvmu17cj","SAMEA111504605","NODE_54_length_4213_cov_1238.826003","NODE_54_length_4213_cov_1238.826003:4020..4150:Col(pHAD28)_1__KU674895:92.366412","","Col(pHAD28)",92.37,100,"4020","4150","1","131"
"3u2M4bP8E8FEtts9NL8zwh","SAMN05960876","NODE_16_length_69990_cov_29.318897","NODE_16_length_69990_cov_29.318897:60933..61080:IncFII(K)_1__CP000648:97.297297","","IncFII(K)",97.3,100,"60933","61080","1","148"
"3u2M4bP8E8FEtts9NL8zwh","SAMN05960876","NODE_18_length_55234_cov_30.004498","NODE_18_length_55234_cov_30.004498:47096..47655:IncFIB(K)_1__JN233704:100.000000","","IncFIB(K)",100,100,"47096","47655","1","560"
"3u2M4bP8E8FEtts9NL8zwh","SAMN05960876","NODE_20_length_47349_cov_153.294688","NODE_20_length_47349_cov_153.294688:22638..23151:IncN_1__AY046276:99.610895","","IncN",99.61,100,"22638","23151","1","514"
"1iGatNMGEwozrc3CjTqTTQ","SAMEA6155774","NODE_24_length_51272_cov_5.593243","NODE_24_length_51272_cov_5.593243:8910..9057:IncFII(K)_1__CP000648:100.000000","","IncFII(K)",100,100,"8910","9057","1","148"
"1iGatNMGEwozrc3CjTqTTQ","SAMEA6155774","NODE_30_length_13608_cov_6.214080","NODE_30_length_13608_cov_6.214080:5376..5935:IncFIB(K)_1__JN233704:100.000000","","IncFIB(K)",100,100,"5376","5935","1","560"
"1iGatNMGEwozrc3CjTqTTQ","SAMEA6155774","NODE_31_length_13373_cov_9.353172","NODE_31_length_13373_cov_9.353172:6698..6948:IncR_1__DQ449578:100.000000","","IncR",100,100,"6698","6948","1","251"
"1iGatNMGEwozrc3CjTqTTQ","SAMEA6155774","NODE_40_length_4516_cov_60.127915","NODE_40_length_4516_cov_60.127915:2210..2324:Col(pHAD28)_1__KU674895:81.679389","","Col(pHAD28)",93.04,87.79,"2210","2324","1","115"
"1iGatNMGEwozrc3CjTqTTQ","SAMEA6155774","NODE_46_length_3496_cov_26.779511","NODE_46_length_3496_cov_26.779511:591..709:Col(pHAD28)_1__KU674895:82.512723","","Col(pHAD28)",90.83,90.84,"591","709","1","120"
"1iGatNMGEwozrc3CjTqTTQ","SAMEA6155774","NODE_49_length_2157_cov_85.195821","NODE_49_length_2157_cov_85.195821:1441..1633:ColpVC_1__JX133088:98.445596","","ColpVC",98.45,100,"1441","1633","1","193"
"8FYWd8LThvZ9Y6Zyieybuu","SAMEA111504601","NODE_29_length_72642_cov_27.993358","NODE_29_length_72642_cov_27.993358:63696..63843:IncFII(K)_1__CP000648:97.297297","","IncFII(K)",97.3,100,"63696","63843","1","148"
"8FYWd8LThvZ9Y6Zyieybuu","SAMEA111504601","NODE_47_length_12869_cov_30.140300","NODE_47_length_12869_cov_30.140300:4202..4761:IncFIB(K)_1__JN233704:100.000000","","IncFIB(K)",100,100,"4202","4761","1","560"
"8FYWd8LThvZ9Y6Zyieybuu","SAMEA111504601","NODE_48_length_10787_cov_38.933906","NODE_48_length_10787_cov_38.933906:5175..5425:IncR_1__DQ449578:100.000000","","IncR",100,100,"5175","5425","1","251"
"8FYWd8LThvZ9Y6Zyieybuu","SAMEA111504601","NODE_58_length_3817_cov_850.598610","NODE_58_length_3817_cov_850.598610:330..460:Col(pHAD28)_1__KU674895:94.656489","","Col(pHAD28)",94.66,100,"330","460","1","131"
"8FYWd8LThvZ9Y6Zyieybuu","SAMEA111504601","NODE_59_length_3365_cov_938.780851","NODE_59_length_3365_cov_938.780851:365..478:Col440I_1__CP023920:95.614035","","Col440I",95.61,100,"365","478","1","114"
"bBHa1P5WFEGbN4QvntczMf","SAMN45807626","NODE_22_length_35314_cov_9.502996","NODE_22_length_35314_cov_9.502996:26209..26768:IncFIB(K)(pCAV1099-114)_1__CP011596:99.642857","","IncFIB(K)(pCAV1099-114)",99.64,100,"26209","26768","1","560"
"bBHa1P5WFEGbN4QvntczMf","SAMN45807626","NODE_22_length_35314_cov_9.502996","NODE_22_length_35314_cov_9.502996:34054..34496:repFIB_pC39_CP061701:97.968397","","repFIB",97.97,100,"34054","34496","1","443"
"bBHa1P5WFEGbN4QvntczMf","SAMN45807626","NODE_40_length_4741_cov_167.779190","NODE_40_length_4741_cov_167.779190:4353..4466:Col440I_1__CP023920:100.000000","","Col440I",100,100,"4353","4466","1","114"
"bBHa1P5WFEGbN4QvntczMf","SAMN45807626","NODE_45_length_4090_cov_252.861939","NODE_45_length_4090_cov_252.861939:2500..2627:Col(pHAD28)_1__KU674895:89.378070","","Col(pHAD28)",91.47,97.71,"2500","2627","1","129"
"8vAtrMRq8rShG8498C3APo","SAMEA6155868","NODE_19_length_81906_cov_6.353539","NODE_19_length_81906_cov_6.353539:7281..7428:IncFII(K)_1__CP000648:97.297297","","IncFII(K)",97.3,100,"7281","7428","1","148"
"8vAtrMRq8rShG8498C3APo","SAMEA6155868","NODE_23_length_44445_cov_8.599716","NODE_23_length_44445_cov_8.599716:41803..42189:IncFIA(HI1)_1__AF250878:98.195876","","IncFIA(HI1)",98.45,99.74,"41803","42189","2","388"
"8vAtrMRq8rShG8498C3APo","SAMEA6155868","NODE_23_length_44445_cov_8.599716","NODE_23_length_44445_cov_8.599716:5502..5752:IncR_1__DQ449578:100.000000","","IncR",100,100,"5502","5752","1","251"
"8vAtrMRq8rShG8498C3APo","SAMEA6155868","NODE_26_length_22934_cov_5.126954","NODE_26_length_22934_cov_5.126954:14556..15115:IncFIB(K)_1__JN233704:100.000000","","IncFIB(K)",100,100,"14556","15115","1","560"
"rw2FnQ9Nw47SuVPECecaxS","SAMEA7472493","NODE_42_length_19407_cov_17.742801","NODE_42_length_19407_cov_17.742801:5343..5593:IncR_1__DQ449578:100.000000","","IncR",100,100,"5343","5593","1","251"
"rw2FnQ9Nw47SuVPECecaxS","SAMEA7472493","NODE_52_length_10863_cov_8.596525","NODE_52_length_10863_cov_8.596525:4126..4685:IncFIB(K)_1__JN233704:98.928571","","IncFIB(K)",98.93,100,"4126","4685","1","560"
"rw2FnQ9Nw47SuVPECecaxS","SAMEA7472493","NODE_65_length_5255_cov_6.300815","NODE_65_length_5255_cov_6.300815:1753..1900:IncFII(K)_1__CP000648:95.945946","","IncFII(K)",95.95,100,"1753","1900","1","148"
"rw2FnQ9Nw47SuVPECecaxS","SAMEA7472493","NODE_67_length_4964_cov_311.351490","NODE_67_length_4964_cov_311.351490:4149..4279:Col(pHAD28)_1__KU674895:92.366412","","Col(pHAD28)",92.37,100,"4149","4279","1","131"
"rw2FnQ9Nw47SuVPECecaxS","SAMEA7472493","NODE_73_length_4090_cov_287.146329","NODE_73_length_4090_cov_287.146329:939..1066:Col(pHAD28)_1__KU674895:89.378070","","Col(pHAD28)",91.47,97.71,"939","1066","1","129"
"rw2FnQ9Nw47SuVPECecaxS","SAMEA7472493","NODE_76_length_3843_cov_16.962874","NODE_76_length_3843_cov_16.962874:840..1409:IncHI1B(pNDM-MAR)_1__JN420336:100.000000","","IncHI1B(pNDM-MAR)",100,100,"840","1409","1","570"
"rw2FnQ9Nw47SuVPECecaxS","SAMEA7472493","NODE_77_length_3744_cov_140.638409","NODE_77_length_3744_cov_140.638409:2045..2175:Col(pHAD28)_1__KU674895:92.366412","","Col(pHAD28)",92.37,100,"2045","2175","1","131"
"rw2FnQ9Nw47SuVPECecaxS","SAMEA7472493","NODE_89_length_2762_cov_253.559895","NODE_89_length_2762_cov_253.559895:2609..2739:Col(pHAD28)_1__KU674895:93.129771","","Col(pHAD28)",93.13,100,"2609","2739","1","131"
"rw2FnQ9Nw47SuVPECecaxS","SAMEA7472493","NODE_94_length_2314_cov_17.256433","NODE_94_length_2314_cov_17.256433:1596..2034:IncFIB(pNDM-Mar)_1__JN420336:100.000000","","IncFIB(pNDM-Mar)",100,100,"1596","2034","1","439"
"bDNoj7CmbDi3YdUm9rnnHv","SAMEA6654226","NODE_16_length_78405_cov_9.147741","NODE_16_length_78405_cov_9.147741:30644..30871:IncFII(pKP91)_1__CP000966:94.385798","","IncFII(pKP91)",95.63,98.7,"30644","30871","3","230"
"bDNoj7CmbDi3YdUm9rnnHv","SAMEA6654226","NODE_19_length_43723_cov_8.085777","NODE_19_length_43723_cov_8.085777:21963..22401:IncFIB(pNDM-Mar)_1__JN420336:99.316629","","IncFIB(pNDM-Mar)",99.32,100,"21963","22401","1","439"
"bDNoj7CmbDi3YdUm9rnnHv","SAMEA6654226","NODE_26_length_27369_cov_25.334140","NODE_26_length_27369_cov_25.334140:22259..22632:IncX3_1__JN247852:100.000000","","IncX3",100,100,"22259","22632","1","374"
"bDNoj7CmbDi3YdUm9rnnHv","SAMEA6654226","NODE_32_length_14130_cov_35.209750","NODE_32_length_14130_cov_35.209750:7992..8220:ColKP3_1__JN205800:81.785714","","ColKP3",100,81.79,"7992","8220","1","229"
"bDNoj7CmbDi3YdUm9rnnHv","SAMEA6654226","NODE_39_length_9393_cov_94.958898","NODE_39_length_9393_cov_94.958898:8257..8386:ColRNAI_1__DQ298019:100.000000","","ColRNAI",100,100,"8257","8386","1","130"
"bDNoj7CmbDi3YdUm9rnnHv","SAMEA6654226","NODE_44_length_7395_cov_11.790844","NODE_44_length_7395_cov_11.790844:2436..2995:IncFIB(K)_1__JN233704:99.107143","","IncFIB(K)",99.11,100,"2436","2995","1","560"
"bDNoj7CmbDi3YdUm9rnnHv","SAMEA6654226","NODE_51_length_4579_cov_7.286607","NODE_51_length_4579_cov_7.286607:93..621:IncQ1_1__M28829:66.457286","","IncQ1",100,66.46,"93","621","1","529"
"gQ4RZhU2Fq2NHHHt1X3xxs","SAMEA7472506","NODE_39_length_28533_cov_5.762186","NODE_39_length_28533_cov_5.762186:9663..10050:IncFIA(HI1)_1__AF250878:97.164948","","IncFIA(HI1)",97.16,100,"9663","10050","1","388"
"gQ4RZhU2Fq2NHHHt1X3xxs","SAMEA7472506","NODE_45_length_16974_cov_5.736178","NODE_45_length_16974_cov_5.736178:11936..12083:IncFII(K)_1__CP000648:95.270270","","IncFII(K)",95.27,100,"11936","12083","1","148"
"gQ4RZhU2Fq2NHHHt1X3xxs","SAMEA7472506","NODE_46_length_14853_cov_8.344178","NODE_46_length_14853_cov_8.344178:522..1091:IncHI1B(pNDM-MAR)_1__JN420336:100.000000","","IncHI1B(pNDM-MAR)",100,100,"522","1091","1","570"
"gQ4RZhU2Fq2NHHHt1X3xxs","SAMEA7472506","NODE_51_length_11639_cov_6.839168","NODE_51_length_11639_cov_6.839168:5861..6420:IncFIB(K)(pCAV1099-114)_1__CP011596:100.000000","","IncFIB(K)(pCAV1099-114)",100,100,"5861","6420","1","560"
"gQ4RZhU2Fq2NHHHt1X3xxs","SAMEA7472506","NODE_67_length_5108_cov_406.785586","NODE_67_length_5108_cov_406.785586:4655..4770:Col(pHAD28)_1__KU674895:82.442748","","Col(pHAD28)",93.1,88.55,"4655","4770","1","116"
"gQ4RZhU2Fq2NHHHt1X3xxs","SAMEA7472506","NODE_70_length_3651_cov_463.885417","NODE_70_length_3651_cov_463.885417:784..914:Col(pHAD28)_1__KU674895:90.076336","","Col(pHAD28)",90.08,100,"784","914","1","131"
"gQ4RZhU2Fq2NHHHt1X3xxs","SAMEA7472506","NODE_84_length_1847_cov_1874.346110","NODE_84_length_1847_cov_1874.346110:930..1120:ColpVC_1__JX133088:95.854922","","ColpVC",96.86,98.96,"930","1120","1","191"
"cZL9YucYxMRgRYSKqHAkf9","SAMN05960900","NODE_15_length_69703_cov_24.798287","NODE_15_length_69703_cov_24.798287:4177..4736:IncFIB(K)_1__JN233704:98.928571","","IncFIB(K)",98.93,100,"4177","4736","1","560"
"cZL9YucYxMRgRYSKqHAkf9","SAMN05960900","NODE_15_length_69703_cov_24.798287","NODE_15_length_69703_cov_24.798287:67804..67951:IncFII(K)_1__CP000648:95.945946","","IncFII(K)",95.95,100,"67804","67951","1","148"
"cZL9YucYxMRgRYSKqHAkf9","SAMN05960900","NODE_26_length_18193_cov_42.978391","NODE_26_length_18193_cov_42.978391:5628..5878:IncR_1__DQ449578:100.000000","","IncR",100,100,"5628","5878","1","251"
"cZL9YucYxMRgRYSKqHAkf9","SAMN05960900","NODE_31_length_7514_cov_77.940661","NODE_31_length_7514_cov_77.940661:4378..4491:Col440I_1__CP023920:96.491228","","Col440I",96.49,100,"4378","4491","1","114"
"cZL9YucYxMRgRYSKqHAkf9","SAMN05960900","NODE_37_length_4181_cov_120.721950","NODE_37_length_4181_cov_120.721950:2317..2435:Col(pHAD28)_1__KU674895:82.512723","","Col(pHAD28)",90.83,90.84,"2317","2435","1","120"
"oHcLQJA47C4uM2MstCcNZs","SAMN36884873","NODE_26_length_50011_cov_42.310046","NODE_26_length_50011_cov_42.310046:1753..1900:IncFII(K)_1__CP000648:95.945946","","IncFII(K)",95.95,100,"1753","1900","1","148"
"oHcLQJA47C4uM2MstCcNZs","SAMN36884873","NODE_35_length_9900_cov_40.307009","NODE_35_length_9900_cov_40.307009:5216..5775:IncFIB(K)_1__JN233704:98.928571","","IncFIB(K)",98.93,100,"5216","5775","1","560"
"oHcLQJA47C4uM2MstCcNZs","SAMN36884873","NODE_45_length_4067_cov_383.137601","NODE_45_length_4067_cov_383.137601:1598..1725:Col(pHAD28)_1__KU674895:89.378070","","Col(pHAD28)",91.47,97.71,"1598","1725","1","129"
"p1V1vBbEzcSCkdctSoxGvv","SAMN31892431","NODE_16_length_84620_cov_12.930680","NODE_16_length_84620_cov_12.930680:32521..33090:IncHI1B(pNDM-MAR)_1__JN420336:99.298246","","IncHI1B(pNDM-MAR)",99.3,100,"32521","33090","1","570"
"p1V1vBbEzcSCkdctSoxGvv","SAMN31892431","NODE_16_length_84620_cov_12.930680","NODE_16_length_84620_cov_12.930680:13958..14517:repB_KLEB_VIR_AP006726:100.000000","","repB",100,100,"13958","14517","1","560"
"p1V1vBbEzcSCkdctSoxGvv","SAMN31892431","NODE_23_length_4962_cov_745.175200","NODE_23_length_4962_cov_745.175200:3464..3577:Col440I_1__CP023920:95.614035","","Col440I",95.61,100,"3464","3577","1","114"
"7a1ykxskJv1qapxJNywMed","SAMN05960891","NODE_17_length_63543_cov_20.875244","NODE_17_length_63543_cov_20.875244:60517..60903:IncFIA(HI1)_1__AF250878:98.195876","","IncFIA(HI1)",98.45,99.74,"60517","60903","2","388"
"7a1ykxskJv1qapxJNywMed","SAMN05960891","NODE_17_length_63543_cov_20.875244","NODE_17_length_63543_cov_20.875244:24586..24836:IncR_1__DQ449578:100.000000","","IncR",100,100,"24586","24836","1","251"
"7a1ykxskJv1qapxJNywMed","SAMN05960891","NODE_30_length_4449_cov_103.041379","NODE_30_length_4449_cov_103.041379:4150..4280:Col(pHAD28)_1__KU674895:92.366412","","Col(pHAD28)",92.37,100,"4150","4280","1","131"
"n2CUoGTd9tVyrfiBT4ETed","SAMEA112281696","NODE_62_length_31832_cov_3.091766","NODE_62_length_31832_cov_3.091766:4521..4781:IncFII_1__AY458016:100.000000","","IncFII",100,100,"4521","4781","1","261"
"n2CUoGTd9tVyrfiBT4ETed","SAMEA112281696","NODE_121_length_4266_cov_11.990641","NODE_121_length_4266_cov_11.990641:2242..2372:Col(pHAD28)_1__KU674895:92.366412","","Col(pHAD28)",92.37,100,"2242","2372","1","131"
"6aL7vq4KJdTV79PSuj1GVz","SAMEA5753751","NODE_26_length_52618_cov_19.761938","NODE_26_length_52618_cov_19.761938:40451..41010:IncFIB(K)(pCAV1099-114)_1__CP011596:99.821429","","IncFIB(K)(pCAV1099-114)",99.82,100,"40451","41010","1","560"
"6aL7vq4KJdTV79PSuj1GVz","SAMEA5753751","NODE_26_length_52618_cov_19.761938","NODE_26_length_52618_cov_19.761938:5167..5604:RepB_1_pC39_CP061702.1:100.000000","","RepB",100,100,"5167","5604","1","438"
"6aL7vq4KJdTV79PSuj1GVz","SAMEA5753751","NODE_70_length_3058_cov_4.067252","NODE_70_length_3058_cov_4.067252:1094..1532:IncFIB(pNDM-Mar)_1__JN420336:99.544419","","IncFIB(pNDM-Mar)",99.54,100,"1094","1532","1","439"
"rxVfJKht4cLS5bLKSJDCKR","SAMEA6654237","NODE_41_length_10030_cov_3.615950","NODE_41_length_10030_cov_3.615950:7677..8115:IncFIB(pNDM-Mar)_1__JN420336:99.316629","","IncFIB(pNDM-Mar)",99.32,100,"7677","8115","1","439"
"rxVfJKht4cLS5bLKSJDCKR","SAMEA6654237","NODE_43_length_9108_cov_7.411144","NODE_43_length_9108_cov_7.411144:2628..2856:ColKP3_1__JN205800:81.785714","","ColKP3",100,81.79,"2628","2856","1","229"
"rxVfJKht4cLS5bLKSJDCKR","SAMEA6654237","NODE_66_length_2878_cov_4.513854","NODE_66_length_2878_cov_4.513854:1231..1604:IncX3_1__JN247852:100.000000","","IncX3",100,100,"1231","1604","1","374"
"rxVfJKht4cLS5bLKSJDCKR","SAMEA6654237","NODE_77_length_1675_cov_2.489848","NODE_77_length_1675_cov_2.489848:1054..1582:IncQ1_1__M28829:66.457286","","IncQ1",100,66.46,"1054","1582","1","529"
"jvQjgseJhm24Wn9LABXPvi","SAMN05960880","NODE_14_length_107982_cov_23.427306","NODE_14_length_107982_cov_23.427306:63622..64181:IncFIB(pKPHS1)_1__CP003223:95.357143","","IncFIB(pKPHS1)",95.36,100,"63622","64181","1","560"
"jvQjgseJhm24Wn9LABXPvi","SAMN05960880","NODE_34_length_16294_cov_35.242791","NODE_34_length_16294_cov_35.242791:5080..5702:repB(R1701)_1__CP039970:99.197432","","repB(R1701)",99.2,100,"5080","5702","1","623"
"jvQjgseJhm24Wn9LABXPvi","SAMN05960880","NODE_38_length_10728_cov_21.305861","NODE_38_length_10728_cov_21.305861:5993..6552:IncFIB(K)_1__JN233704:98.750000","","IncFIB(K)",98.75,100,"5993","6552","1","560"
"ddfGdB7UXRCGALkKxmFaLN","SAMEA6155864","NODE_21_length_17173_cov_3.053005","NODE_21_length_17173_cov_3.053005:10232..10791:IncFIB(K)_1__JN233704:98.928571","","IncFIB(K)",98.93,100,"10232","10791","1","560"
"ddfGdB7UXRCGALkKxmFaLN","SAMEA6155864","NODE_23_length_16656_cov_5.256689","NODE_23_length_16656_cov_5.256689:6799..7049:IncR_1__DQ449578:100.000000","","IncR",100,100,"6799","7049","1","251"
"hcU92hFmNNiurjLw162jVV","SAMEA5753742","NODE_37_length_49526_cov_16.579157","NODE_37_length_49526_cov_16.579157:46371..46598:IncFII(pKP91)_1__CP000966:93.954813","","IncFII(pKP91)",95.2,98.7,"46371","46598","3","230"
"hcU92hFmNNiurjLw162jVV","SAMEA5753742","NODE_69_length_10166_cov_16.411145","NODE_69_length_10166_cov_16.411145:6479..7038:IncFIB(K)_1__JN233704:98.928571","","IncFIB(K)",98.93,100,"6479","7038","1","560"
"9JRe5HbixsAja9CCPWngkQ","SAMN05960926","NODE_23_length_28505_cov_21.612547","NODE_23_length_28505_cov_21.612547:25653..26039:IncFIA(HI1)_1__AF250878:98.195876","","IncFIA(HI1)",98.45,99.74,"25653","26039","2","388"
"9JRe5HbixsAja9CCPWngkQ","SAMN05960926","NODE_30_length_14802_cov_21.932327","NODE_30_length_14802_cov_21.932327:9375..9625:IncR_1__DQ449578:100.000000","","IncR",100,100,"9375","9625","1","251"
"tezudZ1n1Gw9XUJ9TSWAi3","SAMN36884880","NODE_27_length_18369_cov_34.558730","NODE_27_length_18369_cov_34.558730:5178..5737:IncFIB(K)_1__JN233704:98.928571","","IncFIB(K)",98.93,100,"5178","5737","1","560"
"fBGYQSGSRgUXkxAfUzEgjM","SAMN05960922","NODE_44_length_8283_cov_15.929619","NODE_44_length_8283_cov_15.929619:3355..3914:IncFIB(K)(pCAV1099-114)_1__CP011596:100.000000","","IncFIB(K)(pCAV1099-114)",100,100,"3355","3914","1","560"
"fBGYQSGSRgUXkxAfUzEgjM","SAMN05960922","NODE_55_length_4244_cov_322.296019","NODE_55_length_4244_cov_322.296019:120..250:Col(pHAD28)_1__KU674895:92.366412","","Col(pHAD28)",92.37,100,"120","250","1","131"
"fBGYQSGSRgUXkxAfUzEgjM","SAMN05960922","NODE_56_length_3866_cov_275.187948","NODE_56_length_3866_cov_275.187948:3617..3747:Col(pHAD28)_1__KU674895:92.366412","","Col(pHAD28)",92.37,100,"3617","3747","1","131"
"nM1MnsiU3sBdJUL3nWp3ka","SAMEA115925725","NODE_26_length_46001_cov_17.104973","NODE_26_length_46001_cov_17.104973:44126..44273:IncFII(K)_1__CP000648:95.945946","","IncFII(K)",95.95,100,"44126","44273","1","148"
"nM1MnsiU3sBdJUL3nWp3ka","SAMEA115925725","NODE_31_length_9874_cov_18.620982","NODE_31_length_9874_cov_18.620982:4153..4712:IncFIB(K)_1__JN233704:98.928571","","IncFIB(K)",98.93,100,"4153","4712","1","560"
"2BhSj3cMz4594YSASwtxkL","SAMN05960890","NODE_23_length_35538_cov_22.720111","NODE_23_length_35538_cov_22.720111:2327..2886:IncFIB(K)(pCAV1099-114)_1__CP011596:99.642857","","IncFIB(K)(pCAV1099-114)",99.64,100,"2327","2886","1","560"
"2BhSj3cMz4594YSASwtxkL","SAMN05960890","NODE_38_length_6424_cov_22.195573","NODE_38_length_6424_cov_22.195573:5165..5607:repFIB_pC39_CP061701:97.968397","","repFIB",97.97,100,"5165","5607","1","443"
"2BhSj3cMz4594YSASwtxkL","SAMN05960890","NODE_40_length_4805_cov_21.238844","NODE_40_length_4805_cov_21.238844:824..1393:IncHI1B(pNDM-MAR)_1__JN420336:99.298246","","IncHI1B(pNDM-MAR)",99.3,100,"824","1393","1","570"
"faypdcoEdQ83fxa2afSAzK","SAMEA5753788","NODE_36_length_12002_cov_24.644543","NODE_36_length_12002_cov_24.644543:6297..6856:IncFIB(K)_1__JN233704:98.928571","","IncFIB(K)",98.93,100,"6297","6856","1","560"
"ejSuDDKNELtXastMKdP4Gn","SAMN36943785","NODE_54_length_26149_cov_8.050403","NODE_54_length_26149_cov_8.050403:2225..2784:IncFIB(K)_1__JN233704:98.928571","","IncFIB(K)",98.93,100,"2225","2784","1","560"
"ejSuDDKNELtXastMKdP4Gn","SAMN36943785","NODE_78_length_7815_cov_3.169518","NODE_78_length_7815_cov_3.169518:4062..4312:IncR_1__DQ449578:100.000000","","IncR",100,100,"4062","4312","1","251"
"ejSuDDKNELtXastMKdP4Gn","SAMN36943785","NODE_91_length_4168_cov_5.810764","NODE_91_length_4168_cov_5.810764:2258..2405:IncFII(K)_1__CP000648:97.297297","","IncFII(K)",97.3,100,"2258","2405","1","148"
"ejSuDDKNELtXastMKdP4Gn","SAMN36943785","NODE_109_length_2205_cov_455.556980","NODE_109_length_2205_cov_455.556980:742..857:Col(pHAD28)_1__KU674895:83.206107","","Col(pHAD28)",93.97,88.55,"742","857","1","116"
"e5mdCN625ogAAYe5GmcRV7","SAMEA6155820","NODE_21_length_73266_cov_10.695218","NODE_21_length_73266_cov_10.695218:64888..65447:IncFIB(K)_1__JN233704:100.000000","","IncFIB(K)",100,100,"64888","65447","1","560"
"e5mdCN625ogAAYe5GmcRV7","SAMEA6155820","NODE_22_length_68360_cov_10.180630","NODE_22_length_68360_cov_10.180630:60933..61080:IncFII(K)_1__CP000648:97.297297","","IncFII(K)",97.3,100,"60933","61080","1","148"
"e5mdCN625ogAAYe5GmcRV7","SAMEA6155820","NODE_25_length_44445_cov_14.272088","NODE_25_length_44445_cov_14.272088:2257..2643:IncFIA(HI1)_1__AF250878:98.195876","","IncFIA(HI1)",98.45,99.74,"2257","2643","2","388"
"e5mdCN625ogAAYe5GmcRV7","SAMEA6155820","NODE_25_length_44445_cov_14.272088","NODE_25_length_44445_cov_14.272088:38694..38944:IncR_1__DQ449578:100.000000","","IncR",100,100,"38694","38944","1","251"
"pgkxyugKU2zuw5sikZPgng","SAMEA5753438","NODE_49_length_13689_cov_26.041575","NODE_49_length_13689_cov_26.041575:6663..7222:IncFIB(K)_1__JN233704:98.928571","","IncFIB(K)",98.93,100,"6663","7222","1","560"
"pgkxyugKU2zuw5sikZPgng","SAMEA5753438","NODE_66_length_4622_cov_26.973911","NODE_66_length_4622_cov_26.973911:3464..3714:IncR_1__DQ449578:99.601594","","IncR",99.6,100,"3464","3714","1","251"
"xgpU71frMpZk9hN4NX7dRs","SAMEA6155823","NODE_56_length_15117_cov_9.419896","NODE_56_length_15117_cov_9.419896:9344..9594:IncR_1__DQ449578:100.000000","","IncR",100,100,"9344","9594","1","251"
"xgpU71frMpZk9hN4NX7dRs","SAMEA6155823","NODE_72_length_6132_cov_9.757998","NODE_72_length_6132_cov_9.757998:2394..3016:repB(R1701)_1__CP039970:99.197432","","repB(R1701)",99.2,100,"2394","3016","1","623"
"xgpU71frMpZk9hN4NX7dRs","SAMEA6155823","NODE_95_length_1557_cov_8.657609","NODE_95_length_1557_cov_8.657609:394..780:IncFIA(HI1)_1__AF250878:98.195876","","IncFIA(HI1)",98.45,99.74,"394","780","2","388"
"jHHRPhXLii1thENvb2beLw","SAMEA6155815","NODE_29_length_21654_cov_13.747158","NODE_29_length_21654_cov_13.747158:8404..8963:IncFIB(K)_1__JN233704:98.928571","","IncFIB(K)",98.93,100,"8404","8963","1","560"
"jHHRPhXLii1thENvb2beLw","SAMEA6155815","NODE_31_length_10961_cov_11.740103","NODE_31_length_10961_cov_11.740103:5551..5778:IncFII(pKP91)_1__CP000966:94.816784","","IncFII(pKP91)",96.07,98.7,"5551","5778","3","230"
"jHHRPhXLii1thENvb2beLw","SAMEA6155815","NODE_35_length_9393_cov_59.618894","NODE_35_length_9393_cov_59.618894:3746..3875:ColRNAI_1__DQ298019:100.000000","","ColRNAI",100,100,"3746","3875","1","130"
"jHHRPhXLii1thENvb2beLw","SAMEA6155815","NODE_40_length_5345_cov_102.352840","NODE_40_length_5345_cov_102.352840:4481..4762:Col440II_1__CP023921:99.645390","","Col440II",99.65,100,"4481","4762","1","282"
"jHHRPhXLii1thENvb2beLw","SAMEA6155815","NODE_40_length_5345_cov_102.352840","NODE_40_length_5345_cov_102.352840:88..218:Col(pHAD28)_1__KU674895:92.366412","","Col(pHAD28)",92.37,100,"88","218","1","131"
"jHHRPhXLii1thENvb2beLw","SAMEA6155815","NODE_47_length_3443_cov_91.854665","NODE_47_length_3443_cov_91.854665:3209..3317:Col440I_1__CP023920:92.137161","","Col440I",96.36,95.61,"3209","3317","1","110"
"eg8oUWgBXJvf811JNgE1hX","SAMEA5753414","NODE_43_length_19677_cov_25.711973","NODE_43_length_19677_cov_25.711973:5948..6095:IncFII(K)_1__CP000648:97.297297","","IncFII(K)",97.3,100,"5948","6095","1","148"
"eg8oUWgBXJvf811JNgE1hX","SAMEA5753414","NODE_55_length_6701_cov_26.466374","NODE_55_length_6701_cov_26.466374:509..1022:IncN_1__AY046276:100.000000","","IncN",100,100,"509","1022","1","514"
"eg8oUWgBXJvf811JNgE1hX","SAMEA5753414","NODE_58_length_6360_cov_28.210350","NODE_58_length_6360_cov_28.210350:3492..4051:IncFIB(K)_1__JN233704:98.928571","","IncFIB(K)",98.93,100,"3492","4051","1","560"
"eg8oUWgBXJvf811JNgE1hX","SAMEA5753414","NODE_64_length_4262_cov_33.490992","NODE_64_length_4262_cov_33.490992:3816..3929:Col440I_1__CP023920:96.491228","","Col440I",96.49,100,"3816","3929","1","114"
"sEcKy31N8HPrfyASy8cmMa","SAMEA6654248","NODE_23_length_51720_cov_7.867518","NODE_23_length_51720_cov_7.867518:46732..47170:IncFIB(pNDM-Mar)_1__JN420336:99.316629","","IncFIB(pNDM-Mar)",99.32,100,"46732","47170","1","439"
"sEcKy31N8HPrfyASy8cmMa","SAMEA6654248","NODE_34_length_34321_cov_11.109462","NODE_34_length_34321_cov_11.109462:29211..29584:IncX3_1__JN247852:100.000000","","IncX3",100,100,"29211","29584","1","374"
"sEcKy31N8HPrfyASy8cmMa","SAMEA6654248","NODE_46_length_12700_cov_13.766526","NODE_46_length_12700_cov_13.766526:6562..6790:ColKP3_1__JN205800:81.785714","","ColKP3",100,81.79,"6562","6790","1","229"
"sEcKy31N8HPrfyASy8cmMa","SAMEA6654248","NODE_53_length_8163_cov_703.465774","NODE_53_length_8163_cov_703.465774:7542..8070:IncQ1_1__M28829:66.457286","","IncQ1",100,66.46,"7542","8070","1","529"
"sEcKy31N8HPrfyASy8cmMa","SAMEA6654248","NODE_53_length_8163_cov_703.465774","NODE_53_length_8163_cov_703.465774:530..660:Col(pHAD28)_1__KU674895:92.366412","","Col(pHAD28)",92.37,100,"530","660","1","131"
"sEcKy31N8HPrfyASy8cmMa","SAMEA6654248","NODE_54_length_8065_cov_8.710645","NODE_54_length_8065_cov_8.710645:1757..2270:IncN_1__AY046276:99.416342","","IncN",99.42,100,"1757","2270","1","514"
"9Uhc2FSEo32fmMFRJYhcUU","SAMEA7472465","NODE_35_length_35050_cov_7.801299","NODE_35_length_35050_cov_7.801299:23343..23570:IncFII(pKP91)_1__CP000966:94.385798","","IncFII(pKP91)",95.63,98.7,"23343","23570","3","230"
"9Uhc2FSEo32fmMFRJYhcUU","SAMEA7472465","NODE_38_length_34207_cov_10.508562","NODE_38_length_34207_cov_10.508562:12632..13191:IncFIB(K)_1__JN233704:99.107143","","IncFIB(K)",99.11,100,"12632","13191","1","560"
"9Uhc2FSEo32fmMFRJYhcUU","SAMEA7472465","NODE_64_length_3514_cov_1414.687555","NODE_64_length_3514_cov_1414.687555:393..523:Col(pHAD28)_1__KU674895:91.603053","","Col(pHAD28)",91.6,100,"393","523","1","131"
"tnDHfYfwy9D5yExRP7cXYM","SAMEA6155776","NODE_15_length_73064_cov_15.146577","NODE_15_length_73064_cov_15.146577:45004..45151:IncFII(K)_1__CP000648:100.000000","","IncFII(K)",100,100,"45004","45151","1","148"
"tnDHfYfwy9D5yExRP7cXYM","SAMEA6155776","NODE_22_length_36258_cov_22.095329","NODE_22_length_36258_cov_22.095329:4738..5111:IncX3_1__JN247852:100.000000","","IncX3",100,100,"4738","5111","1","374"
"tnDHfYfwy9D5yExRP7cXYM","SAMEA6155776","NODE_25_length_23291_cov_14.778372","NODE_25_length_23291_cov_14.778372:7965..8524:IncFIB(K)_1__JN233704:100.000000","","IncFIB(K)",100,100,"7965","8524","1","560"
"tnDHfYfwy9D5yExRP7cXYM","SAMEA6155776","NODE_31_length_6198_cov_59.845548","NODE_31_length_6198_cov_59.845548:2125..2237:Col440I_1__CP023920:91.297322","","Col440I",92.11,99.12,"2125","2237","1","114"
"tnDHfYfwy9D5yExRP7cXYM","SAMEA6155776","NODE_37_length_4044_cov_66.228390","NODE_37_length_4044_cov_66.228390:2821..2951:Col(pHAD28)_1__KU674895:93.129771","","Col(pHAD28)",93.13,100,"2821","2951","1","131"
"tnDHfYfwy9D5yExRP7cXYM","SAMEA6155776","NODE_38_length_3319_cov_51.798137","NODE_38_length_3319_cov_51.798137:152..282:Col(pHAD28)_1__KU674895:92.366412","","Col(pHAD28)",92.37,100,"152","282","1","131"
"hW2fuA7K2os5f23Tb3Me4V","SAMEA6155810","NODE_13_length_50195_cov_8.190834","NODE_13_length_50195_cov_8.190834:48296..48443:IncFII(K)_1__CP000648:95.945946","","IncFII(K)",95.95,100,"48296","48443","1","148"
"hW2fuA7K2os5f23Tb3Me4V","SAMEA6155810","NODE_16_length_28846_cov_7.460396","NODE_16_length_28846_cov_7.460396:24087..24525:IncFIB(pNDM-Mar)_1__JN420336:100.000000","","IncFIB(pNDM-Mar)",100,100,"24087","24525","1","439"
"hW2fuA7K2os5f23Tb3Me4V","SAMEA6155810","NODE_24_length_18157_cov_8.662919","NODE_24_length_18157_cov_8.662919:4177..4736:IncFIB(K)_1__JN233704:98.928571","","IncFIB(K)",98.93,100,"4177","4736","1","560"
"8NV8QKADQ1BfixSmgJy7Uc","SAMN05960944","NODE_40_length_28036_cov_17.529262","NODE_40_length_28036_cov_17.529262:16271..16709:IncFIB(pNDM-Mar)_1__JN420336:99.316629","","IncFIB(pNDM-Mar)",99.32,100,"16271","16709","1","439"
"8NV8QKADQ1BfixSmgJy7Uc","SAMN05960944","NODE_53_length_13565_cov_18.862097","NODE_53_length_13565_cov_18.862097:8544..9103:IncFIB(K)(pCAV1099-114)_1__CP011596:99.642857","","IncFIB(K)(pCAV1099-114)",99.64,100,"8544","9103","1","560"
"8NV8QKADQ1BfixSmgJy7Uc","SAMN05960944","NODE_53_length_13565_cov_18.862097","NODE_53_length_13565_cov_18.862097:816..1258:repFIB_pC39_CP061701:97.968397","","repFIB",97.97,100,"816","1258","1","443"
"8NV8QKADQ1BfixSmgJy7Uc","SAMN05960944","NODE_82_length_4972_cov_174.058075","NODE_82_length_4972_cov_174.058075:4728..4972:Col440II_1__CP023921:86.170213","","Col440II",99.18,86.88,"4728","4972","38","282"
"8NV8QKADQ1BfixSmgJy7Uc","SAMN05960944","NODE_89_length_3428_cov_19.503154","NODE_89_length_3428_cov_19.503154:831..1400:IncHI1B(pNDM-MAR)_1__JN420336:100.000000","","IncHI1B(pNDM-MAR)",100,100,"831","1400","1","570"
"8NV8QKADQ1BfixSmgJy7Uc","SAMN05960944","NODE_113_length_1049_cov_20.858947","NODE_113_length_1049_cov_20.858947:154..591:RepB_1_pC39_CP061702.1:99.543379","","RepB",99.54,100,"154","591","1","438"
"jBWJnZFCPoUasGYswoHSLE","SAMEA6155879","NODE_19_length_73266_cov_19.276709","NODE_19_length_73266_cov_19.276709:64888..65447:IncFIB(K)_1__JN233704:100.000000","","IncFIB(K)",100,100,"64888","65447","1","560"
"jBWJnZFCPoUasGYswoHSLE","SAMEA6155879","NODE_20_length_68360_cov_18.953912","NODE_20_length_68360_cov_18.953912:60933..61080:IncFII(K)_1__CP000648:97.297297","","IncFII(K)",97.3,100,"60933","61080","1","148"
"jBWJnZFCPoUasGYswoHSLE","SAMEA6155879","NODE_23_length_44655_cov_26.670751","NODE_23_length_44655_cov_26.670751:41803..42189:IncFIA(HI1)_1__AF250878:98.195876","","IncFIA(HI1)",98.45,99.74,"41803","42189","2","388"
"jBWJnZFCPoUasGYswoHSLE","SAMEA6155879","NODE_23_length_44655_cov_26.670751","NODE_23_length_44655_cov_26.670751:5502..5752:IncR_1__DQ449578:100.000000","","IncR",100,100,"5502","5752","1","251"
"46UxQkGvaUxFbWw1rB64GG","SAMEA8515152","NODE_45_length_24793_cov_6.734146","NODE_45_length_24793_cov_6.734146:10372..10994:repB(R1701)_1__CP039970:99.197432","","repB(R1701)",99.2,100,"10372","10994","1","623"
"46UxQkGvaUxFbWw1rB64GG","SAMEA8515152","NODE_63_length_7900_cov_7.067171","NODE_63_length_7900_cov_7.067171:2104..2251:IncFII(K)_1__CP000648:95.270270","","IncFII(K)",95.27,100,"2104","2251","1","148"
"46UxQkGvaUxFbWw1rB64GG","SAMEA8515152","NODE_71_length_4449_cov_159.158161","NODE_71_length_4449_cov_159.158161:182..312:Col(pHAD28)_1__KU674895:92.366412","","Col(pHAD28)",92.37,100,"182","312","1","131"
"46UxQkGvaUxFbWw1rB64GG","SAMEA8515152","NODE_72_length_4430_cov_3.070884","NODE_72_length_4430_cov_3.070884:3525..3898:IncX3_1__JN247852:100.000000","","IncX3",100,100,"3525","3898","1","374"
"uvEkq8mRRQPLumxuH3dDwK","SAMEA7472478","NODE_16_length_71934_cov_10.277400","NODE_16_length_71934_cov_10.277400:5421..5980:IncFIB(K)_1__JN233704:98.750000","","IncFIB(K)",98.75,100,"5421","5980","1","560"
"uvEkq8mRRQPLumxuH3dDwK","SAMEA7472478","NODE_16_length_71934_cov_10.277400","NODE_16_length_71934_cov_10.277400:63369..63516:IncFII(K)_1__CP000648:97.297297","","IncFII(K)",97.3,100,"63369","63516","1","148"
"58aMnX4kKX9ABNVDDPNY9Z","SAMEA5753415","NODE_18_length_45069_cov_16.340649","NODE_18_length_45069_cov_16.340649:8893..9452:IncFIB(pKPHS1)_1__CP003223:95.714286","","IncFIB(pKPHS1)",95.71,100,"8893","9452","1","560"
"58aMnX4kKX9ABNVDDPNY9Z","SAMEA5753415","NODE_28_length_17949_cov_26.773838","NODE_28_length_17949_cov_26.773838:11180..11739:IncFIB(K)_1__JN233704:98.928571","","IncFIB(K)",98.93,100,"11180","11739","1","560"
"58aMnX4kKX9ABNVDDPNY9Z","SAMEA5753415","NODE_35_length_4543_cov_30.711971","NODE_35_length_4543_cov_30.711971:3259..3372:Col440I_1__CP023920:97.368421","","Col440I",97.37,100,"3259","3372","1","114"
"wWnFWWZgQSRdZXLHG7jxP7","SAMN05960892","NODE_26_length_35687_cov_13.510565","NODE_26_length_35687_cov_13.510565:22436..22823:IncFIA(HI1)_1__AF250878:96.649485","","IncFIA(HI1)",96.65,100,"22436","22823","1","388"
"wWnFWWZgQSRdZXLHG7jxP7","SAMN05960892","NODE_34_length_17257_cov_18.083926","NODE_34_length_17257_cov_18.083926:16154..16723:IncHI1B(pNDM-MAR)_1__JN420336:100.000000","","IncHI1B(pNDM-MAR)",100,100,"16154","16723","1","570"
"wWnFWWZgQSRdZXLHG7jxP7","SAMN05960892","NODE_43_length_12468_cov_13.400356","NODE_43_length_12468_cov_13.400356:3364..3923:IncFIB(K)(pCAV1099-114)_1__CP011596:99.642857","","IncFIB(K)(pCAV1099-114)",99.64,100,"3364","3923","1","560"
"wWnFWWZgQSRdZXLHG7jxP7","SAMN05960892","NODE_43_length_12468_cov_13.400356","NODE_43_length_12468_cov_13.400356:11209..11651:repFIB_pC39_CP061701:97.968397","","repFIB",97.97,100,"11209","11651","1","443"
"wWnFWWZgQSRdZXLHG7jxP7","SAMN05960892","NODE_53_length_6758_cov_12.289082","NODE_53_length_6758_cov_12.289082:3880..4027:IncFII(K)_1__CP000648:98.648649","","IncFII(K)",98.65,100,"3880","4027","1","148"
"bquu8zBfyYvHZZL78qD6tj","SAMN05960941","NODE_31_length_36360_cov_9.612256","NODE_31_length_36360_cov_9.612256:30948..31198:IncR_1__DQ449578:100.000000","","IncR",100,100,"30948","31198","1","251"
"bquu8zBfyYvHZZL78qD6tj","SAMN05960941","NODE_39_length_23748_cov_12.656011","NODE_39_length_23748_cov_12.656011:9411..9558:IncFII(K)_1__CP000648:97.297297","","IncFII(K)",97.3,100,"9411","9558","1","148"
"bquu8zBfyYvHZZL78qD6tj","SAMN05960941","NODE_48_length_12665_cov_12.841795","NODE_48_length_12665_cov_12.841795:4398..4957:IncFIB(K)_1__JN233704:100.000000","","IncFIB(K)",100,100,"4398","4957","1","560"
"bquu8zBfyYvHZZL78qD6tj","SAMN05960941","NODE_51_length_9393_cov_53.326124","NODE_51_length_9393_cov_53.326124:8184..8313:ColRNAI_1__DQ298019:100.000000","","ColRNAI",100,100,"8184","8313","1","130"
"bquu8zBfyYvHZZL78qD6tj","SAMN05960941","NODE_56_length_5700_cov_100.328334","NODE_56_length_5700_cov_100.328334:2531..2661:ColRNAI_1__DQ298019:89.458042","","ColRNAI",90.15,99.23,"2531","2661","1","130"
"bquu8zBfyYvHZZL78qD6tj","SAMN05960941","NODE_60_length_4587_cov_8.866087","NODE_60_length_4587_cov_8.866087:3118..3740:repB(R1701)_1__CP039970:99.197432","","repB(R1701)",99.2,100,"3118","3740","1","623"
"bquu8zBfyYvHZZL78qD6tj","SAMN05960941","NODE_64_length_3721_cov_66.076753","NODE_64_length_3721_cov_66.076753:1750..1880:Col(pHAD28)_1__KU674895:93.129771","","Col(pHAD28)",93.13,100,"1750","1880","1","131"
"bquu8zBfyYvHZZL78qD6tj","SAMN05960941","NODE_76_length_1557_cov_8.695048","NODE_76_length_1557_cov_8.695048:394..780:IncFIA(HI1)_1__AF250878:98.195876","","IncFIA(HI1)",98.45,99.74,"394","780","2","388"
"8VXzR8XaRRP1JhFB24qeEc","SAMEA111505120","NODE_36_length_18870_cov_30.555839","NODE_36_length_18870_cov_30.555839:17907..18157:IncR_1__DQ449578:100.000000","","IncR",100,100,"17907","18157","1","251"
"8VXzR8XaRRP1JhFB24qeEc","SAMEA111505120","NODE_39_length_16522_cov_34.295069","NODE_39_length_16522_cov_34.295069:12608..13167:IncFIB(K)_1__JN233704:98.928571","","IncFIB(K)",98.93,100,"12608","13167","1","560"
"8VXzR8XaRRP1JhFB24qeEc","SAMEA111505120","NODE_42_length_7564_cov_29.531046","NODE_42_length_7564_cov_29.531046:2265..2651:IncFIA(HI1)_1__AF250878:98.195876","","IncFIA(HI1)",98.45,99.74,"2265","2651","2","388"
"8VXzR8XaRRP1JhFB24qeEc","SAMEA111505120","NODE_50_length_3935_cov_1815.734456","NODE_50_length_3935_cov_1815.734456:3715..3845:Col(pHAD28)_1__KU674895:93.129771","","Col(pHAD28)",93.13,100,"3715","3845","1","131"
"8VXzR8XaRRP1JhFB24qeEc","SAMEA111505120","NODE_53_length_3628_cov_1971.585984","NODE_53_length_3628_cov_1971.585984:2789..3070:Col440II_1__CP023921:96.808511","","Col440II",96.81,100,"2789","3070","1","282"
"kqeLJxAzwr882v6QkeP2k1","SAMN05960878","NODE_16_length_70590_cov_27.964506","NODE_16_length_70590_cov_27.964506:9511..9658:IncFII(K)_1__CP000648:97.297297","","IncFII(K)",97.3,100,"9511","9658","1","148"
"kqeLJxAzwr882v6QkeP2k1","SAMN05960878","NODE_31_length_20924_cov_42.792221","NODE_31_length_20924_cov_42.792221:18072..18458:IncFIA(HI1)_1__AF250878:98.195876","","IncFIA(HI1)",98.45,99.74,"18072","18458","2","388"
"kqeLJxAzwr882v6QkeP2k1","SAMN05960878","NODE_34_length_14837_cov_36.406636","NODE_34_length_14837_cov_36.406636:5213..5463:IncR_1__DQ449578:100.000000","","IncR",100,100,"5213","5463","1","251"
"kqeLJxAzwr882v6QkeP2k1","SAMN05960878","NODE_38_length_12331_cov_29.894048","NODE_38_length_12331_cov_29.894048:7648..8207:IncFIB(K)_1__JN233704:100.000000","","IncFIB(K)",100,100,"7648","8207","1","560"
"w5D7sGqDTbHY3uzAgdVS9g","SAMEA6155850","NODE_16_length_81074_cov_5.095548","NODE_16_length_81074_cov_5.095548:9589..9736:IncFII(K)_1__CP000648:97.972973","","IncFII(K)",97.97,100,"9589","9736","1","148"
"w5D7sGqDTbHY3uzAgdVS9g","SAMEA6155850","NODE_20_length_40063_cov_10.827620","NODE_20_length_40063_cov_10.827620:38276..38714:IncFIB(pNDM-Mar)_1__JN420336:99.316629","","IncFIB(pNDM-Mar)",99.32,100,"38276","38714","1","439"
"w5D7sGqDTbHY3uzAgdVS9g","SAMEA6155850","NODE_23_length_33728_cov_15.611585","NODE_23_length_33728_cov_15.611585:6497..7236:IncFIB(pQil)_1__JN233705:100.000000","","IncFIB(pQil)",100,100,"6497","7236","1","740"
"w5D7sGqDTbHY3uzAgdVS9g","SAMEA6155850","NODE_29_length_8942_cov_4.510800","NODE_29_length_8942_cov_4.510800:4126..4685:IncFIB(K)_1__JN233704:98.928571","","IncFIB(K)",98.93,100,"4126","4685","1","560"
"w5D7sGqDTbHY3uzAgdVS9g","SAMEA6155850","NODE_31_length_7087_cov_13.033915","NODE_31_length_7087_cov_13.033915:700..1269:IncHI1B(pNDM-MAR)_1__JN420336:100.000000","","IncHI1B(pNDM-MAR)",100,100,"700","1269","1","570"
"w5D7sGqDTbHY3uzAgdVS9g","SAMEA6155850","NODE_39_length_4262_cov_35.563536","NODE_39_length_4262_cov_35.563536:949..1062:Col440I_1__CP023920:96.491228","","Col440I",96.49,100,"949","1062","1","114"
"dsMn34yULN54GxBEgXT361","SAMEA6155856","NODE_22_length_14256_cov_11.656424","NODE_22_length_14256_cov_11.656424:4932..5182:IncR_1__DQ449578:100.000000","","IncR",100,100,"4932","5182","1","251"
"dsMn34yULN54GxBEgXT361","SAMEA6155856","NODE_24_length_11109_cov_7.589555","NODE_24_length_11109_cov_7.589555:4417..4976:IncFIB(K)_1__JN233704:98.750000","","IncFIB(K)",98.75,100,"4417","4976","1","560"
"dsMn34yULN54GxBEgXT361","SAMEA6155856","NODE_30_length_5500_cov_6.872801","NODE_30_length_5500_cov_6.872801:2245..2472:IncFII(pKP91)_1__CP000966:94.816784","","IncFII(pKP91)",96.07,98.7,"2245","2472","3","230"
"aHQ3Jixe7VnXW3ieupEnPf","SAMEA7472398","NODE_29_length_43691_cov_6.556685","NODE_29_length_43691_cov_6.556685:38581..38954:IncX3_1__JN247852:100.000000","","IncX3",100,100,"38581","38954","1","374"
"aHQ3Jixe7VnXW3ieupEnPf","SAMEA7472398","NODE_45_length_14038_cov_8.708967","NODE_45_length_14038_cov_8.708967:9509..9656:IncFII(K)_1__CP000648:100.000000","","IncFII(K)",100,100,"9509","9656","1","148"
"aHQ3Jixe7VnXW3ieupEnPf","SAMEA7472398","NODE_46_length_12704_cov_9.278540","NODE_46_length_12704_cov_9.278540:4176..4735:IncFIB(K)_1__JN233704:100.000000","","IncFIB(K)",100,100,"4176","4735","1","560"
"aHQ3Jixe7VnXW3ieupEnPf","SAMEA7472398","NODE_56_length_5315_cov_307.661426","NODE_56_length_5315_cov_307.661426:3080..3360:Col440II_1__CP023921:90.425532","","Col440II",90.75,99.65,"3080","3360","2","282"
"aHQ3Jixe7VnXW3ieupEnPf","SAMEA7472398","NODE_56_length_5315_cov_307.661426","NODE_56_length_5315_cov_307.661426:2348..2457:Col440I_1__CP023920:90.350877","","Col440I",93.64,96.49,"2348","2457","1","110"
"aHQ3Jixe7VnXW3ieupEnPf","SAMEA7472398","NODE_58_length_4791_cov_262.848434","NODE_58_length_4791_cov_262.848434:73..186:Col440I_1__CP023920:96.491228","","Col440I",96.49,100,"73","186","1","114"
"aHQ3Jixe7VnXW3ieupEnPf","SAMEA7472398","NODE_61_length_4609_cov_219.315078","NODE_61_length_4609_cov_219.315078:3225..3338:Col440I_1__CP023920:97.368421","","Col440I",97.37,100,"3225","3338","1","114"
"x3LoLQefs6Bsf7wC8SHqPC","SAMEA6422781","NODE_11_length_152439_cov_45.076395","NODE_11_length_152439_cov_45.076395:78074..78512:IncFIB(pNDM-Mar)_1__JN420336:100.000000","","IncFIB(pNDM-Mar)",100,100,"78074","78512","1","439"
"x3LoLQefs6Bsf7wC8SHqPC","SAMEA6422781","NODE_18_length_61994_cov_29.650796","NODE_18_length_61994_cov_29.650796:1326..1473:IncFII(K)_1__CP000648:97.297297","","IncFII(K)",97.3,100,"1326","1473","1","148"
"x3LoLQefs6Bsf7wC8SHqPC","SAMEA6422781","NODE_31_length_24422_cov_45.998068","NODE_31_length_24422_cov_45.998068:18671..18921:IncR_1__DQ449578:100.000000","","IncR",100,100,"18671","18921","1","251"
"x3LoLQefs6Bsf7wC8SHqPC","SAMEA6422781","NODE_33_length_20983_cov_32.052193","NODE_33_length_20983_cov_32.052193:7794..8353:IncFIB(K)_1__JN233704:100.000000","","IncFIB(K)",100,100,"7794","8353","1","560"
"x3LoLQefs6Bsf7wC8SHqPC","SAMEA6422781","NODE_40_length_9513_cov_44.028787","NODE_40_length_9513_cov_44.028787:5832..6401:IncHI1B(pNDM-MAR)_1__JN420336:100.000000","","IncHI1B(pNDM-MAR)",100,100,"5832","6401","1","570"
"x3LoLQefs6Bsf7wC8SHqPC","SAMEA6422781","NODE_50_length_4262_cov_247.376651","NODE_50_length_4262_cov_247.376651:704..817:Col440I_1__CP023920:96.491228","","Col440I",96.49,100,"704","817","1","114"
"x3LoLQefs6Bsf7wC8SHqPC","SAMEA6422781","NODE_67_length_1557_cov_34.206522","NODE_67_length_1557_cov_34.206522:778..1164:IncFIA(HI1)_1__AF250878:98.195876","","IncFIA(HI1)",98.45,99.74,"778","1164","2","388"
"uE5yuLRjxRh8HEaZzJ8qyu","SAMEA115925724","NODE_36_length_29378_cov_29.783299","NODE_36_length_29378_cov_29.783299:535..1010:IncN4_1__JQ996149:96.848739","","IncN4",96.85,100,"535","1010","1","476"
"uE5yuLRjxRh8HEaZzJ8qyu","SAMEA115925724","NODE_45_length_11194_cov_11.354978","NODE_45_length_11194_cov_11.354978:4605..5042:RepB_1_pC39_CP061702.1:100.000000","","RepB",100,100,"4605","5042","1","438"
"uE5yuLRjxRh8HEaZzJ8qyu","SAMEA115925724","NODE_47_length_9369_cov_110.413277","NODE_47_length_9369_cov_110.413277:3685..3814:ColRNAI_1__DQ298019:100.000000","","ColRNAI",100,100,"3685","3814","1","130"
"uE5yuLRjxRh8HEaZzJ8qyu","SAMEA115925724","NODE_50_length_8235_cov_12.233211","NODE_50_length_8235_cov_12.233211:4346..4905:IncFIB(K)(pCAV1099-114)_1__CP011596:100.000000","","IncFIB(K)(pCAV1099-114)",100,100,"4346","4905","1","560"
"uE5yuLRjxRh8HEaZzJ8qyu","SAMEA115925724","NODE_65_length_3619_cov_710.832957","NODE_65_length_3619_cov_710.832957:1713..1994:Col440II_1__CP023921:97.517730","","Col440II",97.52,100,"1713","1994","1","282"
"uE5yuLRjxRh8HEaZzJ8qyu","SAMEA115925724","NODE_68_length_2469_cov_540.821637","NODE_68_length_2469_cov_540.821637:855..968:Col440I_1__CP023920:96.491228","","Col440I",96.49,100,"855","968","1","114"
"spa5BonHmewtQxFfRGzo3Z","SAMEA7472502","NODE_26_length_36787_cov_9.517117","NODE_26_length_36787_cov_9.517117:8546..9105:IncFIB(K)(pCAV1099-114)_1__CP011596:99.642857","","IncFIB(K)(pCAV1099-114)",99.64,100,"8546","9105","1","560"
"spa5BonHmewtQxFfRGzo3Z","SAMEA7472502","NODE_26_length_36787_cov_9.517117","NODE_26_length_36787_cov_9.517117:818..1260:repFIB_pC39_CP061701:97.968397","","repFIB",97.97,100,"818","1260","1","443"
"spa5BonHmewtQxFfRGzo3Z","SAMEA7472502","NODE_28_length_33511_cov_11.403089","NODE_28_length_33511_cov_11.403089:1764..2202:IncFIB(pNDM-Mar)_1__JN420336:100.000000","","IncFIB(pNDM-Mar)",100,100,"1764","2202","1","439"
"spa5BonHmewtQxFfRGzo3Z","SAMEA7472502","NODE_32_length_22244_cov_10.690554","NODE_32_length_22244_cov_10.690554:19212..19781:IncHI1B(pNDM-MAR)_1__JN420336:100.000000","","IncHI1B(pNDM-MAR)",100,100,"19212","19781","1","570"
"spa5BonHmewtQxFfRGzo3Z","SAMEA7472502","NODE_44_length_7958_cov_4.500445","NODE_44_length_7958_cov_4.500445:5806..6193:IncFIA(HI1)_1__AF250878:97.422680","","IncFIA(HI1)",97.42,100,"5806","6193","1","388"
"spa5BonHmewtQxFfRGzo3Z","SAMEA7472502","NODE_48_length_5996_cov_479.034594","NODE_48_length_5996_cov_479.034594:1343..1473:Col(pHAD28)_1__KU674895:94.656489","","Col(pHAD28)",94.66,100,"1343","1473","1","131"
"9sE5qy5xqsGY2xaodzMopi","SAMEA6155839","NODE_22_length_59487_cov_27.737792","NODE_22_length_59487_cov_27.737792:49874..50537:IncM2_1__AF550415:100.000000","","IncM2",100,100,"49874","50537","1","664"
"9sE5qy5xqsGY2xaodzMopi","SAMEA6155839","NODE_33_length_7394_cov_38.196984","NODE_33_length_7394_cov_38.196984:1671..1801:Col(pHAD28)_1__KU674895:94.656489","","Col(pHAD28)",94.66,100,"1671","1801","1","131"
"9sE5qy5xqsGY2xaodzMopi","SAMEA6155839","NODE_33_length_7394_cov_38.196984","NODE_33_length_7394_cov_38.196984:5859..5989:Col(pHAD28)_1__KU674895:92.366412","","Col(pHAD28)",92.37,100,"5859","5989","1","131"
"9sE5qy5xqsGY2xaodzMopi","SAMEA6155839","NODE_34_length_6281_cov_19.047396","NODE_34_length_6281_cov_19.047396:4777..4907:Col(pHAD28)_1__KU674895:92.366412","","Col(pHAD28)",92.37,100,"4777","4907","1","131"
"9sE5qy5xqsGY2xaodzMopi","SAMEA6155839","NODE_40_length_2610_cov_20.650339","NODE_40_length_2610_cov_20.650339:802..911:Col440I_1__CP023920:88.596491","","Col440I",91.82,96.49,"802","911","1","110"
"3AJK3c5jFBmgxDy2gChsW6","SAMEA111505141","NODE_27_length_52806_cov_9.720563","NODE_27_length_52806_cov_9.720563:8792..8939:IncFII(K)_1__CP000648:97.297297","","IncFII(K)",97.3,100,"8792","8939","1","148"
"3AJK3c5jFBmgxDy2gChsW6","SAMEA111505141","NODE_48_length_12433_cov_10.035604","NODE_48_length_12433_cov_10.035604:4101..4660:IncFIB(K)_1__JN233704:100.000000","","IncFIB(K)",100,100,"4101","4660","1","560"
"3AJK3c5jFBmgxDy2gChsW6","SAMEA111505141","NODE_58_length_4425_cov_1110.393563","NODE_58_length_4425_cov_1110.393563:7..126:Col(pHAD28)_1__KU674895:86.259542","","Col(pHAD28)",94.17,91.6,"7","126","1","120"
"3AJK3c5jFBmgxDy2gChsW6","SAMEA111505141","NODE_58_length_4425_cov_1110.393563","NODE_58_length_4425_cov_1110.393563:4346..4425:Col(pHAD28)_1__KU674895:57.251908","","Col(pHAD28)",93.75,61.07,"4346","4425","52","131"
"bzCc3Xerf8PwGcW2vKZFtx","SAMEA6155797","NODE_12_length_56343_cov_10.943585","NODE_12_length_56343_cov_10.943585:27225..27475:IncR_1__DQ449578:100.000000","","IncR",100,100,"27225","27475","1","251"
"bzCc3Xerf8PwGcW2vKZFtx","SAMEA6155797","NODE_12_length_56343_cov_10.943585","NODE_12_length_56343_cov_10.943585:51944..52057:Col440I_1__CP023920:94.736842","","Col440I",94.74,100,"51944","52057","1","114"
"bzCc3Xerf8PwGcW2vKZFtx","SAMEA6155797","NODE_15_length_17885_cov_8.554931","NODE_15_length_17885_cov_8.554931:15243..15629:IncFIA(HI1)_1__AF250878:98.195876","","IncFIA(HI1)",98.45,99.74,"15243","15629","2","388"
"pDiV8Gt7SwFFgreytfi7Hs","SAMN05960927","NODE_25_length_33718_cov_31.782236","NODE_25_length_33718_cov_31.782236:9056..9283:IncFII(pKP91)_1__CP000966:94.816784","","IncFII(pKP91)",96.07,98.7,"9056","9283","3","230"
"pDiV8Gt7SwFFgreytfi7Hs","SAMN05960927","NODE_32_length_10762_cov_31.191128","NODE_32_length_10762_cov_31.191128:6078..6637:IncFIB(K)_1__JN233704:98.928571","","IncFIB(K)",98.93,100,"6078","6637","1","560"
"azq911uyDWwcXBStdjpCVW","SAMEA6155880","NODE_9_length_56343_cov_17.171609","NODE_9_length_56343_cov_17.171609:28869..29119:IncR_1__DQ449578:100.000000","","IncR",100,100,"28869","29119","1","251"
"azq911uyDWwcXBStdjpCVW","SAMEA6155880","NODE_9_length_56343_cov_17.171609","NODE_9_length_56343_cov_17.171609:4287..4400:Col440I_1__CP023920:94.736842","","Col440I",94.74,100,"4287","4400","1","114"
"azq911uyDWwcXBStdjpCVW","SAMEA6155880","NODE_12_length_17885_cov_13.525188","NODE_12_length_17885_cov_13.525188:15243..15629:IncFIA(HI1)_1__AF250878:98.195876","","IncFIA(HI1)",98.45,99.74,"15243","15629","2","388"
"xguuWbXG7xoxRmrunrFe1U","SAMN05960871","NODE_40_length_28103_cov_53.226039","NODE_40_length_28103_cov_53.226039:697..1084:IncFIA(HI1)_1__AF250878:96.649485","","IncFIA(HI1)",96.65,100,"697","1084","1","388"
"xguuWbXG7xoxRmrunrFe1U","SAMN05960871","NODE_51_length_4634_cov_324.880926","NODE_51_length_4634_cov_324.880926:30..143:Col440I_1__CP023920:95.614035","","Col440I",95.61,100,"30","143","1","114"
"xguuWbXG7xoxRmrunrFe1U","SAMN05960871","NODE_51_length_4634_cov_324.880926","NODE_51_length_4634_cov_324.880926:2561..2655:Col(MGD2)_1__NC_003789:63.357843","","Col(MGD2)",91.67,69.12,"2561","2655","1","95"
"xguuWbXG7xoxRmrunrFe1U","SAMN05960871","NODE_54_length_4327_cov_327.659886","NODE_54_length_4327_cov_327.659886:2252..2365:Col440I_1__CP023920:96.491228","","Col440I",96.49,100,"2252","2365","1","114"
"xaMyne9sa6U6DnZNNRE8F6","SAMEA6654227","NODE_16_length_78405_cov_21.452315","NODE_16_length_78405_cov_21.452315:30644..30871:IncFII(pKP91)_1__CP000966:94.385798","","IncFII(pKP91)",95.63,98.7,"30644","30871","3","230"
"xaMyne9sa6U6DnZNNRE8F6","SAMEA6654227","NODE_19_length_53177_cov_12.326124","NODE_19_length_53177_cov_12.326124:31649..32087:IncFIB(pNDM-Mar)_1__JN420336:99.316629","","IncFIB(pNDM-Mar)",99.32,100,"31649","32087","1","439"
"xaMyne9sa6U6DnZNNRE8F6","SAMEA6654227","NODE_29_length_27369_cov_78.559039","NODE_29_length_27369_cov_78.559039:22259..22632:IncX3_1__JN247852:100.000000","","IncX3",100,100,"22259","22632","1","374"
"xaMyne9sa6U6DnZNNRE8F6","SAMEA6654227","NODE_32_length_24464_cov_18.175744","NODE_32_length_24464_cov_18.175744:2868..3427:IncFIB(K)_1__JN233704:99.107143","","IncFIB(K)",99.11,100,"2868","3427","1","560"
"xaMyne9sa6U6DnZNNRE8F6","SAMEA6654227","NODE_35_length_12698_cov_101.870545","NODE_35_length_12698_cov_101.870545:5910..6138:ColKP3_1__JN205800:81.785714","","ColKP3",100,81.79,"5910","6138","1","229"
"xaMyne9sa6U6DnZNNRE8F6","SAMEA6654227","NODE_44_length_9393_cov_309.476436","NODE_44_length_9393_cov_309.476436:8451..8580:ColRNAI_1__DQ298019:100.000000","","ColRNAI",100,100,"8451","8580","1","130"
"xaMyne9sa6U6DnZNNRE8F6","SAMEA6654227","NODE_47_length_4579_cov_12.271429","NODE_47_length_4579_cov_12.271429:3959..4487:IncQ1_1__M28829:66.457286","","IncQ1",100,66.46,"3959","4487","1","529"
"i3xxvB6hAz3pnsd5StVfSj","SAMEA5753760","NODE_27_length_57077_cov_22.424743","NODE_27_length_57077_cov_22.424743:5507..5736:IncFII(pKP91)_1__CP000966:99.565217","","IncFII(pKP91)",99.57,100,"5507","5736","1","230"
"i3xxvB6hAz3pnsd5StVfSj","SAMEA5753760","NODE_35_length_37232_cov_23.668516","NODE_35_length_37232_cov_23.668516:31994..32244:IncR_1__DQ449578:99.601594","","IncR",99.6,100,"31994","32244","1","251"
"i3xxvB6hAz3pnsd5StVfSj","SAMEA5753760","NODE_49_length_14008_cov_22.070170","NODE_49_length_14008_cov_22.070170:9558..10116:IncFIB(K)(pCAV1099-114)_1__CP011596:95.892857","","IncFIB(K)(pCAV1099-114)",96.06,99.82,"9558","10116","1","559"
"dJStMMFAC2bmA8Scq4nvtK","SAMEA5753329","NODE_31_length_22200_cov_20.097643","NODE_31_length_22200_cov_20.097643:8944..9194:IncR_1__DQ449578:100.000000","","IncR",100,100,"8944","9194","1","251"
"dJStMMFAC2bmA8Scq4nvtK","SAMEA5753329","NODE_32_length_20233_cov_15.113986","NODE_32_length_20233_cov_15.113986:13378..13937:IncFIB(K)_1__JN233704:98.928571","","IncFIB(K)",98.93,100,"13378","13937","1","560"
"dJStMMFAC2bmA8Scq4nvtK","SAMEA5753329","NODE_42_length_5569_cov_28.249177","NODE_42_length_5569_cov_28.249177:3847..3960:Col440I_1__CP023920:94.736842","","Col440I",94.74,100,"3847","3960","1","114"
"wT6WCsfjiMQNCCZwBv3VpS","SAMEA5753749","NODE_51_length_16747_cov_20.831932","NODE_51_length_16747_cov_20.831932:15050..15619:IncHI1B(pNDM-MAR)_1__JN420336:99.473684","","IncHI1B(pNDM-MAR)",99.47,100,"15050","15619","1","570"
"wT6WCsfjiMQNCCZwBv3VpS","SAMEA5753749","NODE_62_length_10882_cov_17.455996","NODE_62_length_10882_cov_17.455996:7121..7680:IncFIB(K)(pCAV1099-114)_1__CP011596:99.821429","","IncFIB(K)(pCAV1099-114)",99.82,100,"7121","7680","1","560"
"wT6WCsfjiMQNCCZwBv3VpS","SAMEA5753749","NODE_67_length_8070_cov_17.196211","NODE_67_length_8070_cov_17.196211:696..1083:IncFIA(HI1)_1__AF250878:96.649485","","IncFIA(HI1)",96.65,100,"696","1083","1","388"
"wT6WCsfjiMQNCCZwBv3VpS","SAMEA5753749","NODE_71_length_7567_cov_21.268881","NODE_71_length_7567_cov_21.268881:7438..7551:Col440I_1__CP023920:95.614035","","Col440I",95.61,100,"7438","7551","1","114"
"wT6WCsfjiMQNCCZwBv3VpS","SAMEA5753749","NODE_79_length_4916_cov_25.933361","NODE_79_length_4916_cov_25.933361:2511..2621:Col440I_1__CP023920:92.105263","","Col440I",94.59,97.37,"2511","2621","1","111"
"wT6WCsfjiMQNCCZwBv3VpS","SAMEA5753749","NODE_79_length_4916_cov_25.933361","NODE_79_length_4916_cov_25.933361:4630..4724:Col(MGD2)_1__NC_003789:63.970588","","Col(MGD2)",91.58,69.85,"4630","4724","1","95"
"7aR3p2hMP7yySU3AEsfjTf","SAMEA6155801","NODE_9_length_68929_cov_5.669563","NODE_9_length_68929_cov_5.669563:4177..4736:IncFIB(K)_1__JN233704:98.928571","","IncFIB(K)",98.93,100,"4177","4736","1","560"
"7aR3p2hMP7yySU3AEsfjTf","SAMEA6155801","NODE_9_length_68929_cov_5.669563","NODE_9_length_68929_cov_5.669563:67030..67177:IncFII(K)_1__CP000648:95.945946","","IncFII(K)",95.95,100,"67030","67177","1","148"
"7aR3p2hMP7yySU3AEsfjTf","SAMEA6155801","NODE_15_length_28595_cov_3.486033","NODE_15_length_28595_cov_3.486033:4070..4508:IncFIB(pNDM-Mar)_1__JN420336:100.000000","","IncFIB(pNDM-Mar)",100,100,"4070","4508","1","439"
"e2FN2dMA7TPmZQ8fRP7V1j","SAMN05960919","NODE_18_length_70172_cov_27.020207","NODE_18_length_70172_cov_27.020207:60933..61080:IncFII(K)_1__CP000648:97.297297","","IncFII(K)",97.3,100,"60933","61080","1","148"
"e2FN2dMA7TPmZQ8fRP7V1j","SAMN05960919","NODE_20_length_44402_cov_32.300160","NODE_20_length_44402_cov_32.300160:2467..2853:IncFIA(HI1)_1__AF250878:98.195876","","IncFIA(HI1)",98.45,99.74,"2467","2853","2","388"
"e2FN2dMA7TPmZQ8fRP7V1j","SAMN05960919","NODE_20_length_44402_cov_32.300160","NODE_20_length_44402_cov_32.300160:38918..39168:IncR_1__DQ449578:100.000000","","IncR",100,100,"38918","39168","1","251"
"e2FN2dMA7TPmZQ8fRP7V1j","SAMN05960919","NODE_28_length_12661_cov_28.185719","NODE_28_length_12661_cov_28.185719:7605..8164:IncFIB(K)_1__JN233704:100.000000","","IncFIB(K)",100,100,"7605","8164","1","560"
"e2FN2dMA7TPmZQ8fRP7V1j","SAMN05960919","NODE_33_length_5350_cov_437.488478","NODE_33_length_5350_cov_437.488478:1371..1652:Col440II_1__CP023921:100.000000","","Col440II",100,100,"1371","1652","1","282"
"e2FN2dMA7TPmZQ8fRP7V1j","SAMN05960919","NODE_33_length_5350_cov_437.488478","NODE_33_length_5350_cov_437.488478:664..794:Col(pHAD28)_1__KU674895:92.366412","","Col(pHAD28)",92.37,100,"664","794","1","131"
"e2FN2dMA7TPmZQ8fRP7V1j","SAMN05960919","NODE_34_length_4810_cov_194.936744","NODE_34_length_4810_cov_194.936744:3184..3314:Col(pHAD28)_1__KU674895:94.656489","","Col(pHAD28)",94.66,100,"3184","3314","1","131"
"e2FN2dMA7TPmZQ8fRP7V1j","SAMN05960919","NODE_41_length_3313_cov_267.526447","NODE_41_length_3313_cov_267.526447:2823..2953:Col(pHAD28)_1__KU674895:92.366412","","Col(pHAD28)",92.37,100,"2823","2953","1","131"
"iNE6FvQH4fXR8XwrPTUzfh","SAMEA7472429","NODE_26_length_50479_cov_11.667646","NODE_26_length_50479_cov_11.667646:9613..9760:IncFII(K)_1__CP000648:98.648649","","IncFII(K)",98.65,100,"9613","9760","1","148"
"iNE6FvQH4fXR8XwrPTUzfh","SAMEA7472429","NODE_30_length_39245_cov_16.859347","NODE_30_length_39245_cov_16.859347:4738..5111:IncX3_1__JN247852:100.000000","","IncX3",100,100,"4738","5111","1","374"
"iNE6FvQH4fXR8XwrPTUzfh","SAMEA7472429","NODE_32_length_34424_cov_13.092003","NODE_32_length_34424_cov_13.092003:20526..21265:IncFIB(pQil)_1__JN233705:100.000000","","IncFIB(pQil)",100,100,"20526","21265","1","740"
"iNE6FvQH4fXR8XwrPTUzfh","SAMEA7472429","NODE_37_length_17209_cov_7.114904","NODE_37_length_17209_cov_7.114904:3313..3872:IncFIB(K)(pCAV1099-114)_1__CP011596:100.000000","","IncFIB(K)(pCAV1099-114)",100,100,"3313","3872","1","560"
"iNE6FvQH4fXR8XwrPTUzfh","SAMEA7472429","NODE_41_length_8686_cov_6.393385","NODE_41_length_8686_cov_6.393385:7517..8086:IncHI1B(pNDM-MAR)_1__JN420336:100.000000","","IncHI1B(pNDM-MAR)",100,100,"7517","8086","1","570"
"iNE6FvQH4fXR8XwrPTUzfh","SAMEA7472429","NODE_46_length_4940_cov_350.418095","NODE_46_length_4940_cov_350.418095:1771..1884:Col440I_1__CP023920:94.736842","","Col440I",94.74,100,"1771","1884","1","114"
"iNE6FvQH4fXR8XwrPTUzfh","SAMEA7472429","NODE_61_length_1879_cov_1847.924157","NODE_61_length_1879_cov_1847.924157:934..1126:ColpVC_1__JX133088:97.409326","","ColpVC",97.41,100,"934","1126","1","193"
