"Genome ID","Genome Name","Kleborate version","Wrapper version","species","species_match","contig_count","N50","largest_contig","total_size","ambiguous_bases","QC_warnings","ST","clonal_complex","gapA","infB","mdh","pgi","phoE","rpoB","tonB","YbST","Yersiniabactin","ybtS","ybtX","ybtQ","ybtP","ybtA","irp2","irp1","ybtU","ybtT","ybtE","fyuA","spurious_ybt_hits","CbST","Colibactin","clbA","clbB","clbC","clbD","clbE","clbF","clbG","clbH","clbI","clbL","clbM","clbN","clbO","clbP","clbQ","spurious_clb_hits","AbST","Aerobactin","iucA","iucB","iucC","iucD","iutA","spurious_abst_hits","SmST","Salmochelin","iroB","iroC","iroD","iroN","spurious_smst_hits","RmST","RmpADC","rmpA","rmpD","rmpC","spurious_rmst_hits","virulence_score","spurious_virulence_hits","rmpA2","AGly_acquired","Col_acquired","Fcyn_acquired","Flq_acquired","Gly_acquired","MLS_acquired","Phe_acquired","Rif_acquired","Sul_acquired","Tet_acquired","Tgc_acquired","Tmt_acquired","Bla_acquired","Bla_inhR_acquired","Bla_ESBL_acquired","Bla_ESBL_inhR_acquired","Bla_Carb_acquired","Bla_chr","SHV_mutations","Omp_mutations","Col_mutations","Flq_mutations","truncated_resistance_hits","spurious_resistance_hits","resistance_score","resistance_class_count","resistance_gene_count","wzi","K_locus","K_type","K_locus_confidence","K_locus_problems","K_locus_identity","K_Missing_expected_genes","O_locus","O_type","O_locus_confidence","O_locus_problems","O_locus_identity","O_Missing_expected_genes"
"3WCUueHWWitxF29LDcNBg1","SAMEA5753723","v3.2.4","6","Klebsiella pneumoniae","strong","45","361760","779817","5413836","yes (305)","ambiguous_bases","ST3123",,"170","3","1","1","1","10","426","0","-","-","-","-","-","-","-","-","-","-","-","-","-","0","-","-","-","-","-","-","-","-","-","-","-","-","-","-","-","-","-","0","-","-","-","-","-","-","-","0","-","-","-","-","-","-","0","-","-","-","-","-","0","-","-","-","-","-","-","-","-","-","-","-","-","-","-","-","-","-","-","-","SHV-1","-","-","-","-","-","-","0",,,"wzi555","KL34","K34","Typeable","?6-","99.42%","KL34_13_wzy","OL2α.1","O2α","Typeable","-","99.27%","-"
"1RXztsojJqnvkTR9a9NXZ6","SAMEA5753775","v3.2.4","6","Klebsiella pneumoniae","strong","187","122255","388952","5748397","yes (208)","ambiguous_bases","ST29",,"2","3","2","2","6","4","4","239-4LV","ybt 17; ICEKp10","6","15","92","101","11","209","234","2","11","4","2","-","0","-","-","-","-","-","-","-","-","-","-","-","-","-","-","-","-","-","0","-","-","-","-","-","-","-","0","-","-","-","-","-","-","0","-","-","-","-","-","1","-","-","-","-","-","-","-","-","-","-","-","-","-","-","-","-","-","-","-","SHV-187","-","-","-","-","-","-","0",,,"wzi2","KL2","K2","Typeable","?7-","99.84%","KL2_10;KL2_11_wzx;KL2_09;KL2_08","OL2α.2","O1αβ,2β","Typeable","-","99.05%","-"
"w6MPevbE8wpJfQejowGtQZ","SAMN36884877","v3.2.4","6","Klebsiella pneumoniae","strong","73","289737","674664","5668464","yes (893)","ambiguous_bases","ST39",,"2","1","2","4","9","1","14","145-2LV","ybt 14; ICEKp5","4","4","5*","4","1","8","47*","2","4","4","2","-","0","-","-","-","-","-","-","-","-","-","-","-","-","-","-","-","-","-","0","-","-","-","-","-","-","-","0","-","-","-","-","-","-","0","-","-","-","-","-","1","-","-","aac(3)-IIa.v1;aadA16*;strB.v1*;strA.v1*;aac(6')-Ib-cr.v2","-","-","qnrB2.v1^;aac(6')-Ib-cr.v2","-","-","catII.2*","arr-3","sul1;sul1;sul2","-","-","dfrA27","-","-","CTX-M-15","-","-","SHV-11^","SHV:p.Leu35Gln","-","-","-","-","-","1",,,"wzi83","KL23","K23","Typeable","-","99.94%","-","OL2α.2","O1αβ,2β","Typeable","-","98.93%","-"
"rpT6nbbz9R8UF6yARvuEyz","SAMN05960897","v3.2.4","6","Klebsiella pneumoniae","strong","79","235866","540910","5154903","yes (99)","ambiguous_bases","ST34",,"2","3","6","1","9","7","4","0","-","-","-","-","-","-","-","-","-","-","-","-","-","0","-","-","-","-","-","-","-","-","-","-","-","-","-","-","-","-","-","0","-","-","-","-","-","-","-","0","-","-","-","-","-","-","0","-","-","-","-","-","0","-","-","-","-","-","-","-","-","-","-","-","-","-","-","-","-","-","-","-","SHV-26","-","-","-","-","-","-","0",,,"wzi411","KL154","unknown (KL154)","Typeable","-","99.97%","-","OL2α.1","O11αβ,2α","Typeable","-","99.18%","-"
"wgAdqqd6Up7MEoM7Vt6GXb","SAMEA6654218","v3.2.4","6","Klebsiella pneumoniae","strong","84","319758","468169","5609627","yes (818)","ambiguous_bases","ST25",,"2","1","1","1","10","4","13","277","ybt 16; ICEKp12","6","15","5","4","11","33","23","2","11","4","2","-","0","-","-","-","-","-","-","-","-","-","-","-","-","-","-","-","-","-","0","-","-","-","-","-","-","-","0","-","-","-","-","-","-","0","-","-","-","-","-","1","-","-","aac(3)-IIa.v1^;strB.v1;aph3-Ia.v1^;strA.v1;aac(6')-Ib-cr.v2","-","-","qnrS1;aac(6')-Ib-cr.v2","-","-","catA1*","-","sul1;sul2","tet(D)","-","dfrA15.v2","LAP-2;OXA-1","-","CTX-M-15","-","-","SHV-11^","SHV:p.Leu35Gln","OmpK35:p.Gly134fs","-","-","-","catB3.v1?-70%","1",,,"wzi72","KL2","K2","Typeable","?2!","99.58%","-","OL2α.2","O1αβ,2α","Typeable","!","99.55%","-"
"wB3Fj8XZh7JhhN3cus12eN","SAMEA111505134","v3.2.4","6","Klebsiella pneumoniae","strong","62","156165","465769","5164766","yes (1058)","ambiguous_bases","ST17",,"2","1","1","1","4","4","4","0","-","-","-","-","-","-","-","-","-","-","-","-","-","0","-","-","-","-","-","-","-","-","-","-","-","-","-","-","-","-","-","0","-","-","-","-","-","-","-","0","-","-","-","-","-","-","0","-","-","-","-","-","0","-","-","-","-","-","-","-","-","-","-","-","-","-","-","-","-","-","-","-","SHV-11^","SHV:p.Leu35Gln","-","-","-","-","-","0",,,"wzi75","KL105","unknown (KL105)","Typeable","?6!","99.43%","-","OL2α.2","O2β","Typeable","-","99.12%","-"
"fm2r9e8621BM8zH6Ly1sTk","SAMEA6155746","v3.2.4","6","Klebsiella pneumoniae","strong","76","408298","765489","5566139","yes (497)","ambiguous_bases","ST39",,"2","1","2","4","9","1","14","0","-","-","-","-","-","-","-","-","-","-","-","-","-","0","-","-","-","-","-","-","-","-","-","-","-","-","-","-","-","-","-","0","-","-","-","-","-","-","-","0","-","-","-","-","-","-","0","-","-","-","-","-","0","-","-","aac(3)-IIa.v1^;strB.v1;strA.v1;aadA^;aac(6')-Ib-cr.v2","-","-","qnrS1;aac(6')-Ib-cr.v2","-","-","catA1*","-","sul1^;sul2","tet(A).v1","-","dfrA15.v2","LAP-2;OXA-1","-","CTX-M-15","-","-","SHV-11^","SHV:p.Leu35Gln","-","-","-","-","catB3.v1?-70%","1",,,"wzi180","KL116","unknown (KL116)","Typeable","?2","99.98%","-","OL2α.1","O1αβ,2α","Typeable","-","99.19%","-"
"9RhMYsQKag5K66mFK1tD7W","SAMEA6155852","v3.2.4","6","Klebsiella pneumoniae","strong","56","307975","1250614","5789294","yes (600)","ambiguous_bases","ST307",,"4","1","2","52","1","1","7","0","-","-","-","-","-","-","-","-","-","-","-","-","-","0","-","-","-","-","-","-","-","-","-","-","-","-","-","-","-","-","-","0","-","-","-","-","-","-","-","0","-","-","-","-","-","-","0","-","-","-","-","-","0","-","-","aac(3)-IIa.v1^;strB.v1;strA.v1^;aac(6')-Ib-cr.v2","-","-","qnrB1.v2^;aac(6')-Ib-cr.v2","-","-","-","-","sul2","tet(A).v1","-","dfrA14.v2*","OXA-1","-","CTX-M-15","-","-","SHV-28^","-","-","-","GyrA:p.Ser83Ile;ParC:p.Ser80Ile","-","catB3.v1?-70%","1",,,"wzi173","KL102","unknown (KL102)","Typeable","-","99.66%","-","OL2α.2","O2β","Typeable","-","99.13%","-"
"dSpqW4TtLMp5jxf16ShoPH","SAMEA6155959","v3.2.4","6","Klebsiella pneumoniae","strong","93","254722","740127","5704305","yes (491)","ambiguous_bases","ST392",,"3","4","6","1","7","4","40","0","-","-","-","-","-","-","-","-","-","-","-","-","-","0","-","-","-","-","-","-","-","-","-","-","-","-","-","-","-","-","-","0","-","-","-","-","-","-","-","0","-","-","-","-","-","-","0","-","-","-","-","-","0","-","-","aac(3)-IIa.v1^;strB.v1;strA.v1^;aph(3')-VI;aadA2^;armA;aac(6')-Ib-cr.v2","-","-","qnrB1.v2^;aac(6')-Ib-cr.v2","-","msrE;mphE.v2^","-","-","sul1;sul2","-","-","dfrA12;dfrA14.v2*","OXA-1","-","CTX-M-15","-","NDM-1","SHV-11^","SHV:p.Leu35Gln","OmpK35:p.Ala119fs","-","GyrA:p.Ser83Ile;ParC:p.Ser80Ile","-","catB3.v1?-70%","2",,,"wzi187","KL27","K27","Typeable","-","99.79%","-","OL4","O4","Typeable","-","99.61%","-"
"qGZQwxzyQbG9xv2FqV4dvb","SAMEA7472389","v3.2.4","6","Klebsiella pneumoniae","strong","117","92452","314458","5269538","yes (426)","ambiguous_bases","ST307",,"4","1","2","52","1","1","7","0","-","-","-","-","-","-","-","-","-","-","-","-","-","0","-","-","-","-","-","-","-","-","-","-","-","-","-","-","-","-","-","0","-","-","-","-","-","-","-","0","-","-","-","-","-","-","0","-","-","-","-","-","0","-","-","aac(6')-Ib-cr.v2","-","-","qnrB6^;aac(6')-Ib-cr.v2","-","-","-","arr-3","sul1","-","-","dfrA27","-","-","-","-","-","SHV-28^","-","-","-","GyrA:p.Ser83Ile;ParC:p.Ser80Ile","-","-","0",,,"wzi173","KL102","unknown (KL102)","Typeable","?3-","99.65%","KL102_12;KL102_08_wzy;KL102_11;KL102_14;KL102_09;KL102_13;KL102_10","OL2α.2","O2β","Typeable","-","99.13%","-"
"jBvDDt7BspaLmDx9ktp1U1","SAMEA6654212","v3.2.4","6","Klebsiella pneumoniae","strong","79","270802","455463","5610405","yes (991)","ambiguous_bases","ST25",,"2","1","1","1","10","4","13","277","ybt 16; ICEKp12","6","15","5","4","11","33","23","2","11","4","2","-","0","-","-","-","-","-","-","-","-","-","-","-","-","-","-","-","-","-","0","-","-","-","-","-","-","-","0","-","-","-","-","-","-","0","-","-","-","-","-","1","-","-","aac(3)-IIa.v1^;strB.v1;aph3-Ia.v1^;strA.v1;aac(6')-Ib-cr.v2","-","-","qnrS1;aac(6')-Ib-cr.v2","-","-","catA1*","-","sul1;sul2","tet(D)","-","dfrA15.v2","LAP-2;OXA-1","-","CTX-M-15","-","-","SHV-11^","SHV:p.Leu35Gln","OmpK35:p.Gly134fs","-","-","-","catB3.v1?-70%","1",,,"wzi72","KL2","K2","Typeable","-","99.56%","-","OL2α.2","O1αβ,2β","Typeable","-","99.55%","-"
"hqgrhRJ5wzXsFmNFw9knve","SAMEA111504603","v3.2.4","6","Klebsiella pneumoniae","strong","81","184744","551928","5461145","yes (899)","ambiguous_bases","ST73",,"2","3","4","1","12","6","19","277-1LV","ybt 16; ICEKp12","6","15","5","4*","11","33","23","2","11","4","2","-","0","-","-","-","-","-","-","-","-","-","-","-","-","-","-","-","-","-","0","-","-","-","-","-","-","-","0","-","-","-","-","-","-","0","-","-","-","-","-","1","-","-","aadA^;aac(3)-IIa.v1","-","-","-","-","-","-","-","sul1","tet(C)","-","dfrA8","SCO-1","-","CTX-M-15","-","-","SHV-1^","-","-","-","-","-","-","1",,,"wzi133","KL25","K25","Typeable","!","99.69%","-","OL2α.1","O1αβ,2α","Typeable","-","98.91%","-"
"fzMzq2HmX4xgAcvRsyQ6VR","SAMEA5753759","v3.2.4","6","Klebsiella pneumoniae","strong","53","298155","502561","5117412","yes (357)","ambiguous_bases","ST1661",,"2","1","1","2","89","4","4","0","-","-","-","-","-","-","-","-","-","-","-","-","-","0","-","-","-","-","-","-","-","-","-","-","-","-","-","-","-","-","-","0","-","-","-","-","-","-","-","0","-","-","-","-","-","-","0","-","-","-","-","-","0","-","-","-","-","-","-","-","-","-","-","-","-","-","-","-","-","-","-","-","SHV-1","-","-","-","-","-","-","0",,,"wzi118","KL146","unknown (KL146)","Typeable","?7","97.01%","-","OL2α.2","O2β","Typeable","?2","99.18%","-"
"tPC3fHPm4cUAQydyX8S6Nx","SAMEA6155842","v3.2.4","6","Klebsiella pneumoniae","strong","19","734720","2234895","5123109","yes (685)","ambiguous_bases","ST5241",,"2","5","399","1","4","1","4","0","-","-","-","-","-","-","-","-","-","-","-","-","-","0","-","-","-","-","-","-","-","-","-","-","-","-","-","-","-","-","-","0","-","-","-","-","-","-","-","0","-","-","-","-","-","-","0","-","-","-","-","-","0","-","-","aac(3)-IIa.v1;strA.v1*","-","-","qnrS1","-","-","-","-","sul2","tet(D)","-","dfrA14.v2*","-","-","-","-","-","SHV-1","-","-","-","-","-","-","0",,,"wzi95","KL123","unknown (KL123)","Typeable","-","97.33%","-","OL5","O5","Typeable","-","98.25%","-"
"xiaFujBbb97VoVyVGb2yFU","SAMEA6155926","v3.2.4","6","Klebsiella pneumoniae","strong","51","462530","927536","5577582","yes (772)","ambiguous_bases","ST307",,"4","1","2","52","1","1","7","0","-","-","-","-","-","-","-","-","-","-","-","-","-","0","-","-","-","-","-","-","-","-","-","-","-","-","-","-","-","-","-","0","-","-","-","-","-","-","-","0","-","-","-","-","-","-","0","-","-","-","-","-","0","-","-","aac(3)-IIa.v1^;strB.v1;strA.v1^;aac(6')-Ib-cr.v2","-","-","qnrB1.v2^;aac(6')-Ib-cr.v2","-","-","-","-","sul2","tet(A).v1","-","dfrA14.v2*","OXA-1","-","CTX-M-15","-","-","SHV-28^","-","-","-","GyrA:p.Ser83Ile;ParC:p.Ser80Ile","-","catB3.v1?-70%","1",,,"wzi173","KL102","unknown (KL102)","Typeable","-","99.65%","-","OL2α.2","O2β","Typeable","-","99.13%","-"
"oB3TSFz5G1nGLNfPPZjaad","SAMN45807624","v3.2.4","6","Klebsiella pneumoniae","strong","43","294935","903772","5254688","yes (505)","ambiguous_bases","ST442",,"10","20","2","1","9","11","14","0","-","-","-","-","-","-","-","-","-","-","-","-","-","0","-","-","-","-","-","-","-","-","-","-","-","-","-","-","-","-","-","0","-","-","-","-","-","-","-","0","-","-","-","-","-","-","0","-","-","-","-","-","0","-","-","strB.v1*;strA.v1*","-","-","qnrS1","-","-","-","-","sul2","-","-","-","SCO-1","-","-","-","-","SHV-110","SHV:p.Leu35Gln;SHV:p.Gly156Asp","-","-","GyrA:p.Ser83Tyr;GyrA:p.Asp87Ala;ParC:p.Ser80Ile","-","-","0",,,"wzi118","KL146","unknown (KL146)","Typeable","-","97.28%","-","OL2α.2","O2β","Typeable","-","99.11%","-"
"vPFn7kLRcVDnEWpF1jWVsJ","SAMEA5753704","v3.2.4","6","Klebsiella pneumoniae","strong","62","314756","728740","5326880","yes (199)","ambiguous_bases","ST281",,"7","1","5","46","1","1","84","0","-","-","-","-","-","-","-","-","-","-","-","-","-","0","-","-","-","-","-","-","-","-","-","-","-","-","-","-","-","-","-","0","-","-","-","-","-","-","-","0","-","-","-","-","-","-","0","-","-","-","-","-","0","-","-","-","-","-","-","-","-","-","-","-","-","-","-","-","-","-","-","-","SHV-108","SHV:p.Leu35Gln","-","-","-","-","-","0",,,"wzi64","KL64","K64","Typeable","?9","99.83%","-","OL2α.1","O1αβ,2α","Typeable","-","99.08%","-"
"oymroXCpnMLhvoznap35cu","SAMEA6155844","v3.2.4","6","Klebsiella pneumoniae","strong","66","407009","695624","5540754","yes (298)","ambiguous_bases","ST101",,"2","6","1","5","4","1","6","172-1LV","ybt 9; ICEKp3","5","11","6","5","1","25","78","9","5","5","11","-","0","-","-","-","-","-","-","-","-","-","-","-","-","-","-","-","-","-","0","-","-","-","-","-","-","-","0","-","-","-","-","-","-","0","-","-","-","-","-","1","-","-","aac(3)-IIa.v1^;aadA*;aac(6')-Ib-cr.v2","-","-","qnrB1.v1;aac(6')-Ib-cr.v2","-","ereA2*","cmlA5;catII.2*","arr-2","sul1*","-","-","dfrA14.v2*","OXA-1","-","CTX-M-15","-","-","SHV-1^","-","-","-","GyrA:p.Ser83Tyr;GyrA:p.Asp87Ala;ParC:p.Ser80Ile","-","catB3.v1?-70%","1",,,"wzi137","KL17","K17","Typeable","-","100.00%","-","OL2α.1","O1αβ,2α","Typeable","-","98.92%","-"
"dqMxqA3iXxzipcgh6L1Jez","SAMN05960908","v3.2.4","6","Klebsiella pneumoniae","strong","115","237780","670898","5604538","yes (191)","ambiguous_bases","ST15",,"1","1","1","1","1","1","1","0","-","-","-","-","-","-","-","-","-","-","-","-","-","0","-","-","-","-","-","-","-","-","-","-","-","-","-","-","-","-","-","0","-","-","-","-","-","-","-","0","-","-","-","-","-","-","0","-","-","-","-","-","0","-","-","aac(3)-IIa.v1^;strB.v1;strA.v1^;aac(6')-Ib-cr.v2","-","-","aac(6')-Ib-cr.v2","-","Mrx;mphA","catA1^","-","sul1;sul2","tet(A).v1","-","dfrA14.v2*;dfrA25","OXA-1","-","CTX-M-15","-","-","SHV-28^","-","-","-","GyrA:p.Ser83Phe;GyrA:p.Asp87Ala;ParC:p.Ser80Ile","-","qnrB1.v2?-0%;catB3.v1?-70%;TEM-122?-58%;TEM-105?-0%","1",,,"wzi19","KL19","K19","Typeable","-","98.04%","-","OL2α.2","O1αβ,2β","Typeable","-","100.00%","-"
"jD2UahaQxsHd6jRmo249J5","SAMEA5753439","v3.2.4","6","Klebsiella pneumoniae","strong","53","297808","490910","5298900","yes (194)","ambiguous_bases","ST2715",,"2","3","1","1","7","4","23","0","-","-","-","-","-","-","-","-","-","-","-","-","-","0","-","-","-","-","-","-","-","-","-","-","-","-","-","-","-","-","-","0","-","-","-","-","-","-","-","0","-","-","-","-","-","-","0","-","-","-","-","-","0","-","-","strB.v1;strA.v1^","-","-","-","-","-","catA1^","-","sul2*;sul1?","tet(A).v1","-","dfrA7","-","-","-","-","-","SHV-1","-","-","-","-","-","-","0",,,"wzi323","KL62","K62","Typeable","?6","99.94%","-","OL2α.1","O1αβ,2α","Typeable","-","99.43%","-"
"vpw2ESM6jajoMQ2XEVU1uU","SAMEA111505117","v3.2.4","6","Klebsiella pneumoniae","strong","90","147349","456196","5268753","yes (912)","ambiguous_bases","ST3113",,"31","1","1","1","3","1","64","0","-","-","-","-","-","-","-","-","-","-","-","-","-","0","-","-","-","-","-","-","-","-","-","-","-","-","-","-","-","-","-","0","-","-","-","-","-","-","-","0","-","-","-","-","-","-","0","-","-","-","-","-","0","-","-","-","-","-","qnrS1","-","-","-","-","-","-","-","-","-","-","CTX-M-15","-","-","SHV-220","-","-","-","-","-","-","1",,,"wzi118","KL146","unknown (KL146)","Typeable","?2","97.28%","-","OL2α.2","O1αβ,2β","Typeable","-","99.11%","-"
"chJPYxhsbCDg8adwrZLafv","SAMEA111505125","v3.2.4","6","Klebsiella pneumoniae","strong","118","161911","352524","5359752","yes (1499)","ambiguous_bases","ST4263",,"2","1","3","26","9","1","402","0","-","-","-","-","-","-","-","-","-","-","-","-","-","0","-","-","-","-","-","-","-","-","-","-","-","-","-","-","-","-","-","0","-","-","-","-","-","-","-","0","-","-","-","-","-","-","0","-","-","-","-","-","0","-","-","aadA2","-","-","-","-","-","-","-","sul1*;sul2","tet(D)","-","dfrA16.v2","-","-","-","-","-","SHV-27^","SHV:p.Gly156Asp","-","-","-","-","-","0",,,"wzi219","KL25","K25","Typeable","?5-","99.86%","KL25_11_wcuB","OL5","O5","Typeable","-","98.30%","-"
"3ndyvGuykXzTNVihqbCEFm","SAMEA7472352","v3.2.4","6","Klebsiella pneumoniae","strong","124","150705","345067","5325510","yes (204)","ambiguous_bases","ST340",,"3","3","1","1","1","1","18","0","-","-","-","-","-","-","-","-","-","-","-","-","-","0","-","-","-","-","-","-","-","-","-","-","-","-","-","-","-","-","-","0","-","-","-","-","-","-","-","0","-","-","-","-","-","-","0","-","-","-","-","-","0","-","-","aac(3)-IId^;strB.v1*;strA.v1*;aadA2","-","-","-","-","-","catII.2*","-","sul1;sul2","tet(D)","-","dfrA14.v2*","-","-","CTX-M-15","-","-","SHV-11","SHV:p.Leu35Gln","-","-","GyrA:p.Ser83Ile;GyrA:p.Asp87Asn;ParC:p.Ser80Ile","-","-","1",,,"wzi50","KL15","K15","Typeable","?5","99.98%","-","OL4","O4","Typeable","-","99.49%","-"
"vSayktwZYDYJyC8Bz6RM7t","SAMEA6422737","v3.2.4","6","Klebsiella pneumoniae","strong","76","263204","775826","5662252","yes (695)","ambiguous_bases","ST15",,"1","1","1","1","1","1","1","183-2LV","ybt 9; ICEKp3","5","11","6","5","1","25","436","9","5","5","11*","-","0","-","-","-","-","-","-","-","-","-","-","-","-","-","-","-","-","-","0","-","-","-","-","-","-","-","0","-","-","-","-","-","-","0","-","-","-","-","-","1","-","-","aac(3)-IIa.v1^;strB.v1*;strA.v1*;aph(3')-VI;aadA2^;armA;aac(6')-Ib-cr.v2","-","-","aac(6')-Ib-cr.v2","-","msrE;mphE.v2^","-","-","sul1;sul2","tet(D)","-","dfrA12;dfrA14.v2*","OXA-1","-","CTX-M-15","-","NDM-1","SHV-28^","-","OmpK35:p.Ala229fs","-","GyrA:p.Ser83Phe;GyrA:p.Asp87Ala;ParC:p.Ser80Ile","-","catB3.v1?-70%","2",,,"wzi24","KL24","Capsule null","Typeable","!","99.98%","-","OL2α.1","O1αβ,2α","Typeable","-","99.19%","-"
"2zgoyJTUXSoaq7L6h7QWn6","SAMEA6155878","v3.2.4","6","Klebsiella pneumoniae","strong","47","439199","753411","5425956","yes (693)","ambiguous_bases","ST17",,"2","1","1","1","4","4","4","0","-","-","-","-","-","-","-","-","-","-","-","-","-","0","-","-","-","-","-","-","-","-","-","-","-","-","-","-","-","-","-","0","-","-","-","-","-","-","-","0","-","-","-","-","-","-","0","-","-","-","-","-","0","-","-","-","-","-","qnrS1","-","-","-","-","-","-","-","-","-","-","-","-","-","SHV-11^","SHV:p.Leu35Gln","-","-","-","-","-","0",,,"-","KL62","K62","Typeable","?3!","99.60%","-","OL2α.2","O2β","Typeable","-","99.26%","-"
"ef91Cfz9yTsJS9F1xvdgfC","SAMEA6422734","v3.2.4","6","Klebsiella pneumoniae","strong","110","377992","1295607","5639168","yes (782)","ambiguous_bases","ST307",,"4","1","2","52","1","1","7","0","-","-","-","-","-","-","-","-","-","-","-","-","-","0","-","-","-","-","-","-","-","-","-","-","-","-","-","-","-","-","-","0","-","-","-","-","-","-","-","0","-","-","-","-","-","-","0","-","-","-","-","-","0","-","-","aac(3)-IIa.v1^;strB.v1;strA.v1^;aac(6')-Ib-cr.v2","-","-","qnrB1.v2^;aac(6')-Ib-cr.v2","-","-","-","-","sul2","tet(A).v1","-","dfrA14.v2*","OXA-1","-","CTX-M-15","-","-","SHV-28^","-","-","-","GyrA:p.Ser83Ile;ParC:p.Ser80Ile","-","catB3.v1?-70%","1",,,"wzi173","KL102","unknown (KL102)","Typeable","-","99.66%","-","OL2α.2","O2β","Typeable","-","99.13%","-"
"nxRWuuvbXsuD3fkU81Pka5","SAMEA4785019","v3.2.4","6","Klebsiella pneumoniae","strong","101","232142","587893","5875118","yes (1184)","ambiguous_bases","ST147",,"3","4","6","1","7","4","38","280","ybt 16; ICEKp12","6","15","5","4","11","125","129","2","11","51","2","-","0","-","-","-","-","-","-","-","-","-","-","-","-","-","-","-","-","-","0","-","-","-","-","-","-","-","0","-","-","-","-","-","-","0","-","-","-","-","-","1","-","-","aac(3)-IIa.v1^;strB.v1;strA.v1;aph(3')-VI;aadA2^;armA;aac(6')-Ib-cr.v2","-","-","qnrS1;aac(6')-Ib-cr.v2","-","msrE;Mrx;mphA;mphE.v2^","catA1^;catII.2*","-","sul1","tet(A).v1","-","dfrA12;dfrA1.v1","OXA-1","-","CTX-M-15","-","NDM-1","SHV-229*","SHV:p.Leu35Gln","OmpK35:p.Met2fs","-","GyrA:p.Ser83Ile;ParC:p.Ser80Ile","-","catB3.v1?-70%","2",,,"wzi64","KL64","K64","Typeable","-","99.98%","-","OL2α.1","O2α","Typeable","-","99.03%","-"
"h8AfVHpdtjsNg5MSHMGEP2","SAMEA5753755","v3.2.4","6","Klebsiella pneumoniae","strong","59","361725","964936","5427558","yes (198)","ambiguous_bases","ST1189",,"3","5","95","1","16","1","12","0","-","-","-","-","-","-","-","-","-","-","-","-","-","0","-","-","-","-","-","-","-","-","-","-","-","-","-","-","-","-","-","0","-","-","-","-","-","-","-","0","-","-","-","-","-","-","0","-","-","-","-","-","0","-","-","-","-","-","-","-","-","-","-","-","-","-","-","-","-","-","-","-","SHV-11^","SHV:p.Leu35Gln","-","-","-","-","-","0",,,"wzi84","KL28","K28","Typeable","?6-","99.82%","KL28_08_wcuC","OL2α.1","O2α","Typeable","-","99.41%","-"
"9sCrDmU7GUKoZJiBUQX7Ju","SAMEA7472470","v3.2.4","6","Klebsiella pneumoniae","strong","69","263802","424566","5457627","yes (295)","ambiguous_bases","ST13",,"2","3","1","1","10","1","19","0","-","-","-","-","-","-","-","-","-","-","-","-","-","0","-","-","-","-","-","-","-","-","-","-","-","-","-","-","-","-","-","0","-","-","-","-","-","-","-","0","-","-","-","-","-","-","0","-","-","-","-","-","0","-","-","aac(3)-IIa.v1","-","-","-","-","-","-","-","-","-","-","-","-","-","CTX-M-15","-","-","SHV-1^","-","-","-","-","-","-","1",,,"wzi40","KL3","K3","Typeable","?2!","99.96%","-","OL2α.2","O1αβ,2β","Typeable","-","99.18%","-"
"fP65g7jgZat9zmySmmcDEH","SAMEA6654240","v3.2.4","6","Klebsiella pneumoniae","strong","135","143760","571222","5755616","yes (676)","ambiguous_bases","ST17",,"2","1","1","1","4","4","4","230-1LV","ybt 15; ICEKp11","6","15","22","4","1","37","34*","14","1","4","17","-","0","-","-","-","-","-","-","-","-","-","-","-","-","-","-","-","-","-","0","-","-","-","-","-","-","-","0","-","-","-","-","-","-","0","-","-","-","-","-","1","-","-","aac(3)-IId^;strB.v1;aph3-Ia.v1;strA.v1^;aadA2;rmtB","-","-","qnrS1","-","mphA","catII.2*","-","-","tet(G).v1","-","dfrA12;dfrA14.v2*","-","-","CTX-M-15","-","OXA-181","SHV-11^","SHV:p.Leu35Gln","-","-","-","sul2*?-0%","tet(A).v1?-77%;Mrx?-69%;sul1?-0%","2",,,"wzi141","KL25","K25","Typeable","?3!","99.65%","-","OL5","O5","Typeable","-","98.19%","-"
"1wxKRsWY6A8PVJRe5M9yHj","SAMEA5753762","v3.2.4","6","Klebsiella pneumoniae","strong","83","208551","401768","5320365","yes (101)","ambiguous_bases","ST491",,"51","1","5","1","9","4","13","0","-","-","-","-","-","-","-","-","-","-","-","-","-","0","-","-","-","-","-","-","-","-","-","-","-","-","-","-","-","-","-","0","-","-","-","-","-","-","-","0","-","-","-","-","-","-","0","-","-","-","-","-","0","-","-","-","-","-","-","-","-","-","-","-","-","-","-","-","-","-","-","-","SHV-224","SHV:p.Leu35Gln","-","-","-","-","-","0",,,"wzi108","KL118","unknown (KL118)","Typeable","?9","99.81%","-","OL13","O13","Typeable","?3!","96.90%","-"
"1QC6gsyR4pdPR6Arv3PofN","SAMEA7472508","v3.2.4","6","Klebsiella pneumoniae","strong","93","229288","455998","5374612","yes (298)","ambiguous_bases","ST442",,"10","20","2","1","9","11","14","0","-","-","-","-","-","-","-","-","-","-","-","-","-","0","-","-","-","-","-","-","-","-","-","-","-","-","-","-","-","-","-","0","-","-","-","-","-","-","-","0","-","-","-","-","-","-","0","-","-","-","-","-","0","-","-","aac(3)-IIa.v1^;aadA2^;armA;aac(6')-Ib-cr.v2","-","-","aac(6')-Ib-cr.v2","-","msrE;mphE.v2^","-","-","sul1","-","-","dfrA12","OXA-1","-","CTX-M-15","-","NDM-1","SHV-110","SHV:p.Leu35Gln;SHV:p.Gly156Asp","OmpK35:p.Thr46fs","-","GyrA:p.Ser83Tyr;GyrA:p.Asp87Ala;ParC:p.Ser80Ile","aph(3')-VI?-87%","catB3.v1?-70%","2",,,"wzi84","KL28","K28","Typeable","?4-","99.85%","KL28_09_wckD;KL28_08_wcuC","OL2α.1","O2α","Typeable","-","99.41%","-"
"kV8NN26gn4zMzUrVmiuv4F","SAMEA115925726","v3.2.4","6","Klebsiella pneumoniae","strong","82","210113","527505","5492122","yes (396)","ambiguous_bases","ST967",,"2","1","19","4","9","4","34","277-1LV","ybt 16; ICEKp12","6","15","5","4*","11","33","23","2","11","4","2","-","0","-","-","-","-","-","-","-","-","-","-","-","-","-","-","-","-","-","0","-","-","-","-","-","-","-","0","-","-","-","-","-","-","0","-","-","-","-","-","1","-","-","strB.v1*;aph3-Ia.v1^;strA.v1*;aadA2^","-","-","qnrS1","-","Mrx;mphA","catII.2*","-","sul1;sul2","tet(A).v1","-","dfrA12","-","-","CTX-M-15","-","-","SHV-27","SHV:p.Gly156Asp","-","-","-","-","-","1",,,"wzi81","KL18","K18","Typeable","-","99.81%","-","OL2α.2","O1αβ,2β","Typeable","!","99.45%","-"
"wN3gr2Xzq26k75wUJNBtC1","SAMEA6155785","v3.2.4","6","Klebsiella pneumoniae","strong","87","194879","368944","5269197","yes (895)","ambiguous_bases","ST502",,"2","53","3","1","10","4","18","0","-","-","-","-","-","-","-","-","-","-","-","-","-","0","-","-","-","-","-","-","-","-","-","-","-","-","-","-","-","-","-","0","-","-","-","-","-","-","-","0","-","-","-","-","-","-","0","-","-","-","-","-","0","-","-","aac(3)-IIa.v1;aadA16*;strB.v1*;strA.v1*;aac(6')-Ib-cr.v2","-","-","qnrB6^;aac(6')-Ib-cr.v2","-","-","-","arr-3","sul1;sul1;sul2","tet(A).v1","-","dfrA27","SCO-1","-","CTX-M-15","-","-","SHV-62","SHV:p.Leu35Gln","-","-","-","-","-","1",,,"wzi50","KL15","K15","Typeable","-","99.93%","-","OL4","O4","Typeable","-","99.56%","-"
"vTLBnVx7RFdfifC3vCaVvn","SAMEA6155816","v3.2.4","6","Klebsiella pneumoniae","strong","23","734247","2061080","5124201","yes (976)","ambiguous_bases","ST5241",,"2","5","399","1","4","1","4","0","-","-","-","-","-","-","-","-","-","-","-","-","-","0","-","-","-","-","-","-","-","-","-","-","-","-","-","-","-","-","-","0","-","-","-","-","-","-","-","0","-","-","-","-","-","-","0","-","-","-","-","-","0","-","-","aac(3)-IIa.v1;strA.v1*","-","-","qnrS1","-","-","-","-","sul2","tet(D)","-","dfrA14.v2*","-","-","-","-","-","SHV-1","-","-","-","-","-","-","0",,,"wzi95","KL123","unknown (KL123)","Typeable","-","97.33%","-","OL5","O5","Typeable","-","98.25%","-"
"ru7Tt1Xx7t3XWW6LAU7GY6","SAMN05960943","v3.2.4","6","Klebsiella pneumoniae","strong","50","324217","579295","5569326","yes (298)","ambiguous_bases","ST420",,"2","1","65","2","5","1","36","0","-","-","-","-","-","-","-","-","-","-","-","-","-","0","-","-","-","-","-","-","-","-","-","-","-","-","-","-","-","-","-","0","-","-","-","-","-","-","-","0","-","-","-","-","-","-","0","-","-","-","-","-","0","-","-","aac(3)-IIa.v1","-","-","-","-","-","-","-","-","-","-","-","-","-","CTX-M-15","-","-","SHV-75","-","-","-","-","-","-","1",,,"wzi95","KL20","K20","Typeable","-","99.94%","-","OL2α.1","O1αβ,2α","Typeable","-","99.18%","-"
"sw6a6rkZJH6Mb4A3jHLFfK","SAMEA6155817","v3.2.4","6","Klebsiella pneumoniae","strong","72","476255","1599871","5488601","yes (1175)","ambiguous_bases","ST4",,"3","1","1","1","3","3","1","0","-","-","-","-","-","-","-","-","-","-","-","-","-","0","-","-","-","-","-","-","-","-","-","-","-","-","-","-","-","-","-","0","-","-","-","-","-","-","-","0","-","-","-","-","-","-","0","-","-","-","-","-","0","-","-","aac(3)-IIa.v1^;strB.v1;aph3-Ia.v1^;strA.v1^;aac(6')-Ib-cr.v1^","-","-","qnrB1.v2^;aac(6')-Ib-cr.v1^","-","Mrx;mphA","-","-","sul2","tet(D)","-","dfrA14.v2*","OXA-1","-","CTX-M-15","-","-","SHV-11^","SHV:p.Leu35Gln","-","-","-","-","catB3.v1?-70%;TEM-215*?-53%;TEM-105?-0%","1",,,"wzi13","KL13","K13","Typeable","-","99.94%","-","OL2α.1","O1αβ,2α","Typeable","-","99.25%","-"
"4Hnraj3XgcJrSeDnYDpxAb","SAMEA5753353","v3.2.4","6","Klebsiella pneumoniae","strong","59","258038","473965","5416627","yes (10)","ambiguous_bases","ST292",,"2","1","2","1","1","1","4","0","-","-","-","-","-","-","-","-","-","-","-","-","-","0","-","-","-","-","-","-","-","-","-","-","-","-","-","-","-","-","-","0","-","-","-","-","-","-","-","0","-","-","-","-","-","-","0","-","-","-","-","-","0","-","-","-","-","-","-","-","-","-","-","sul1","tet(A).v1","-","dfrA15.v2","-","-","-","-","-","SHV-11^","SHV:p.Leu35Gln","-","-","-","-","-","0",,,"wzi96","KL38","K38","Typeable","?6","99.73%","-","OL3γ","O3γ","Typeable","-","99.67%","-"
"bL6NJqitzvkQG79RwxfPZo","SAMEA111504606","v3.2.4","6","Klebsiella pneumoniae","strong","105","174902","552467","5717452","yes (1582)","ambiguous_bases","ST25",,"2","1","1","1","10","4","13","277-1LV","ybt 16; ICEKp12","6","15","5","4","11","33","23","2","11","4*","2","-","0","-","-","-","-","-","-","-","-","-","-","-","-","-","-","-","-","-","0","-","-","-","-","-","-","-","0","-","-","-","-","-","-","0","-","-","-","-","-","1","-","-","aac(3)-IIa.v1^;strB.v1;aph3-Ia.v1^;strA.v1;aac(6')-Ib-cr.v2","-","-","qnrS1;aac(6')-Ib-cr.v2","-","Mrx;mphA*;ermB.v1*","catA1*","-","sul1;sul2","tet(D)","-","dfrA15.v2","LAP-2;TEM-190^;OXA-1","-","CTX-M-15","-","OXA-181","SHV-11^","SHV:p.Leu35Gln","-","-","-","-","catB3.v1?-70%","2",,,"wzi72","KL2","K2","Typeable","-","99.56%","-","OL2α.2","O1αβ,2β","Typeable","-","99.55%","-"
"uH9qCLXB9HGRpSMcA5KAZK","SAMEA115925722","v3.2.4","6","Klebsiella pneumoniae","strong","114","149602","303547","5476999","yes (300)","ambiguous_bases","ST6",,"2","10","1","1","14","3","20","376","ybt 14; ICEKp5","4","4","5","4","1","8","8","2","4","4","2","-","0","-","-","-","-","-","-","-","-","-","-","-","-","-","-","-","-","-","0","-","-","-","-","-","-","-","0","-","-","-","-","-","-","0","-","-","-","-","-","1","-","-","strB.v1;strA.v1^","-","-","qnrB1.v2^","-","-","-","-","sul2","-","-","dfrA14.v2*","-","-","CTX-M-15","-","-","SHV-1","-","-","-","-","-","-","1",,,"wzi7","KL7","K7","Typeable","-","99.52%","-","OL2α.1","O1αβ,2α","Typeable","-","99.25%","-"
"gz4qmnkBjJwDq7sn2xK47Y","SAMEA4785017","v3.2.4","6","Klebsiella pneumoniae","strong","97","220755","797681","5494371","yes (879)","ambiguous_bases","ST395",,"3","1","2","4","1","1","4","0","-","-","-","-","-","-","-","-","-","-","-","-","-","0","-","-","-","-","-","-","-","-","-","-","-","-","-","-","-","-","-","0","-","-","-","-","-","-","-","0","-","-","-","-","-","-","0","-","-","-","-","-","0","-","-","aac(6')-Ib-cr.v2","-","-","qnrS1;aac(6')-Ib-cr.v2","-","-","-","-","sul1","tet(A).v1*","-","dfrA1.v1","OXA-1","-","CTX-M-15","-","NDM-1","SHV-11","SHV:p.Leu35Gln","OmpK35:p.Leu7fs","-","GyrA:p.Ser83Ile;ParC:p.Ser80Ile","-","catB3.v1?-70%","2",,,"wzi105","KL108","unknown (KL108)","Typeable","-","100.00%","-","OL2α.2","O1αβ,2β","Typeable","-","99.31%","-"
"os9PxKsnWVQ1yaa4MF8a6c","SAMEA111504611","v3.2.4","6","Klebsiella pneumoniae","strong","90","229865","401810","5601180","yes (1447)","ambiguous_bases","ST25",,"2","1","1","1","10","4","13","277-1LV","ybt 16; ICEKp12 (truncated)","6","15","5","4","11","33*-76%","23","2","11","4","2","-","0","-","-","-","-","-","-","-","-","-","-","-","-","-","-","-","-","-","0","-","-","-","-","-","-","-","0","-","-","-","-","-","-","0","-","-","-","-","-","1","-","-","aac(3)-IIa.v1^;strB.v1;aph3-Ia.v1^;strA.v1;aac(6')-Ib-cr.v2","-","-","qnrS1;aac(6')-Ib-cr.v2","-","-","catA1*","-","sul1;sul2","tet(D)","-","dfrA15.v2","LAP-2;OXA-1","-","CTX-M-15","-","-","SHV-11^","SHV:p.Leu35Gln","-","-","-","-","catB3.v1?-70%","1",,,"wzi72","KL2","K2","Typeable","-","99.55%","-","OL2α.2","O1αβ,2β","Typeable","-","99.55%","-"
"6A7Wk1psHh9ewryZXAJyXf","SAMEA115925712","v3.2.4","6","Klebsiella pneumoniae","strong","110","156391","371613","5455523","yes (692)","ambiguous_bases","ST39-1LV",,"2","1","2","4*","9","1","14","0","-","-","-","-","-","-","-","-","-","-","-","-","-","0","-","-","-","-","-","-","-","-","-","-","-","-","-","-","-","-","-","0","-","-","-","-","-","-","-","0","-","-","-","-","-","-","0","-","-","-","-","-","0","-","-","-","-","-","-","-","-","-","-","sul2","-","-","-","-","-","-","-","-","SHV-1^","-","-","-","-","-","-","0",,,"wzi83","KL23","K23","Typeable","-","99.90%","-","OL2α.2","O1αβ,2β","Typeable","-","98.93%","-"
"iCV5KZtRkyPyEau49JCQkr","SAMN36884875","v3.2.4","6","Klebsiella pneumoniae","strong","127","225351","636279","5773103","yes (296)","ambiguous_bases","ST464",,"2","5","2","1","26","1","2","28","ybt 10; ICEKp4","16","12","4","3","3","35","50","3","10","23","2","-","0","-","-","-","-","-","-","-","-","-","-","-","-","-","-","-","-","-","0","-","-","-","-","-","-","-","0","-","-","-","-","-","-","0","-","-","-","-","-","1","-","-","aadA^;aac(6')-Ib-cr.v2","-","-","qnrS1;aac(6')-Ib-cr.v2","-","Mrx;mphA*;ermB.v1*","-","-","sul1","tet(A).v1","-","dfrA15.v2","LAP-2;OXA-1","-","CTX-M-15","-","-","SHV-38","SHV:p.Ala146Val","-","-","GyrA:p.Ser83Tyr;GyrA:p.Asp87Ala;ParC:p.Ser80Ile","aac(3)-IIa.v1?-0%","catB3.v1?-70%","1",,,"-","KL53","K53","Typeable","-","99.88%","-","OL2α.1","O1αβ,2α","Typeable","-","99.18%","-"
"2H7LhawUkgSTwFeNQbsHfx","SAMN36943779","v3.2.4","6","Klebsiella pneumoniae","strong","150","102997","348177","5209856","yes (393)","ambiguous_bases","ST742-1LV",,"2","1","2","4","1","1","56","0","-","-","-","-","-","-","-","-","-","-","-","-","-","0","-","-","-","-","-","-","-","-","-","-","-","-","-","-","-","-","-","0","-","-","-","-","-","-","-","0","-","-","-","-","-","-","0","-","-","-","-","-","0","-","-","aadA1.v1^","-","-","-","-","-","-","-","sul1","-","-","dfrA1.v2^","-","-","-","-","-","SHV-62","SHV:p.Leu35Gln","-","-","-","-","-","0",,,"wzi81","KL120","unknown (KL120)","Typeable","?7-!","99.29%","KL120_10_wcuM;KL120_09_wcqM","OL4","O4","Typeable","?3","99.61%","-"
"aHqRui8jXfGrasdZ9o7RMw","SAMEA7472505","v3.2.4","6","Klebsiella pneumoniae","strong","102","220949","700419","5653306","yes (600)","ambiguous_bases","ST464",,"2","5","2","1","26","1","2","277-1LV","ybt 16; ICEKp12","6","15","5","4","11","33","23*","2","11","4","2","-","0","-","-","-","-","-","-","-","-","-","-","-","-","-","-","-","-","-","0","-","-","-","-","-","-","-","0","-","-","-","-","-","-","0","-","-","-","-","-","1","-","-","aac(3)-IIa.v1^;aadA*;aac(6')-Ib-cr.v2","-","-","qnrB2.v1^;aac(6')-Ib-cr.v2","-","-","-","-","sul1^;sul1^","tet(A).v1","-","dfrA15.v2","OXA-1","-","CTX-M-15","-","NDM-7","SHV-38","SHV:p.Ala146Val","OmpK35:p.Ser91fs","-","GyrA:p.Ser83Tyr;GyrA:p.Asp87Ala;ParC:p.Ser80Ile","-","catB3.v1?-70%","2",,,"-","KL53","K53","Typeable","?3","99.88%","-","OL2α.1","O1αβ,2α","Typeable","-","99.22%","-"
"ajk5KRQbpVw1sMvcdSbbn1","SAMN05960949","v3.2.4","6","Klebsiella pneumoniae","strong","87","197288","380439","5552343","yes (297)","ambiguous_bases","ST17",,"2","1","1","1","4","4","4","299-2LV","ybt 13; ICEKp2","6","98","20","14","1","126","327","2","4","52","2","-","0","-","-","-","-","-","-","-","-","-","-","-","-","-","-","-","-","-","0","-","-","-","-","-","-","-","0","-","-","-","-","-","-","0","-","-","-","-","-","1","-","-","aac(3)-IIa.v1;strB.v1*;strA.v1*","-","-","qnrB1.v1","-","-","-","-","sul2","-","-","dfrA14.v2*","-","-","CTX-M-15","-","-","-","-","-","-","-","SHV-129*?-81%","-","1",,,"wzi141","KL25","K25","Typeable","!","99.65%","-","OL5","O5","Typeable","-","98.23%","-"
"cLrDJaBZwCxksJns9enuHQ","SAMEA5753763","v3.2.4","6","Klebsiella pneumoniae","strong","98","174820","372551","5366024","yes (293)","ambiguous_bases","ST1401",,"2","1","1","1","9","1","4","0","-","-","-","-","-","-","-","-","-","-","-","-","-","0","-","-","-","-","-","-","-","-","-","-","-","-","-","-","-","-","-","0","-","-","-","-","-","-","-","0","-","-","-","-","-","-","0","-","-","-","-","-","0","-","-","-","-","-","-","-","-","-","-","-","-","-","-","-","-","-","-","-","SHV-26","-","-","-","-","-","-","0",,,"wzi118","KL146","unknown (KL146)","Typeable","?8","97.12%","-","OL2α.2","O2β","Typeable","?2","99.11%","-"
"9EK6nFkQxjy3n4a8BZUhs5","SAMN36884884","v3.2.4","6","Klebsiella pneumoniae","strong","75","246013","505610","5492889","yes (300)","ambiguous_bases","ST25",,"2","1","1","1","10","4","13","0","-","-","-","-","-","-","-","-","-","-","-","-","-","0","-","-","-","-","-","-","-","-","-","-","-","-","-","-","-","-","-","0","-","-","-","-","-","-","-","0","-","-","-","-","-","-","0","-","-","-","-","-","0","-","-","aac(3)-IIa.v1^;strB.v1;aph3-Ia.v1^;strA.v1;aac(6')-Ib-cr.v2","-","-","qnrS1;aac(6')-Ib-cr.v2","-","-","catA1*","-","sul1;sul2","tet(D)","-","dfrA15.v2","LAP-2;OXA-1","-","CTX-M-15","-","-","-","-","-","-","-","-","catB3.v1?-70%","1",,,"wzi72","KL2","K2","Typeable","-","99.56%","-","OL2α.2","O1αβ,2β","Typeable","-","99.55%","-"
"opgxhkceTYBhoHePQ7i3J2","SAMEA111505116","v3.2.4","6","Klebsiella pneumoniae","strong","100","172690","492414","5668121","yes (1215)","ambiguous_bases","ST147",,"3","4","6","1","7","4","38","173-2LV","ybt 9; ICEKp3","5","11","6","5","1","293","318","9","5","5","11","-","0","-","-","-","-","-","-","-","-","-","-","-","-","-","-","-","-","-","0","-","-","-","-","-","-","-","0","-","-","-","-","-","-","0","-","-","-","-","-","1","-","-","aph(3')-Ia;aadA13;aadA*;aac(6')-Ib'.v1*","-","-","qnrS1","-","-","catB3.v2","arr-3","sul1","-","-","-","OXA-9.v1;OXA-1","-","CTX-M-15","-","NDM-1","SHV-11^","SHV:p.Leu35Gln","OmpK35:p.Arg60fs","-","GyrA:p.Ser83Ile;ParC:p.Ser80Ile","-","-","2",,,"wzi64","KL64","Capsule null","Typeable","!","100.00%","-","OL2α.1","O2α","Typeable","-","99.03%","-"
"3CZfqkzSWZLhnUJapfWebH","SAMN41988748","v3.2.4","6","Klebsiella pneumoniae","strong","64","320364","853194","5372577","yes (495)","ambiguous_bases","ST964",,"41","1","1","1","7","4","87","0","-","-","-","-","-","-","-","-","-","-","-","-","-","0","-","-","-","-","-","-","-","-","-","-","-","-","-","-","-","-","-","0","-","-","-","-","-","-","-","0","-","-","-","-","-","-","0","-","-","-","-","-","0","-","-","aadA^","-","-","-","-","-","-","-","sul1^","-","-","dfrA15.v2","-","-","-","-","-","SHV-1^","-","-","-","-","-","-","0",,,"wzi74","KL103","unknown (KL103)","Typeable","-","98.91%","-","OL2α.1","O1αβ,2α","Typeable","-","99.17%","-"
"k4M3rSMsx1QNStuBYozfXJ","SAMN05960886","v3.2.4","6","Klebsiella pneumoniae","strong","57","333576","882722","5431778","yes (98)","ambiguous_bases","ST48",,"2","5","2","2","7","1","10","193-1LV","ybt 9; ICEKp3","5","11","136","5","1","34","15","9","5","5","25","-","0","-","-","-","-","-","-","-","-","-","-","-","-","-","-","-","-","-","0","-","-","-","-","-","-","-","0","-","-","-","-","-","-","0","-","-","-","-","-","1","-","-","aac(3)-IIa.v1;strB.v1*;strA.v1*;ant(2'')-Ia","-","-","-","-","Mrx;mphA","catII.2*","-","sul2","-","-","-","-","-","CTX-M-15;SHV-12","-","-","-","SHV:p.Leu35Gln;SHV:p.Gly238Ser;SHV:p.Glu240Lys","-","-","-","-","-","1",,,"wzi62","KL62","K62","Typeable","?2!","99.82%","-","OL2α.1","O1αβ,2α","Typeable","-","98.54%","-"
"17cjBXCud4W8WzY9Adcadf","SAMEA6654231","v3.2.4","6","Klebsiella pneumoniae","strong","79","375724","954718","5756635","yes (506)","ambiguous_bases","ST17",,"2","1","1","1","4","4","4","230-1LV","ybt 15; ICEKp11","6","15","22","4","1","37","34*","14","1","4","17","-","0","-","-","-","-","-","-","-","-","-","-","-","-","-","-","-","-","-","0","-","-","-","-","-","-","-","0","-","-","-","-","-","-","0","-","-","-","-","-","1","-","-","aac(3)-IId^;strB.v1*;aph3-Ia.v1;strA.v1*;aadA2;rmtB","-","-","qnrS1","-","Mrx;mphA","-","-","sul2","tet(A).v1;tet(G).v1","-","dfrA12;dfrA14.v2*","-","-","CTX-M-15","-","OXA-181","SHV-11^","SHV:p.Leu35Gln","-","-","-","-","sul1?-53%","2",,,"wzi141","KL25","K25","Typeable","?5","99.66%","-","OL5","O5","Typeable","-","98.19%","-"
"bgSrxKwxA6HeN1jdLNgHsG","SAMEA5753739","v3.2.4","6","Klebsiella pneumoniae","strong","115","169641","460474","5302083","yes (397)","ambiguous_bases","ST281",,"7","1","5","46","1","1","84","0","-","-","-","-","-","-","-","-","-","-","-","-","-","0","-","-","-","-","-","-","-","-","-","-","-","-","-","-","-","-","-","0","-","-","-","-","-","-","-","0","-","-","-","-","-","-","0","-","-","-","-","-","0","-","-","-","-","-","-","-","-","-","-","-","-","-","-","-","-","-","-","-","SHV-108","SHV:p.Leu35Gln","-","-","-","-","-","0",,,"wzi64","KL64","K64","Typeable","?7-!","99.97%","KL64_08_wcoV;KL64_07_wzx;KL64_10_wzy;KL64_13_wcsF;KL64_12_wcoT;KL64_11_wcoU","OL2α.1","O1αβ,2α","Typeable","-","99.06%","-"
"uQyJaAJRdkvckdJnxkNQWD","SAMEA5753725","v3.2.4","6","Klebsiella pneumoniae","strong","45","281499","961174","5230035","yes (199)","ambiguous_bases","ST3124",,"10","3","20","1","1","10","427","0","-","-","-","-","-","-","-","-","-","-","-","-","-","0","-","-","-","-","-","-","-","-","-","-","-","-","-","-","-","-","-","0","-","-","-","-","-","-","-","0","-","-","-","-","-","-","0","-","-","-","-","-","0","-","-","-","-","-","-","-","-","-","-","-","-","-","-","-","-","-","-","-","SHV-157^","SHV:p.Leu35Gln","-","-","-","-","-","0",,,"-","KL165","unknown (KL165)","Typeable","?6-","95.71%","KL165_09_wcuP","OL10","O10","Typeable","?3","97.51%","-"
"8JbGkEtkonwzJzAFhjvvPP","SAMEA7472509","v3.2.4","6","Klebsiella pneumoniae","strong","112","169093","495550","5360306","yes (506)","ambiguous_bases","ST442",,"10","20","2","1","9","11","14","0","-","-","-","-","-","-","-","-","-","-","-","-","-","0","-","-","-","-","-","-","-","-","-","-","-","-","-","-","-","-","-","0","-","-","-","-","-","-","-","0","-","-","-","-","-","-","0","-","-","-","-","-","0","-","-","aac(3)-IIa.v1^;aph(3')-VI^;aadA2^;aac(6')-Ib-cr.v2","-","-","aac(6')-Ib-cr.v2","-","msrE;mphE.v2^","-","-","sul1^","-","-","dfrA12","OXA-1","-","CTX-M-15","-","NDM-1","SHV-110","SHV:p.Leu35Gln;SHV:p.Gly156Asp","OmpK35:p.Thr46fs","-","GyrA:p.Ser83Tyr;GyrA:p.Asp87Ala;ParC:p.Ser80Ile","-","armA*?-0%;catB3.v1?-70%","2",,,"wzi84","KL28","K28","Typeable","?3-","99.82%","KL28_09_wckD;KL28_08_wcuC;KL28_10_wzy","OL2α.1","O2α","Typeable","-","99.41%","-"
"dQaeWNGmkR27kysq26if8M","SAMEA5753730","v3.2.4","6","Klebsiella pneumoniae","strong","117","120730","354351","5282733","yes (409)","ambiguous_bases","ST337",,"2","1","11","1","1","1","13","0","-","-","-","-","-","-","-","-","-","-","-","-","-","0","-","-","-","-","-","-","-","-","-","-","-","-","-","-","-","-","-","0","-","-","-","-","-","-","-","0","-","-","-","-","-","-","0","-","-","-","-","-","0","-","-","-","-","-","-","-","-","-","-","-","-","-","-","-","-","-","-","-","SHV-11^","SHV:p.Leu35Gln","-","-","-","-","-","0",,,"wzi108","KL185","unknown (KL185)","Typeable","?7-","99.95%","KL185_13_wcoX;KL185_09;KL185_14_wcuS;KL185_10","OL2α.2","O2β","Typeable","?2","99.11%","-"
"r9av7Pjq7KmtguHZVx827e","SAMEA115925713","v3.2.4","6","Klebsiella pneumoniae","strong","57","268028","794347","5206081","yes (398)","ambiguous_bases","ST17",,"2","1","1","1","4","4","4","0","-","-","-","-","-","-","-","-","-","-","-","-","-","0","-","-","-","-","-","-","-","-","-","-","-","-","-","-","-","-","-","0","-","-","-","-","-","-","-","0","-","-","-","-","-","-","0","-","-","-","-","-","0","-","-","strB.v1;strA.v1^","-","-","qnrS1","-","-","-","-","sul2","tet(A).v1*","-","dfrA14.v2*","-","-","CTX-M-15","-","-","SHV-11^","SHV:p.Leu35Gln","-","-","-","TEM-141?-0%","-","1",,,"wzi173","KL155","unknown (KL155)","Untypeable","?5+","99.41%","-","OL13","O13","Typeable","?4!","96.94%","-"
"vJZE3Nvvtpj7S7mzx9aBLJ","SAMEA6155781","v3.2.4","6","Klebsiella pneumoniae","strong","18","734680","2234299","5124243","yes (987)","ambiguous_bases","ST5241",,"2","5","399","1","4","1","4","0","-","-","-","-","-","-","-","-","-","-","-","-","-","0","-","-","-","-","-","-","-","-","-","-","-","-","-","-","-","-","-","0","-","-","-","-","-","-","-","0","-","-","-","-","-","-","0","-","-","-","-","-","0","-","-","aac(3)-IIa.v1;strA.v1*","-","-","qnrS1","-","-","-","-","sul2","tet(D)","-","dfrA14.v2*","-","-","-","-","-","SHV-1","-","-","-","-","-","-","0",,,"wzi95","KL123","unknown (KL123)","Typeable","-","97.33%","-","OL5","O5","Typeable","-","98.25%","-"
"1ZKLGKjWkBqdJjheeB9mFL","SAMN05960879","v3.2.4","6","Klebsiella pneumoniae","strong","88","377425","784658","5592655","yes (292)","ambiguous_bases","ST1263",,"4","1","1","1","12","1","35","0","-","-","-","-","-","-","-","-","-","-","-","-","-","0","-","-","-","-","-","-","-","-","-","-","-","-","-","-","-","-","-","0","-","-","-","-","-","-","-","0","-","-","-","-","-","-","0","-","-","-","-","-","0","-","-","aadA2;ant(2'')-Ia","-","-","-","-","-","catII.2*","-","sul1;sul2","tet(D)","-","dfrA16.v2","-","-","SHV-12","-","-","-","SHV:p.Leu35Gln;SHV:p.Gly238Ser;SHV:p.Glu240Lys","-","-","-","-","-","1",,,"wzi100","KL10","K10","Typeable","?5","98.87%","-","OL3α/β","O3αβ","Typeable","?3","99.33%","-"
"8YnVyxHA7nqtqzDfQdJ3mB","SAMEA8515137","v3.2.4","6","Klebsiella pneumoniae","strong","112","136001","309784","5643771","yes (4293)","ambiguous_bases","ST464",,"2","5","2","1","26","1","2","277-1LV","ybt 16; ICEKp12 (truncated)","6","15","5","4","11","33","23*-12%","2","11","4","2","-","0","-","-","-","-","-","-","-","-","-","-","-","-","-","-","-","-","-","0","-","-","-","-","-","-","-","0","-","-","-","-","-","-","0","-","-","-","-","-","1","-","-","aac(3)-IIa.v1^;aac(6')-Ib-cr.v2","-","-","aac(6')-Ib-cr.v2","-","-","-","-","-","tet(A).v1","-","-","OXA-1","-","CTX-M-15","-","NDM-7","SHV-38","SHV:p.Ala146Val","OmpK35:p.Ser91fs","-","GyrA:p.Ser83Tyr;GyrA:p.Asp87Ala;ParC:p.Ser80Ile","-","catB3.v1?-70%","2",,,"-","KL53","K53","Typeable","?2","99.90%","-","OL2α.1","O1αβ,2α","Typeable","-","99.22%","-"
"5Vzojp1ehDS15wUpA1k7aJ","SAMEA111505122","v3.2.4","6","Klebsiella pneumoniae","strong","105","185870","367947","5574750","yes (661)","ambiguous_bases","ST1552",,"2","1","2","1","3","25","2","0","-","-","-","-","-","-","-","-","-","-","-","-","-","0","-","-","-","-","-","-","-","-","-","-","-","-","-","-","-","-","-","0","-","-","-","-","-","-","-","0","-","-","-","-","-","-","0","-","-","-","-","-","0","-","-","strB.v1;strA.v1^;aadA^;aac(6')-Ib-cr.v2","-","-","aac(6')-Ib-cr.v2","-","-","catA1*","-","sul1^;sul2","tet(D)","-","dfrA15.v2","OXA-1","-","CTX-M-15","-","-","-","-","-","-","-","-","catB3.v1?-70%;SHV-187*?-42%","1",,,"wzi119","KL25","K25","Typeable","!","99.58%","-","OL2α.1","O1αβ,2α","Typeable","-","98.80%","-"
"hNFZHi4TzoXS9HPc1dSDA8","SAMEA5753773","v3.2.4","6","Klebsiella pneumoniae","strong","125","130726","361376","5369360","yes (97)","ambiguous_bases","ST3286",,"2","3","2","1","12","1","112","0","-","-","-","-","-","-","-","-","-","-","-","-","-","0","-","-","-","-","-","-","-","-","-","-","-","-","-","-","-","-","-","0","-","-","-","-","-","-","-","0","-","-","-","-","-","-","0","-","-","-","-","-","0","-","-","-","-","-","-","-","-","-","-","-","-","-","-","-","-","-","-","-","SHV-71","SHV:p.Ala146Val","-","-","-","-","-","0",,,"wzi468","KL133","unknown (KL133)","Typeable","?11-","99.07%","KL133_10_wcuI;KL133_08_wcuD;KL133_07_wzy;KL133_15_wcuA","OL2α.1","O2α","Typeable","?3","99.18%","-"
"pnFzwi6DT6U9P7HitW1FMj","SAMEA4785011","v3.2.4","6","Klebsiella pneumoniae","strong","116","207847","418055","5692219","yes (989)","ambiguous_bases","ST15",,"1","1","1","1","1","1","1","17-1LV","ybt 10; ICEKp4","15","3","4","3","3","7","28*","3","3","3","3","-","0","-","-","-","-","-","-","-","-","-","-","-","-","-","-","-","-","-","0","-","-","-","-","-","-","-","0","-","-","-","-","-","-","0","-","-","-","-","-","1","-","-","aac(3)-IId^;strB.v1;aadA16*;strA.v1^;aadA*;aac(6')-Ib-cr.v2*","-","-","qnrB6^;aac(6')-Ib-cr.v2*","-","-","catA1^","arr-3","sul1;sul1*;sul2","tet(D)","-","dfrA27","-","-","-","-","NDM-1","SHV-1^","-","OmpK35:p.Ala229fs","-","GyrA:p.Ser83Phe;GyrA:p.Asp87Ala;ParC:p.Ser80Ile","-","-","2",,,"wzi151","KL48","K48","Typeable","-","97.66%","-","OL2α.1","O1αβ,2α","Typeable","-","98.71%","-"
"nL2Rwd36aKVaXBMmuKchbV","SAMEA115925707","v3.2.4","6","Klebsiella pneumoniae","strong","93","264394","809784","5614572","yes (795)","ambiguous_bases","ST20",,"2","3","1","1","4","4","4","0","-","-","-","-","-","-","-","-","-","-","-","-","-","0","-","-","-","-","-","-","-","-","-","-","-","-","-","-","-","-","-","0","-","-","-","-","-","-","-","0","-","-","-","-","-","-","0","-","-","-","-","-","0","-","-","aac(3)-IIa.v1^;strB.v1;strA.v1^;aac(6')-Ib-cr.v2","-","-","qnrB1.v2^;aac(6')-Ib-cr.v2","-","-","-","-","sul2","tet(A).v1","-","dfrA14.v2*","OXA-1","-","CTX-M-15","-","-","SHV-1","-","-","-","-","-","catB3.v1?-70%","1",,,"wzi421","KL22","K22","Typeable","?2-","99.73%","KL22_17","OL2α.2","O2β","Typeable","-","99.11%","-"
"dZfePqBBSqwaWSZP1wwyxd","SAMEA111504607","v3.2.4","6","Klebsiella pneumoniae","strong","58","203878","565569","5440994","yes (998)","ambiguous_bases","ST218",,"2","3","1","1","9","4","12","581-2LV","ybt 9; ICEKp3","5","19","26*","5","1","378*","53","9","5","5","21","-","0","-","-","-","-","-","-","-","-","-","-","-","-","-","-","-","-","-","1-1LV","iuc 1","1","1","1","1","1*","-","1","iro 1","1","1","1","1","-","26-1LV","rmp 1; KpVP-1","2*","2","2","-","4","-","rmpA2_8-60%","-","-","-","-","-","-","-","-","-","-","-","-","-","-","-","-","-","SHV-1^","-","-","-","-","-","-","0",,,"wzi77","KL57","K57","Typeable","!","99.46%","-","OL2α.2","O2β","Typeable","-","99.30%","-"
"aV1sM8V81ttSdPBmseMK66","SAMN05960907","v3.2.4","6","Klebsiella pneumoniae","strong","71","286197","539164","5665118","yes (199)","ambiguous_bases","ST147",,"3","4","6","1","7","4","38","0","-","-","-","-","-","-","-","-","-","-","-","-","-","0","-","-","-","-","-","-","-","-","-","-","-","-","-","-","-","-","-","0","-","-","-","-","-","-","-","0","-","-","-","-","-","-","0","-","-","-","-","-","0","-","-","aac(3)-IIa.v1;strB.v1;strA.v1","-","-","-","-","-","-","-","sul2","-","-","-","SCO-1","-","CTX-M-15","-","-","SHV-11^","SHV:p.Leu35Gln","-","-","GyrA:p.Ser83Tyr;GyrA:p.Asp87Ala;ParC:p.Ser80Ile","-","-","1",,,"wzi420","KL10","K10","Typeable","?3","99.01%","-","OL3α/β","O3αβ","Typeable","?3","99.40%","-"
"geUM1oQYdtik6Xehr3Zscf","SAMEA5753355","v3.2.4","6","Klebsiella pneumoniae","strong","75","245559","504999","5343727","yes (209)","ambiguous_bases","ST3282",,"2","9","2","1","351","1","16","0","-","-","-","-","-","-","-","-","-","-","-","-","-","0","-","-","-","-","-","-","-","-","-","-","-","-","-","-","-","-","-","0","-","-","-","-","-","-","-","0","-","-","-","-","-","-","0","-","-","-","-","-","0","-","-","aadA1.v1^","-","-","-","-","-","-","-","sul1","-","-","dfrA1.v2","-","-","-","-","-","SHV-11^","SHV:p.Leu35Gln","-","-","-","-","-","0",,,"wzi162","KL140","unknown (KL140)","Typeable","?7","99.75%","-","OL3γ","O3γ","Typeable","-","99.48%","-"
"iatBhmBrmLiAAiLsaRp5YH","SAMEA6422766","v3.2.4","6","Klebsiella pneumoniae","strong","62","334974","500557","5497045","yes (788)","ambiguous_bases","ST15",,"1","1","1","1","1","1","1","0","-","-","-","-","-","-","-","-","-","-","-","-","-","0","-","-","-","-","-","-","-","-","-","-","-","-","-","-","-","-","-","0","-","-","-","-","-","-","-","0","-","-","-","-","-","-","0","-","-","-","-","-","0","-","-","strB.v1;strA.v1;aadA^;aac(6')-Ib-cr.v2","-","-","qnrB2.v1^;aac(6')-Ib-cr.v2","-","-","catA1*","-","sul1;sul1;sul2","tet(A).v1","-","dfrA15.v2","OXA-1","-","CTX-M-15","-","-","SHV-28^","-","-","-","GyrA:p.Ser83Phe;GyrA:p.Asp87Ala;ParC:p.Ser80Ile","aac(3)-IIa.v1?-0%","catB3.v1?-70%","1",,,"wzi19","KL19","K19","Typeable","-","98.03%","-","OL2α.2","O1αβ,2β","Typeable","-","100.00%","-"
"hN9QXqRKzHjwKe8aeifrGQ","SAMEA4785012","v3.2.4","6","Klebsiella pneumoniae","strong","94","196863","797068","5497370","yes (889)","ambiguous_bases","ST395",,"3","1","2","4","1","1","4","0","-","-","-","-","-","-","-","-","-","-","-","-","-","0","-","-","-","-","-","-","-","-","-","-","-","-","-","-","-","-","-","0","-","-","-","-","-","-","-","0","-","-","-","-","-","-","0","-","-","-","-","-","0","-","-","aac(6')-Ib-cr.v2","-","-","qnrS1;aac(6')-Ib-cr.v2","-","-","-","-","sul1","tet(A).v1*","-","dfrA1.v1","OXA-1","-","CTX-M-15","-","NDM-1","SHV-11","SHV:p.Leu35Gln","OmpK35:p.Leu7fs","-","GyrA:p.Ser83Ile;ParC:p.Ser80Ile","-","catB3.v1?-70%","2",,,"wzi105","KL108","unknown (KL108)","Typeable","-","99.99%","-","OL2α.2","O1αβ,2β","Typeable","-","99.31%","-"
"aWGoHCv91FJnnizvSsmbKE","SAMN05960958","v3.2.4","6","Klebsiella pneumoniae","strong","32","410840","1443875","5198329","yes (300)","ambiguous_bases","ST45",,"2","1","1","6","7","1","12","78-1LV","ybt 10; ICEKp4","3","12","4","145","3","21","18","3","10","16","2","-","0","-","-","-","-","-","-","-","-","-","-","-","-","-","-","-","-","-","0","-","-","-","-","-","-","-","0","-","-","-","-","-","-","0","-","-","-","-","-","1","-","-","-","-","-","-","-","-","-","-","-","-","-","-","-","-","-","-","-","SHV-1","-","-","-","-","-","-","0",,,"wzi121","KL43","K43","Typeable","-","99.73%","-","OL2α.1","O2α","Typeable","-","99.37%","-"
"jpRJy2sHoCEddK5MzjPAm8","SAMEA111504612","v3.2.4","6","Klebsiella pneumoniae","strong","79","248565","409357","5427564","yes (413)","ambiguous_bases","ST1119",,"2","79","1","1","7","4","4","0","-","-","-","-","-","-","-","-","-","-","-","-","-","0","-","-","-","-","-","-","-","-","-","-","-","-","-","-","-","-","-","0","-","-","-","-","-","-","-","0","-","-","-","-","-","-","0","-","-","-","-","-","0","-","-","aac(3)-IIa.v1;strB.v1;strA.v1;aadA^","-","-","-","-","-","-","-","sul1^","tet(A).v1","-","dfrA15.v2","-","-","CTX-M-15","-","-","SHV-11^","SHV:p.Leu35Gln","-","-","-","-","-","1",,,"-","KL110","unknown (KL110)","Typeable","?3!","99.61%","-","OL3γ","O3γ","Typeable","?3","99.56%","-"
"jTcoqu2MdhH2h4g6svP51p","SAMN41988737","v3.2.4","6","Klebsiella pneumoniae","strong","72","303016","690368","5670518","yes (593)","ambiguous_bases","ST36",,"2","1","2","1","7","1","7","345-1LV","ybt 9; ICEKp3","5","11","6*","5","1","171","192","9","5","5","11","-","0","-","-","-","-","-","-","-","-","-","-","-","-","-","-","-","-","-","0","-","-","-","-","-","-","-","0","-","-","-","-","-","-","0","-","-","-","-","-","1","-","-","aac(3)-IIa.v1;aadA16*;aac(6')-Ib-cr.v2","-","-","qnrB6^;aac(6')-Ib-cr.v2","-","-","catII.2*","arr-3","sul1;sul2","tet(A).v1;tet(D)","-","dfrA27","-","-","CTX-M-15","-","-","SHV-11^","SHV:p.Leu35Gln","-","-","-","strB.v1?-0%","strA.v1?-0%","1",,,"wzi149","KL62","K62","Typeable","-","99.94%","-","OL2α.1","O2α","Typeable","-","99.41%","-"
"kUP4v3dKJP9skf3bHvwXUu","SAMN05960904","v3.2.4","6","Klebsiella pneumoniae","strong","68","199781","426396","5162181","yes (99)","ambiguous_bases","ST3613",,"4","1","254","1","177","1","35","0","-","-","-","-","-","-","-","-","-","-","-","-","-","0","-","-","-","-","-","-","-","-","-","-","-","-","-","-","-","-","-","0","-","-","-","-","-","-","-","0","-","-","-","-","-","-","0","-","-","-","-","-","0","-","-","-","-","-","-","-","-","-","-","-","-","-","-","-","-","-","-","-","SHV-1^","-","-","-","-","-","-","0",,,"-","KL166","unknown (KL166)","Untypeable","-+!","94.29%","KL166_09_wzy;KL166_13_wcuC;KL166_02_cpsACP;KL166_12_wcmY;KL166_14_wcaJ;KL166_05_wzb;KL166_06_wzc;KL166_20_rmlD;KL166_21_rmlC;KL166_10_wcuP;KL166_11_wcuF;KL166_18_rmlB;KL166_08_wzx;KL166_07;KL166_19_rmlA","OL2α.3","O11αβ,2γ","Typeable","-","97.08%","-"
"kqYjA4z1VWxyg1LQ1akVnQ","SAMEA6155866","v3.2.4","6","Klebsiella pneumoniae","strong","48","409740","735518","5522518","yes (785)","ambiguous_bases","ST101",,"2","6","1","5","4","1","6","172-2LV","ybt 9; ICEKp3","5","11","6","5","1","25","78","9","5","5","11*","-","0","-","-","-","-","-","-","-","-","-","-","-","-","-","-","-","-","-","0","-","-","-","-","-","-","-","0","-","-","-","-","-","-","0","-","-","-","-","-","1","-","-","strB.v1;strA.v1^;aac(6')-Ib-cr.v2","-","-","aac(6')-Ib-cr.v2","-","-","-","-","sul2","-","-","dfrA14.v2*","OXA-1","-","CTX-M-15","-","-","SHV-1^","-","-","-","GyrA:p.Ser83Tyr;GyrA:p.Asp87Ala;ParC:p.Ser80Ile","-","catB3.v1?-70%","1",,,"wzi137","KL17","K17","Typeable","-","99.99%","-","OL2α.1","O1αβ,2α","Typeable","-","98.92%","-"
"uc7XTeozGMpUiurZSWSuWM","SAMN05960925","v3.2.4","6","Klebsiella pneumoniae","strong","69","281584","601118","5586859","yes (199)","ambiguous_bases","ST307",,"4","1","2","52","1","1","7","0","-","-","-","-","-","-","-","-","-","-","-","-","-","0","-","-","-","-","-","-","-","-","-","-","-","-","-","-","-","-","-","0","-","-","-","-","-","-","-","0","-","-","-","-","-","-","0","-","-","-","-","-","0","-","-","aac(3)-IIa.v1^;strB.v1;strA.v1^;aac(6')-Ib-cr.v2","-","-","qnrB1.v2^;aac(6')-Ib-cr.v2","-","-","-","-","sul2","tet(A).v1","-","dfrA14.v2*","OXA-1","-","CTX-M-15","-","-","SHV-28^","-","-","-","GyrA:p.Ser83Ile;ParC:p.Ser80Ile","-","catB3.v1?-70%","1",,,"wzi173","KL102","unknown (KL102)","Typeable","-","99.66%","-","OL2α.2","O2β","Typeable","-","99.13%","-"
"xhNWCcrWXPqL9Ru7rU3mrt","SAMN05960895","v3.2.4","6","Klebsiella pneumoniae","strong","58","279596","465955","5488037","no","-","ST15",,"1","1","1","1","1","1","1","174","ybt 9; ICEKp3","5","11","6","5","1","34","15","9","5","5","11","-","0","-","-","-","-","-","-","-","-","-","-","-","-","-","-","-","-","-","0","-","-","-","-","-","-","-","0","-","-","-","-","-","-","0","-","-","-","-","-","1","-","-","aac(3)-IIa.v1^;strB.v1;strA.v1^;aac(6')-Ib-cr.v2","-","-","aac(6')-Ib-cr.v2","-","-","-","-","sul2","-","-","dfrA14.v2*","OXA-1","-","CTX-M-15","-","-","SHV-28^","-","-","-","GyrA:p.Ser83Phe;GyrA:p.Asp87Ala;ParC:p.Ser80Ile","-","catB3.v1?-70%","1",,,"wzi93","KL112","unknown (KL112)","Typeable","-","99.53%","-","OL2α.1","O1αβ,2α","Typeable","-","99.19%","-"
"mbBUQEkWPfbuxaRBM3VeNf","SAMEA6155829","v3.2.4","6","Klebsiella pneumoniae","strong","89","321397","510170","5761291","yes (976)","ambiguous_bases","ST25",,"2","1","1","1","10","4","13","277","ybt 16; ICEKp12","6","15","5","4","11","33","23","2","11","4","2","-","0","-","-","-","-","-","-","-","-","-","-","-","-","-","-","-","-","-","0","-","-","-","-","-","-","-","0","-","-","-","-","-","-","0","-","-","-","-","-","1","-","-","aac(3)-IIa.v1^;strB.v1;aph3-Ia.v1^;strA.v1^;aac(6')-Ib-cr.v2","-","-","qnrB1.v2^;qnrS1;aac(6')-Ib-cr.v2","-","-","catA1*","-","sul1;sul2","tet(D)","-","dfrA14.v2*;dfrA15.v2","LAP-2;OXA-1","-","CTX-M-15","-","-","SHV-11^","SHV:p.Leu35Gln","-","-","-","-","catB3.v1?-70%","1",,,"wzi72","KL2","K2","Typeable","?2!","99.58%","-","OL2α.2","O1αβ,2β","Typeable","-","99.55%","-"
"pvabPX7NiEvSwjZkUUaUuv","SAMN36884878","v3.2.4","6","Klebsiella pneumoniae","strong","87","319268","532040","5744966","yes (199)","ambiguous_bases","ST39",,"2","1","2","4","9","1","14","145-1LV","ybt 14; ICEKp5","4","4","5*","4","1","8","47","2","4","4","2","-","0","-","-","-","-","-","-","-","-","-","-","-","-","-","-","-","-","-","0","-","-","-","-","-","-","-","0","-","-","-","-","-","-","0","-","-","-","-","-","1","-","-","aac(3)-IIa.v1;aadA16*;strB.v1*;strA.v1*;aac(6')-Ib-cr.v2","-","-","qnrB2.v1^;aac(6')-Ib-cr.v2","-","Mrx;mphA*;ermB.v1*","catII.2*","arr-3","sul1;sul1;sul2","tet(D)","-","dfrA27","-","-","CTX-M-15","-","-","SHV-11^","SHV:p.Leu35Gln","-","-","-","-","-","1",,,"wzi83","KL23","K23","Typeable","-","99.94%","-","OL2α.2","O1αβ,2β","Typeable","-","98.93%","-"
"dyToryGFYPUg65sMmJ5YhD","SAMN05960881","v3.2.4","6","Klebsiella pneumoniae","strong","91","279938","705082","5594041","yes (196)","ambiguous_bases","ST1263",,"4","1","1","1","12","1","35","0","-","-","-","-","-","-","-","-","-","-","-","-","-","0","-","-","-","-","-","-","-","-","-","-","-","-","-","-","-","-","-","0","-","-","-","-","-","-","-","0","-","-","-","-","-","-","0","-","-","-","-","-","0","-","-","aadA2;ant(2'')-Ia","-","-","-","-","-","catII.2*","-","sul1;sul2","tet(D)","-","dfrA16.v2","-","-","SHV-12","-","-","-","SHV:p.Leu35Gln;SHV:p.Gly238Ser;SHV:p.Glu240Lys","-","-","-","-","-","1",,,"wzi100","KL10","K10","Typeable","?4","98.94%","-","OL3α/β","O3αβ","Typeable","?3","99.33%","-"
"wTdMVFMhJBMNS9NczV2jFY","SAMEA7472442","v3.2.4","6","Klebsiella pneumoniae","strong","110","334557","533165","5717304","yes (510)","ambiguous_bases","ST39",,"2","1","2","4","9","1","14","294","ybt 16; ICEKp12","6","15","5","4","11","286","304","2","11","4","2","-","0","-","-","-","-","-","-","-","-","-","-","-","-","-","-","-","-","-","0","-","-","-","-","-","-","-","0","-","-","-","-","-","-","0","-","-","-","-","-","1","-","-","aac(3)-IIa.v1^;strB.v1;strA.v1^;aac(6')-Ib-cr.v2","-","-","qnrB1.v2^;aac(6')-Ib-cr.v2","-","-","-","-","sul2","-","-","dfrA14.v2*","OXA-1","-","CTX-M-15","-","-","SHV-11^","SHV:p.Leu35Gln","-","-","-","-","catB3.v1?-70%","1",,,"wzi2","KL2","K2","Typeable","!","99.87%","-","OL2α.1","O1αβ,2α","Typeable","-","100.00%","-"
"8Zy84MWZMiScmkJwsiFnyQ","SAMEA111505123","v3.2.4","6","Klebsiella pneumoniae","strong","184","94724","222350","5292800","yes (1162)","ambiguous_bases","ST3157",,"2","1","1","1","7","1","89","0","-","-","-","-","-","-","-","-","-","-","-","-","-","0","-","-","-","-","-","-","-","-","-","-","-","-","-","-","-","-","-","0","-","-","-","-","-","-","-","0","-","-","-","-","-","-","0","-","-","-","-","-","0","-","-","strA.v1*;strB.v1*","-","-","qnrS1","-","-","-","-","sul2","-","-","dfrA14.v2*","-","-","-","-","-","SHV-14^","-","-","-","-","-","-","0",,,"wzi273","KL30","K30","Typeable","?10+","97.50%","-","OL2α.2","O1αβ,2β","Typeable","?2","99.51%","-"
"rvGui5euCpQhNxbsBaxRQK","SAMEA6155778","v3.2.4","6","Klebsiella pneumoniae","strong","19","734485","2235638","5123507","yes (789)","ambiguous_bases","ST5241",,"2","5","399","1","4","1","4","0","-","-","-","-","-","-","-","-","-","-","-","-","-","0","-","-","-","-","-","-","-","-","-","-","-","-","-","-","-","-","-","0","-","-","-","-","-","-","-","0","-","-","-","-","-","-","0","-","-","-","-","-","0","-","-","aac(3)-IIa.v1;strA.v1*","-","-","qnrS1","-","-","-","-","sul2","tet(D)","-","dfrA14.v2*","-","-","-","-","-","SHV-1","-","-","-","-","-","-","0",,,"wzi95","KL123","unknown (KL123)","Typeable","-","97.33%","-","OL5","O5","Typeable","-","98.25%","-"
"koB4JkyTa9iuBJaS6ynr2d","SAMN46427849","v3.2.4","6","Klebsiella pneumoniae","strong","59","422635","924180","5434412","yes (894)","ambiguous_bases","ST464",,"2","5","2","1","26","1","2","0","-","-","-","-","-","-","-","-","-","-","-","-","-","0","-","-","-","-","-","-","-","-","-","-","-","-","-","-","-","-","-","0","-","-","-","-","-","-","-","0","-","-","-","-","-","-","0","-","-","-","-","-","0","-","-","strB.v1;strA.v1;aadA^;aac(6')-Ib-cr.v2","-","-","qnrB2.v1^;aac(6')-Ib-cr.v2","-","-","catA1*","-","sul2","tet(A).v1","-","dfrA15.v2","OXA-1","-","CTX-M-15","-","-","SHV-38","SHV:p.Ala146Val","-","-","GyrA:p.Ser83Tyr;GyrA:p.Asp87Ala;ParC:p.Ser80Ile","aac(3)-IIa.v1?-0%","sul1?-0%;catB3.v1?-70%","1",,,"-","KL53","K53","Typeable","-","99.89%","-","OL2α.1","O1αβ,2α","Typeable","-","99.22%","-"
"k8xYz3zN61c7cXRqG1V9mj","SAMEA5753754","v3.2.4","6","Klebsiella pneumoniae","strong","144","153356","524258","5655262","yes (301)","ambiguous_bases","ST3030",,"2","1","2","1","10","1","9","463-4LV","ybt 4; plasmid (truncated)","75","34","91","44","47","532-3%","635","25","56","45","118","-","0","-","-","-","-","-","-","-","-","-","-","-","-","-","-","-","-","-","0","-","-","-","-","-","-","-","0","-","-","-","-","-","-","0","-","-","-","-","-","1","-","-","-","-","-","-","-","-","-","-","-","-","-","-","-","-","-","-","-","SHV-223","SHV:p.Gly156Ser","-","-","-","-","-","0",,,"wzi122","KL121","unknown (KL121)","Typeable","?7-","99.79%","KL121_18_wcaJ;KL121_08_wclT;KL121_19;KL121_10_wctC;KL121_12_wcqT;KL121_07_wzx;KL121_09_wzy;KL121_11_wcqS;KL121_13_wcqU","OL2α.1","O1αβ,2α","Typeable","?2","99.07%","-"
"gUxVpQuVi3i99x2a1hsEc7","SAMEA5753757","v3.2.4","6","Klebsiella pneumoniae","strong","67","311666","469489","5466959","yes (295)","ambiguous_bases","ST1189",,"3","5","95","1","16","1","12","0","-","-","-","-","-","-","-","-","-","-","-","-","-","0","-","-","-","-","-","-","-","-","-","-","-","-","-","-","-","-","-","0","-","-","-","-","-","-","-","0","-","-","-","-","-","-","0","-","-","-","-","-","0","-","-","-","-","-","-","-","-","-","-","-","-","-","-","-","-","-","-","-","SHV-11^","SHV:p.Leu35Gln","-","-","-","-","-","0",,,"wzi84","KL28","K28","Typeable","?5","99.84%","-","OL2α.1","O2α","Typeable","-","99.41%","-"
"j62D2jwXVD9t2v2ZiXNj24","SAMEA6155834","v3.2.4","6","Klebsiella pneumoniae","strong","17","734247","2234328","5123462","yes (1081)","ambiguous_bases","ST5241",,"2","5","399","1","4","1","4","0","-","-","-","-","-","-","-","-","-","-","-","-","-","0","-","-","-","-","-","-","-","-","-","-","-","-","-","-","-","-","-","0","-","-","-","-","-","-","-","0","-","-","-","-","-","-","0","-","-","-","-","-","0","-","-","aac(3)-IIa.v1;strA.v1*","-","-","qnrS1","-","-","-","-","sul2","tet(D)","-","dfrA14.v2*","-","-","-","-","-","SHV-1","-","-","-","-","-","-","0",,,"wzi95","KL123","unknown (KL123)","Typeable","-","97.33%","-","OL5","O5","Typeable","-","98.25%","-"
"r22EXMLiW4Z32nTtPaYYRY","SAMEA6158235","v3.2.4","6","Klebsiella pneumoniae","strong","124","99473","350212","5130106","yes (681)","ambiguous_bases","ST340",,"3","3","1","1","1","1","18","0","-","-","-","-","-","-","-","-","-","-","-","-","-","0","-","-","-","-","-","-","-","-","-","-","-","-","-","-","-","-","-","0","-","-","-","-","-","-","-","0","-","-","-","-","-","-","0","-","-","-","-","-","0","-","-","aac(3)-IId^;aadA2","-","-","-","-","-","catII.2*","-","sul1","tet(D)","-","dfrA14.v2*","-","-","CTX-M-15","-","-","SHV-11","SHV:p.Leu35Gln","-","-","GyrA:p.Ser83Ile;GyrA:p.Asp87Asn;ParC:p.Ser80Ile","-","-","1",,,"wzi50","KL15","K15","Typeable","?2","99.94%","-","OL4","O4","Typeable","?3","99.55%","-"
"wnY8BLJvKiKJj8EKgNEMqp","SAMEA111505139","v3.2.4","6","Klebsiella pneumoniae","strong","146","150751","380037","5813282","yes (1299)","ambiguous_bases","ST392",,"3","4","6","1","7","4","40","0","-","-","-","-","-","-","-","-","-","-","-","-","-","0","-","-","-","-","-","-","-","-","-","-","-","-","-","-","-","-","-","0","-","-","-","-","-","-","-","0","-","-","-","-","-","-","0","-","-","-","-","-","0","-","-","aac(3)-IIa.v1^;strB.v1;strA.v1^;aph(3')-VI;aadA2^;armA;aac(6')-Ib-cr.v2","-","-","qnrB1.v2^;aac(6')-Ib-cr.v2","-","msrE;mphE.v2^","-","-","sul1;sul2","tet(A).v1","-","dfrA12;dfrA14.v2*","OXA-1","-","CTX-M-15","-","NDM-1","SHV-11^","SHV:p.Leu35Gln","OmpK35:p.Gln172fs","-","GyrA:p.Ser83Ile;ParC:p.Ser80Ile","-","catB3.v1?-70%","2",,,"wzi187","KL27","K27","Typeable","-","99.79%","-","OL4","O4","Typeable","-","99.58%","-"
"hv4tdSDtdCJiL7h8Erv8Qw","SAMEA7472507","v3.2.4","6","Klebsiella pneumoniae","strong","106","236727","456596","5370520","yes (497)","ambiguous_bases","ST442",,"10","20","2","1","9","11","14","0","-","-","-","-","-","-","-","-","-","-","-","-","-","0","-","-","-","-","-","-","-","-","-","-","-","-","-","-","-","-","-","0","-","-","-","-","-","-","-","0","-","-","-","-","-","-","0","-","-","-","-","-","0","-","-","aac(3)-IIa.v1^;aadA2^","-","-","-","-","msrE;mphE.v2^","-","-","sul1","-","-","dfrA12","-","-","CTX-M-15","-","NDM-1","SHV-110","SHV:p.Leu35Gln;SHV:p.Gly156Asp","OmpK35:p.Thr46fs","-","GyrA:p.Ser83Tyr;GyrA:p.Asp87Ala;ParC:p.Ser80Ile","-","OXA-1*?-0%;aph(3')-VI?-74%;armA*?-0%;catB3.v1?-70%","2",,,"wzi84","KL28","Capsule null","Typeable","?3-!","99.81%","KL28_08_wcuC;KL28_09_wckD","OL2α.1","O2α","Typeable","-","99.41%","-"
"bJZWZD2FSBUWqM6DtiggqM","SAMEA7472468","v3.2.4","6","Klebsiella pneumoniae","strong","83","220998","433580","5582501","yes (428)","ambiguous_bases","ST464",,"2","5","2","1","26","1","2","277-1LV","ybt 16; ICEKp12","6","15","5","4","11","33","23*","2","11","4","2","-","0","-","-","-","-","-","-","-","-","-","-","-","-","-","-","-","-","-","0","-","-","-","-","-","-","-","0","-","-","-","-","-","-","0","-","-","-","-","-","1","-","-","-","-","-","-","-","-","-","-","-","-","-","-","-","-","CTX-M-15","-","NDM-7","SHV-38","SHV:p.Ala146Val","OmpK35:p.Ser91fs","-","GyrA:p.Ser83Tyr;GyrA:p.Asp87Ala;ParC:p.Ser80Ile","-","tet(A).v1?-0%;tet(A).v1?-41%;qnrB2.v1?-0%","2",,,"-","KL53","K53","Typeable","?2","99.89%","-","OL2α.1","O1αβ,2α","Typeable","-","99.22%","-"
"xyGww7Z1sR6wErTvaU1AXk","SAMN05960898","v3.2.4","6","Klebsiella pneumoniae","strong","67","279860","675986","5511802","yes (195)","ambiguous_bases","ST4",,"3","1","1","1","3","3","1","0","-","-","-","-","-","-","-","-","-","-","-","-","-","0","-","-","-","-","-","-","-","-","-","-","-","-","-","-","-","-","-","0","-","-","-","-","-","-","-","0","-","-","-","-","-","-","0","-","-","-","-","-","0","-","-","aac(3)-IIa.v1","-","-","-","-","-","catII.2*","-","sul2","tet(D)","-","-","-","-","CTX-M-15","-","-","SHV-11^","SHV:p.Leu35Gln","-","-","-","-","-","1",,,"wzi13","KL13","K13","Typeable","-","99.93%","-","OL2α.1","O1αβ,2α","Typeable","-","99.25%","-"
"4mRJucNety59xcCC1tY51j","SAMEA6422764","v3.2.4","6","Klebsiella pneumoniae","strong","80","203867","506491","5540310","yes (980)","ambiguous_bases","ST73",,"2","3","4","1","12","6","19","503","ybt 9; ICEKp3","140","11","6","5","1","60","65","9","5","5","11","-","0","-","-","-","-","-","-","-","-","-","-","-","-","-","-","-","-","-","0","-","-","-","-","-","-","-","0","-","-","-","-","-","-","0","-","-","-","-","-","1","-","-","aac(3)-IIa.v1^;strB.v1;strA.v1^;aac(6')-Ib-cr.v2","-","-","qnrB1.v2^;aac(6')-Ib-cr.v2","-","-","-","-","sul2","tet(A).v1","-","dfrA14.v2*","OXA-1","-","CTX-M-15","-","-","SHV-1^","-","-","-","-","-","catB3.v1?-70%","1",,,"wzi133","KL25","K25","Typeable","!","99.85%","-","OL2α.1","O1αβ,2α","Typeable","-","98.91%","-"
"emScuqyhFJCc1HeEFEmvuE","SAMEA6155893","v3.2.4","6","Klebsiella pneumoniae","strong","47","439597","753411","5424476","yes (791)","ambiguous_bases","ST17",,"2","1","1","1","4","4","4","0","-","-","-","-","-","-","-","-","-","-","-","-","-","0","-","-","-","-","-","-","-","-","-","-","-","-","-","-","-","-","-","0","-","-","-","-","-","-","-","0","-","-","-","-","-","-","0","-","-","-","-","-","0","-","-","-","-","-","qnrS1","-","-","-","-","-","-","-","-","-","-","-","-","-","SHV-11^","SHV:p.Leu35Gln","-","-","-","-","-","0",,,"-","KL62","K62","Typeable","?3!","99.60%","-","OL2α.2","O2β","Typeable","-","99.26%","-"
"iBWRLXhehPKCwucq4oFFBv","SAMEA5753448","v3.2.4","6","Klebsiella pneumoniae","strong","107","329792","481456","5441695","yes (294)","ambiguous_bases","ST2655",,"2","1","1","2","27","4","4","0","-","-","-","-","-","-","-","-","-","-","-","-","-","0","-","-","-","-","-","-","-","-","-","-","-","-","-","-","-","-","-","0","-","-","-","-","-","-","-","0","-","-","-","-","-","-","0","-","-","-","-","-","0","-","-","aac(3)-IId^;strB.v1;strA.v1;aadA5","-","-","-","-","Mrx;mphA","-","-","sul1;sul2","tet(D)","-","dfrA17","-","-","-","-","-","SHV-1","-","-","-","-","-","-","0",,,"wzi39","KL135","unknown (KL135)","Typeable","?3-+","94.07%","KL135_11;KL135_14_wzx;KL135_16_manC;KL135_13_wzy;KL135_09;KL135_10_wcuD;KL135_08_wcaA;KL135_17_manB;KL135_12_wcuT","OL14","unknown (OL14)","Typeable","?2!","100.00%","-"
"pW1Kpbr4jEfJfJpkB7udD1","SAMEA6155826","v3.2.4","6","Klebsiella pneumoniae","strong","51","430036","898643","5579911","yes (506)","ambiguous_bases","ST307",,"4","1","2","52","1","1","7","0","-","-","-","-","-","-","-","-","-","-","-","-","-","0","-","-","-","-","-","-","-","-","-","-","-","-","-","-","-","-","-","0","-","-","-","-","-","-","-","0","-","-","-","-","-","-","0","-","-","-","-","-","0","-","-","aac(3)-IIa.v1;strB.v1*;strA.v1*","-","-","-","-","-","catII.2*","-","sul2","tet(D)","-","dfrA14.v2*","-","-","CTX-M-15","-","-","SHV-28^","-","-","-","GyrA:p.Ser83Ile;ParC:p.Ser80Ile","-","-","1",,,"wzi173","KL102","unknown (KL102)","Typeable","-","99.66%","-","OL2α.2","O2β","Typeable","-","99.13%","-"
"r8hvFxtWhiAbUyg1kwXsir","SAMEA7472515","v3.2.4","6","Klebsiella pneumoniae","strong","67","261398","481646","5199275","yes (308)","ambiguous_bases","ST530",,"2","39","2","1","1","4","24","303-1LV","ybt 13; ICEKp2","6","4","20","61","1","253","299","2","76","4","2","-","0","-","-","-","-","-","-","-","-","-","-","-","-","-","-","-","-","-","0","-","-","-","-","-","-","-","0","-","-","-","-","-","-","0","-","-","-","-","-","1","-","-","-","-","-","-","-","-","-","-","-","-","-","-","-","-","CTX-M-15","-","-","SHV-1^","-","-","-","-","-","-","1",,,"wzi62","KL62","K62","Typeable","?2!","99.73%","-","OL2α.2","O1αβ,2β","Typeable","-","99.47%","-"
"kdUfqfNFMSrgBoucX5xvfP","SAMEA7472372","v3.2.4","6","Klebsiella pneumoniae","strong","50","280609","767723","5652357","yes (299)","ambiguous_bases","ST45",,"2","1","1","6","7","1","12","80-1LV","ybt 10; ICEKp4","3","12","4","11","3","83","18*","3","10","16","2","-","0","-","-","-","-","-","-","-","-","-","-","-","-","-","-","-","-","-","0","-","-","-","-","-","-","-","0","-","-","-","-","-","-","0","-","-","-","-","-","1","-","-","aac(3)-IIa.v1;strB.v1;strA.v1^","-","-","-","-","Mrx;mphA","-","-","sul2*","-","-","dfrA14.v2*","-","-","CTX-M-15","-","-","SHV-1","-","-","-","-","-","-","1",,,"wzi50","KL52","K52","Typeable","?5+","99.88%","-","OL13","O13","Typeable","?3!","96.77%","-"
"8UQhM26DjirjJRY7tk4fiJ","SAMEA7472405","v3.2.4","6","Klebsiella pneumoniae","strong","84","337412","642218","5472680","yes (498)","ambiguous_bases","ST133",,"12","1","1","2","5","1","36","0","-","-","-","-","-","-","-","-","-","-","-","-","-","0","-","-","-","-","-","-","-","-","-","-","-","-","-","-","-","-","-","0","-","-","-","-","-","-","-","0","-","-","-","-","-","-","0","-","-","-","-","-","0","-","-","aac(3)-IIa.v1;strB.v1*;aadA*;aac(6')-Ib-cr.v2","-","-","aac(6')-Ib-cr.v2","-","-","-","arr-3","sul1^;sul2","tet(A).v1","-","dfrA15.v2;dfrA27","-","-","CTX-M-15","-","-","SHV-75","-","-","-","-","strA.v1?-0%","-","1",,,"wzi180","KL116","unknown (KL116)","Typeable","?5","100.00%","-","OL2α.1","O1αβ,2α","Typeable","-","99.19%","-"
"j9ZShn3RZeenuS7oiH6gYa","SAMEA6155855","v3.2.4","6","Klebsiella pneumoniae","strong","45","369069","750404","5427520","yes (887)","ambiguous_bases","ST17",,"2","1","1","1","4","4","4","0","-","-","-","-","-","-","-","-","-","-","-","-","-","0","-","-","-","-","-","-","-","-","-","-","-","-","-","-","-","-","-","0","-","-","-","-","-","-","-","0","-","-","-","-","-","-","0","-","-","-","-","-","0","-","-","-","-","-","qnrS1","-","-","-","-","-","-","-","-","-","-","-","-","-","SHV-11^","SHV:p.Leu35Gln","-","-","-","-","-","0",,,"-","KL62","K62","Typeable","?3!","99.60%","-","OL2α.2","O2β","Typeable","-","99.26%","-"
"sB3AMskB74w4RxSkWLsher","SAMEA5753731","v3.2.4","6","Klebsiella pneumoniae","strong","119","163502","968408","5848891","yes (295)","ambiguous_bases","ST397",,"2","1","1","1","21","44","9","463-1LV","ybt 4; plasmid","75","34","37","44","47","205","227","25","23","45","118","-","0","-","-","-","-","-","-","-","-","-","-","-","-","-","-","-","-","-","0","-","-","-","-","-","-","-","0","-","-","-","-","-","-","0","-","-","-","-","-","1","-","-","-","-","-","-","-","-","-","-","-","-","-","-","-","-","-","-","-","SHV-1^","-","-","-","-","-","-","0",,,"wzi475","KL158","unknown (KL158)","Typeable","?11-!","99.83%","KL158_09","OL2α.1","O1αβ,2α","Typeable","-","99.19%","-"
"viX7qNyijfnBPd9ruFm8we","SAMEA7472517","v3.2.4","6","Klebsiella pneumoniae","strong","43","315681","995312","5397496","yes (402)","ambiguous_bases","ST76",,"4","1","1","1","21","1","35","384-1LV","ybt 10; ICEKp4","16","12","4","3","3","61","54*","3","10","9","39","-","0","-","-","-","-","-","-","-","-","-","-","-","-","-","-","-","-","-","0","-","-","-","-","-","-","-","0","-","-","-","-","-","-","0","-","-","-","-","-","1","-","-","-","-","-","-","-","-","-","-","-","-","-","-","-","-","-","-","-","SHV-1^","-","-","-","-","-","NDM-19*?-53%","0",,,"wzi100","KL10","K10","Typeable","?4+","99.03%","-","OL3α/β","O3αβ","Typeable","?3","99.27%","-"
"mhumFeLBiEKJ31MhCzA8vb","SAMN36884891","v3.2.4","6","Klebsiella pneumoniae","strong","80","215128","793575","5441187","yes (100)","ambiguous_bases","ST4332",,"4","1","1","36","12","1","38","0","-","-","-","-","-","-","-","-","-","-","-","-","-","0","-","-","-","-","-","-","-","-","-","-","-","-","-","-","-","-","-","0","-","-","-","-","-","-","-","0","-","-","-","-","-","-","0","-","-","-","-","-","0","-","-","aadA2","-","-","-","-","-","catII.2*","-","sul1;sul2","-","-","dfrA16.v2","-","-","CTX-M-15","-","-","SHV-1^","-","-","-","-","-","TEM-103?-70%;TEM-105?-0%","1",,,"wzi538","KL171","unknown (KL171)","Typeable","!","99.62%","-","OL3γ","O3γ","Typeable","-","99.44%","-"
"5f2Wsts6UszDxa6ggD49MU","SAMEA5753371","v3.2.4","6","Klebsiella pneumoniae","strong","129","307148","790275","5791130","yes (296)","ambiguous_bases","ST397",,"2","1","1","1","21","44","9","463","ybt 4; plasmid","75","34","37","44","47","104","227","25","23","45","118","-","0","-","-","-","-","-","-","-","-","-","-","-","-","-","-","-","-","-","0","-","-","-","-","-","-","-","0","-","-","-","-","-","-","0","-","-","-","-","-","1","-","-","aadA1.v1^","-","-","-","-","-","-","-","sul1","tet(A).v1","-","dfrA1.v2","-","-","-","-","-","SHV-1^","-","-","-","-","-","-","0",,,"wzi475","KL158","unknown (KL158)","Typeable","?11!","98.19%","-","OL2α.1","O1αβ,2α","Typeable","-","99.16%","-"
"nxs8abV3G6H4G7mikPrnuF","SAMEA6422761","v3.2.4","6","Klebsiella pneumoniae","strong","42","363912","752580","5372566","yes (292)","ambiguous_bases","ST219",,"2","1","2","3","27","1","39","0","-","-","-","-","-","-","-","-","-","-","-","-","-","0","-","-","-","-","-","-","-","-","-","-","-","-","-","-","-","-","-","0","-","-","-","-","-","-","-","0","-","-","-","-","-","-","0","-","-","-","-","-","0","-","-","strB.v1*;aph3-Ia.v1^;strA.v1*;aadA2^","-","-","qnrS1","-","Mrx;mphA","catII.2*","-","sul1;sul2","-","-","dfrA12","-","-","CTX-M-15","-","-","SHV-1^","-","-","-","-","-","-","1",,,"wzi177","KL114","unknown (KL114)","Typeable","-","99.85%","-","OL2α.1","O1αβ,2α","Typeable","-","99.32%","-"
"bS81DVrppm6u5fWTkYFQ7B","SAMEA6422785","v3.2.4","6","Klebsiella pneumoniae","strong","83","249812","716573","5654869","yes (786)","ambiguous_bases","ST147",,"3","4","6","1","7","4","38","0","-","-","-","-","-","-","-","-","-","-","-","-","-","0","-","-","-","-","-","-","-","-","-","-","-","-","-","-","-","-","-","0","-","-","-","-","-","-","-","0","-","-","-","-","-","-","0","-","-","-","-","-","0","-","-","aac(3)-IIa.v1;strB.v1;aph3-Ia.v1^;aadA2^","-","-","-","-","Mrx;mphA","catII.2*","-","sul1;sul2","tet(A).v1","-","dfrA12","-","-","CTX-M-15","-","-","SHV-11^","SHV:p.Leu35Gln","-","-","GyrA:p.Ser83Tyr;GyrA:p.Asp87Ala;ParC:p.Ser80Ile","strA.v1*?-0%","-","1",,,"wzi420","KL10","K10","Typeable","?3","99.01%","-","OL3α/β","O3αβ","Typeable","?3!","99.38%","-"
"5CNpBnF5H4n9eHHomRLzQT","SAMEA6155865","v3.2.4","6","Klebsiella pneumoniae","strong","43","370914","829959","5491216","yes (792)","ambiguous_bases","ST101",,"2","6","1","5","4","1","6","172-2LV","ybt 9; ICEKp3","5","11","6","5","1","25","78","9","5","5","11*","-","0","-","-","-","-","-","-","-","-","-","-","-","-","-","-","-","-","-","0","-","-","-","-","-","-","-","0","-","-","-","-","-","-","0","-","-","-","-","-","1","-","-","strB.v1;strA.v1^;aac(6')-Ib-cr.v2","-","-","aac(6')-Ib-cr.v2","-","-","-","-","sul2","-","-","dfrA14.v2*","OXA-1","-","CTX-M-15","-","-","SHV-1^","-","-","-","GyrA:p.Ser83Tyr;GyrA:p.Asp87Ala;ParC:p.Ser80Ile","-","catB3.v1?-70%","1",,,"wzi137","KL17","K17","Typeable","-","99.99%","-","OL2α.1","O1αβ,2α","Typeable","-","98.92%","-"
"7osKw9nwAbzmFk8SAZCCVq","SAMEA5753797","v3.2.4","6","Klebsiella pneumoniae","strong","71","325458","595320","5292473","yes (98)","ambiguous_bases","ST661",,"4","3","1","36","9","10","14","421","ybt 4; plasmid","30","88","37","44","47","104","238","25","59","45","49","-","0","-","-","-","-","-","-","-","-","-","-","-","-","-","-","-","-","-","0","-","-","-","-","-","-","-","0","-","-","-","-","-","-","0","-","-","-","-","-","1","-","-","-","-","-","-","-","-","-","-","-","-","-","-","-","-","-","-","-","SHV-27","SHV:p.Gly156Asp","-","-","-","-","-","0",,,"wzi27","KL27","K27","Typeable","?10-","99.91%","KL27_09_wckS","OL2α.2","O2β","Typeable","?2","99.04%","-"
"utzjj6oLjCnX7gZM8dEmkc","SAMEA111505126","v3.2.4","6","Klebsiella pneumoniae","strong","157","100963","335523","5652758","yes (1361)","ambiguous_bases","ST15",,"1","1","1","1","1","1","1","162","ybt 10; ICEKp4","47","12","4","3","3","35","50","3","10","23","2","-","0","-","-","-","-","-","-","-","-","-","-","-","-","-","-","-","-","-","0","-","-","-","-","-","-","-","0","-","-","-","-","-","-","0","-","-","-","-","-","1","-","-","aac(3)-IIa.v1^;strB.v1;strA.v1^;aadA^;aac(6')-Ib-cr.v2","-","-","aac(6')-Ib-cr.v2","-","-","catA1*","-","sul1^;sul2","tet(A).v1","-","dfrA15.v2","OXA-1","-","CTX-M-15","-","-","SHV-28^","-","-","-","GyrA:p.Ser83Phe;GyrA:p.Asp87Ala;ParC:p.Ser80Ile","-","catB3.v1?-70%","1",,,"wzi24","KL24","K24","Typeable","?6","99.07%","-","OL2α.1","O1αβ,2α","Typeable","-","99.19%","-"
"aFmgnCiB28KNQAe6qxxKur","SAMEA7472371","v3.2.4","6","Klebsiella pneumoniae","strong","79","149533","469800","5196967","yes (497)","ambiguous_bases","ST76",,"4","1","1","1","21","1","35","0","-","-","-","-","-","-","-","-","-","-","-","-","-","0","-","-","-","-","-","-","-","-","-","-","-","-","-","-","-","-","-","0","-","-","-","-","-","-","-","0","-","-","-","-","-","-","0","-","-","-","-","-","0","-","-","-","-","-","-","-","-","-","-","-","-","-","-","-","-","-","-","-","SHV-59","-","-","-","-","sul1*?-81%","-","0",,,"wzi102","KL31","K31","Typeable","?5-","99.55%","KL31_14_wctI;KL31_15_wzx","OL3α/β","O3αβ","Typeable","?4","99.24%","-"
"cocDC5PVaDCsHxNGfWc5k3","SAMEA6422756","v3.2.4","6","Klebsiella pneumoniae","strong","23","470022","1024860","5051112","yes (987)","ambiguous_bases","ST5248",,"2","1","3","1","10","4","56","0","-","-","-","-","-","-","-","-","-","-","-","-","-","0","-","-","-","-","-","-","-","-","-","-","-","-","-","-","-","-","-","0","-","-","-","-","-","-","-","0","-","-","-","-","-","-","0","-","-","-","-","-","0","-","-","-","-","-","-","-","-","-","-","-","-","-","-","-","-","-","-","-","SHV-11^","SHV:p.Leu35Gln","-","-","-","-","-","0",,,"-","KL31","K31","Typeable","?2+","99.78%","-","OL3γ","O3γ","Typeable","-","99.76%","-"
"8kVbukWkaFEqdXzhiXoBpf","SAMEA6155853","v3.2.4","6","Klebsiella pneumoniae","strong","43","391929","822715","5519436","yes (983)","ambiguous_bases","ST342",,"2","1","1","1","1","1","100","183-1LV","ybt 9; ICEKp3","5","11","6*","5","1","25","37","9","5","5","11","-","0","-","-","-","-","-","-","-","-","-","-","-","-","-","-","-","-","-","0","-","-","-","-","-","-","-","0","-","-","-","-","-","-","0","-","-","-","-","-","1","-","-","aac(3)-IIa.v1;strB.v1*;strA.v1*","-","-","-","-","-","catII.2*","-","sul2","tet(D)","-","dfrA14.v2*","TEM-103*","-","CTX-M-15","-","-","SHV-60","SHV:p.Leu35Gln","-","-","-","-","-","1",,,"wzi276","KL30","K30","Typeable","-","97.40%","-","OL2α.2","O1αβ,2β","Typeable","-","99.31%","-"
"kaiogLxCJLSa245NCTkt9g","SAMN05960956","v3.2.4","6","Klebsiella pneumoniae","strong","61","367135","580391","5464941","yes (496)","ambiguous_bases","ST716",,"71","1","1","2","16","4","164","561-1LV","ybt 14; ICEKp12","4","4","5","4","64","27","251","95","115","4","2","-","0","-","-","-","-","-","-","-","-","-","-","-","-","-","-","-","-","-","0","-","-","-","-","-","-","-","0","-","-","-","-","-","-","0","-","-","-","-","-","1","-","-","aac(3)-IIa.v1^;strB.v1;strA.v1^;aac(6')-Ib-cr.v2","-","-","qnrB1.v2^;aac(6')-Ib-cr.v2","-","-","-","-","sul2","tet(A).v1","-","dfrA14.v2*","OXA-1","-","CTX-M-15","-","-","SHV-27","SHV:p.Gly156Asp","-","-","-","-","catB3.v1?-70%","1",,,"wzi89","KL110","unknown (KL110)","Typeable","?2","99.65%","-","OL2α.1","O2α","Typeable","-","99.16%","-"
"oGSv5BjAnBd2ofvw7ZBZEz","SAMEA6654232","v3.2.4","6","Klebsiella pneumoniae","strong","100","387770","978808","5750957","yes (497)","ambiguous_bases","ST17",,"2","1","1","1","4","4","4","230-1LV","ybt 15; ICEKp11","6","15","22","4","1","37","34*","14","1","4","17","-","0","-","-","-","-","-","-","-","-","-","-","-","-","-","-","-","-","-","0","-","-","-","-","-","-","-","0","-","-","-","-","-","-","0","-","-","-","-","-","1","-","-","aac(3)-IId^;strB.v1*;aph3-Ia.v1*;strA.v1^;aadA2;rmtB","-","-","qnrS1","-","Mrx;mphA","catII.2*?","-","sul2^","tet(A).v1;tet(G).v1","-","dfrA12;dfrA14.v2*","-","-","CTX-M-15","-","OXA-181","SHV-11^","SHV:p.Leu35Gln","-","-","-","-","sul1*?-63%","2",,,"wzi141","KL25","K25","Typeable","?6","98.83%","-","OL5","O5","Typeable","-","98.19%","-"
"cdbaGrHDemPtw1BgydfcvJ","SAMN36884876","v3.2.4","6","Klebsiella pneumoniae","strong","103","239299","444061","5613901","yes (100)","ambiguous_bases","ST14",,"1","6","1","1","1","1","1","0","-","-","-","-","-","-","-","-","-","-","-","-","-","0","-","-","-","-","-","-","-","-","-","-","-","-","-","-","-","-","-","0","-","-","-","-","-","-","-","0","-","-","-","-","-","-","0","-","-","-","-","-","0","-","-","aac(3)-IIa.v1^;strB.v1;strA.v1^;aac(6')-Ib-cr.v2","-","-","qnrB1.v2^;aac(6')-Ib-cr.v2","-","-","-","-","sul2","tet(D)","-","dfrA14.v2*","OXA-1^","-","CTX-M-15","-","-","-","-","-","-","-","-","catB3.v1?-70%","1",,,"wzi2","KL2","K2","Typeable","-","99.83%","-","OL2α.1","O1αβ,2α","Typeable","-","100.00%","-"
"6Yx8hEXhsdHNMdjcnHpdXj","SAMEA6155833","v3.2.4","6","Klebsiella pneumoniae","strong","68","341358","898934","5546421","yes (981)","ambiguous_bases","ST111",,"2","1","5","1","17","4","42","0","-","-","-","-","-","-","-","-","-","-","-","-","-","0","-","-","-","-","-","-","-","-","-","-","-","-","-","-","-","-","-","0","-","-","-","-","-","-","-","0","-","-","-","-","-","-","0","-","-","-","-","-","0","-","-","aac(3)-IIa.v1;aadA16*;strB.v1*;strA.v1*;aac(6')-Ib-cr.v2","-","-","qnrB6^;aac(6')-Ib-cr.v2","-","-","catII.2*","arr-3","sul1;sul1;sul2","tet(A).v1","-","dfrA27","SCO-1","-","CTX-M-15","-","-","SHV-11^","SHV:p.Leu35Gln","-","-","-","-","-","1",,,"wzi63","KL63","K63","Typeable","-","99.80%","-","OL2α.2","O1αβ,2β","Typeable","-","99.41%","-"
"hAbwaa2M11aDucG5dNcx6N","SAMEA6155807","v3.2.4","6","Klebsiella pneumoniae","strong","60","479738","1913179","5554592","yes (489)","ambiguous_bases","ST22",,"2","3","1","1","1","4","4","0","-","-","-","-","-","-","-","-","-","-","-","-","-","0","-","-","-","-","-","-","-","-","-","-","-","-","-","-","-","-","-","0","-","-","-","-","-","-","-","0","-","-","-","-","-","-","0","-","-","-","-","-","0","-","-","aac(3)-IIa.v1;aadA2","-","-","-","-","-","catII.2*","-","sul1;sul2","tet(D)","-","dfrA16.v2","-","-","CTX-M-15","-","-","SHV-1^","-","-","-","-","-","-","1",,,"wzi9","KL9","K9","Typeable","-","99.99%","-","OL2α.2","O2β","Typeable","-","99.05%","-"
"ov8R6Jr2mE8UgaeeqheaFP","SAMEA115925716","v3.2.4","6","Klebsiella pneumoniae","strong","119","130196","347893","5527922","yes (992)","ambiguous_bases","ST502-1LV",,"2","53","3","1","10","4*","18","0","-","-","-","-","-","-","-","-","-","-","-","-","-","0","-","-","-","-","-","-","-","-","-","-","-","-","-","-","-","-","-","0","-","-","-","-","-","-","-","0","-","-","-","-","-","-","0","-","-","-","-","-","0","-","-","aadA^;aac(6')-Ib-cr.v2","-","-","qnrS1;aac(6')-Ib-cr.v2","-","-","-","-","sul1^","-","-","dfrA15.v2","OXA-1","-","CTX-M-15","-","-","SHV-62","SHV:p.Leu35Gln","-","-","-","-","catB3.v1?-70%;LAP-2?-0%","1",,,"wzi50","KL15","K15","Typeable","-","99.93%","-","OL4","O4","Typeable","-","99.49%","-"
"dgL11DroRQLtr1f55o8bTr","SAMN05960906","v3.2.4","6","Klebsiella pneumoniae","strong","75","258695","599299","5662239","yes (99)","ambiguous_bases","ST147",,"3","4","6","1","7","4","38","0","-","-","-","-","-","-","-","-","-","-","-","-","-","0","-","-","-","-","-","-","-","-","-","-","-","-","-","-","-","-","-","0","-","-","-","-","-","-","-","0","-","-","-","-","-","-","0","-","-","-","-","-","0","-","-","aac(3)-IIa.v1;strB.v1;strA.v1","-","-","-","-","-","-","-","sul2","-","-","-","SCO-1","-","CTX-M-15","-","-","SHV-11^","SHV:p.Leu35Gln","-","-","GyrA:p.Ser83Tyr;GyrA:p.Asp87Ala;ParC:p.Ser80Ile","-","-","1",,,"wzi420","KL10","K10","Typeable","?3","99.01%","-","OL3α/β","O3αβ","Typeable","?3","99.40%","-"
"kVaSn9PWDtVoXozYzBTQFk","SAMEA111504609","v3.2.4","6","Klebsiella pneumoniae","strong","85","230038","509091","5693111","yes (442)","ambiguous_bases","ST147",,"3","4","6","1","7","4","38","173-2LV","ybt 9; ICEKp3","5","11","6","5","1","293","318","9","5","5","11","-","0","-","-","-","-","-","-","-","-","-","-","-","-","-","-","-","-","-","0","-","-","-","-","-","-","-","0","-","-","-","-","-","-","0","-","-","-","-","-","1","-","-","aph(3')-Ia;aadA13;aadA*;aac(6')-Ib'.v1","-","-","qnrS1","-","-","catB3.v2","arr-3","sul1","-","-","-","OXA-9.v1;OXA-1","-","CTX-M-15","-","NDM-1","SHV-11^","SHV:p.Leu35Gln","OmpK35:p.Arg60fs","-","GyrA:p.Ser83Ile;ParC:p.Ser80Ile","-","-","2",,,"wzi64","KL64","K64","Typeable","-","100.00%","-","OL2α.1","O2α","Typeable","-","99.03%","-"
"rSffqw8uKXHjTgvArFBgq7","SAMEA6155858","v3.2.4","6","Klebsiella pneumoniae","strong","61","388799","608346","5532930","yes (692)","ambiguous_bases","ST392",,"3","4","6","1","7","4","40","0","-","-","-","-","-","-","-","-","-","-","-","-","-","0","-","-","-","-","-","-","-","-","-","-","-","-","-","-","-","-","-","0","-","-","-","-","-","-","-","0","-","-","-","-","-","-","0","-","-","-","-","-","0","-","-","aac(3)-IIa.v1^;strB.v1;strA.v1^;aac(6')-Ib-cr.v2","-","-","qnrB1.v2^;aac(6')-Ib-cr.v2","-","-","-","-","sul2","tet(A).v1","-","dfrA14.v2*","OXA-1","-","CTX-M-15","-","-","SHV-11^","SHV:p.Leu35Gln","-","-","GyrA:p.Ser83Ile;ParC:p.Ser80Ile","-","catB3.v1?-70%","1",,,"wzi187","KL27","K27","Typeable","-","99.79%","-","OL4","O4","Typeable","-","99.58%","-"
"miwMhf78aTEavL2snrWv8o","SAMEA6155789","v3.2.4","6","Klebsiella pneumoniae","strong","46","352306","750235","5425973","yes (298)","ambiguous_bases","ST17",,"2","1","1","1","4","4","4","0","-","-","-","-","-","-","-","-","-","-","-","-","-","0","-","-","-","-","-","-","-","-","-","-","-","-","-","-","-","-","-","0","-","-","-","-","-","-","-","0","-","-","-","-","-","-","0","-","-","-","-","-","0","-","-","-","-","-","qnrS1","-","-","-","-","-","-","-","-","-","-","-","-","-","SHV-11^","SHV:p.Leu35Gln","-","-","-","-","-","0",,,"-","KL62","K62","Typeable","?3!","99.60%","-","OL2α.2","O2β","Typeable","-","99.26%","-"
"jVsruuu8Mj75YfkzqpdtsP","SAMEA5753327","v3.2.4","6","Klebsiella pneumoniae","strong","123","237644","452561","5504642","yes (296)","ambiguous_bases","ST3271",,"2","5","1","3","7","1","36","0","-","-","-","-","-","-","-","-","-","-","-","-","-","0","-","-","-","-","-","-","-","-","-","-","-","-","-","-","-","-","-","0","-","-","-","-","-","-","-","0","-","-","-","-","-","-","0","-","-","-","-","-","0","-","-","strB.v1;strA.v1","-","-","-","-","-","-","-","-","-","-","-","-","-","-","-","-","SHV-222","SHV:p.Ala146Val","-","-","-","-","-","0",,,"-","KL81","K81","Typeable","?8","99.70%","-","OL2α.1","O1αβ,2α","Typeable","-","98.88%","-"
"fh4M2ynawwkpe9bESyogqC","SAMEA5753786","v3.2.4","6","Klebsiella pneumoniae","strong","41","326406","468187","5283235","yes (291)","ambiguous_bases","ST3293",,"2","1","5","1","10","4","13","0","-","-","-","-","-","-","-","-","-","-","-","-","-","0","-","-","-","-","-","-","-","-","-","-","-","-","-","-","-","-","-","0","-","-","-","-","-","-","-","0","-","-","-","-","-","-","0","-","-","-","-","-","0","-","-","-","-","-","-","-","-","-","-","-","-","-","-","-","-","-","-","-","SHV-226","-","-","-","-","-","-","0",,,"wzi227","KL60","K60","Typeable","?6","99.85%","-","OL3γ","O3γ","Typeable","?3","99.63%","-"
"bV4RhJMeAGN5HN3w7U73N2","SAMEA8515127","v3.2.4","6","Klebsiella pneumoniae","strong","140","145545","388614","5496235","yes (596)","ambiguous_bases","ST244",,"2","5","1","1","1","1","24","183-3LV","ybt 9; ICEKp3","5","11","6*","5","1","25*","37","9","5","5*","11","-","0","-","-","-","-","-","-","-","-","-","-","-","-","-","-","-","-","-","0","-","-","-","-","-","-","-","0","-","-","-","-","-","-","0","-","-","-","-","-","1","-","-","aac(3)-IIa.v1^;strB.v1;strA.v1^;rmtF;aac(6')-Ib","-","-","qnrB1.v2^","-","-","-","arr-2","sul2","-","-","dfrA14.v2*","OXA-1","-","CTX-M-15","-","NDM-1","SHV-11^","SHV:p.Leu35Gln","-","-","-","-","catB3.v1?-70%","2",,,"wzi173","KL155","unknown (KL155)","Typeable","?5-+","99.31%","KL155_12;KL155_15_wzx;KL155_14_epsH_2","OL13","O13","Typeable","?6","96.55%","-"
"vtgvqBT53v8fF46ctdA8wB","SAMEA6155877","v3.2.4","6","Klebsiella pneumoniae","strong","22","478691","1833547","5121762","yes (591)","ambiguous_bases","ST5241",,"2","5","399","1","4","1","4","0","-","-","-","-","-","-","-","-","-","-","-","-","-","0","-","-","-","-","-","-","-","-","-","-","-","-","-","-","-","-","-","0","-","-","-","-","-","-","-","0","-","-","-","-","-","-","0","-","-","-","-","-","0","-","-","aac(3)-IIa.v1;strA.v1*","-","-","qnrS1","-","-","-","-","sul2","tet(D)","-","dfrA14.v2*","-","-","-","-","-","SHV-1","-","-","-","-","-","-","0",,,"wzi95","KL123","unknown (KL123)","Typeable","-","97.33%","-","OL5","O5","Typeable","-","98.25%","-"
"umyMDwpZFUJdhx8vnF28oZ","SAMEA6155773","v3.2.4","6","Klebsiella pneumoniae","strong","43","653144","1014073","5412690","yes (785)","ambiguous_bases","ST5243",,"2","1","1","347","9","1","12","0","-","-","-","-","-","-","-","-","-","-","-","-","-","0","-","-","-","-","-","-","-","-","-","-","-","-","-","-","-","-","-","0","-","-","-","-","-","-","-","0","-","-","-","-","-","-","0","-","-","-","-","-","0","-","-","-","-","-","qnrS1","-","-","-","-","sul1","-","-","dfrA15.v2","-","-","-","-","-","SHV-36","SHV:p.Leu35Gln","-","-","-","-","-","0",,,"wzi12","KL12","K12","Typeable","-","99.94%","-","OL2α.1","O1αβ,2α","Typeable","-","98.55%","-"
"pchsxW6orFh8S3vDcUZoVx","SAMEA5753803","v3.2.4","6","Klebsiella pneumoniae","strong","91","247012","563761","5700352","yes (305)","ambiguous_bases","ST397",,"2","1","1","1","21","44","9","463-1LV","ybt 4; plasmid","75","34","37","44","47","202","227","25","23","45","118","-","0","-","-","-","-","-","-","-","-","-","-","-","-","-","-","-","-","-","0","-","-","-","-","-","-","-","0","-","-","-","-","-","-","0","-","-","-","-","-","1","-","-","-","-","-","-","-","-","-","-","-","-","-","-","-","-","-","-","-","SHV-1^","-","-","-","-","-","-","0",,,"wzi475","KL158","unknown (KL158)","Typeable","?6-","99.84%","KL158_14;KL158_07_wcaA;KL158_10;KL158_13_cysE;KL158_12;KL158_11_wfgD","OL2α.1","O1αβ,2α","Typeable","-","99.19%","-"
"aipP1e8eQesusYkxTMLP3u","SAMEA6155929","v3.2.4","6","Klebsiella pneumoniae","strong","54","406006","541094","5574568","yes (490)","ambiguous_bases","ST219",,"2","1","2","3","27","1","39","0","-","-","-","-","-","-","-","-","-","-","-","-","-","0","-","-","-","-","-","-","-","-","-","-","-","-","-","-","-","-","-","0","-","-","-","-","-","-","-","0","-","-","-","-","-","-","0","-","-","-","-","-","0","-","-","strB.v1*;aph3-Ia.v1^;strA.v1*;aadA2^","-","-","qnrS1","-","Mrx;mphA","catII.2*","-","sul1;sul2","-","-","dfrA12","-","-","CTX-M-15","-","OXA-48","SHV-1^","-","-","-","-","-","-","2",,,"wzi177","KL114","unknown (KL114)","Typeable","-","99.85%","-","OL2α.1","O1αβ,2α","Typeable","-","99.32%","-"
"jE5MBuuESAgX1U37dXCbVV","SAMEA5753804","v3.2.4","6","Klebsiella pneumoniae","strong","48","316106","755484","5229188","yes (120)","ambiguous_bases","ST1658",,"2","1","11","1","9","1","112","0","-","-","-","-","-","-","-","-","-","-","-","-","-","0","-","-","-","-","-","-","-","-","-","-","-","-","-","-","-","-","-","0","-","-","-","-","-","-","-","0","-","-","-","-","-","-","0","-","-","-","-","-","0","-","-","-","-","-","-","-","-","-","-","-","-","-","-","-","-","-","-","-","SHV-1","-","-","-","-","-","-","0",,,"-","KL21","K21","Typeable","?7","99.54%","-","OL3γ","O3γ","Typeable","?2","99.73%","-"
"cLnu3gj3nHHhWDddjKVqpA","SAMEA6155847","v3.2.4","6","Klebsiella pneumoniae","strong","59","383721","607832","5536106","yes (1479)","ambiguous_bases","ST392",,"3","4","6","1","7","4","40","0","-","-","-","-","-","-","-","-","-","-","-","-","-","0","-","-","-","-","-","-","-","-","-","-","-","-","-","-","-","-","-","0","-","-","-","-","-","-","-","0","-","-","-","-","-","-","0","-","-","-","-","-","0","-","-","aac(3)-IIa.v1^;strB.v1;strA.v1^;aac(6')-Ib-cr.v2","-","-","qnrB1.v2^;aac(6')-Ib-cr.v2","-","-","-","-","sul2","tet(A).v1","-","dfrA14.v2*","OXA-1","-","CTX-M-15","-","-","SHV-11^","SHV:p.Leu35Gln","-","-","GyrA:p.Ser83Ile;ParC:p.Ser80Ile","-","catB3.v1?-70%","1",,,"wzi187","KL27","K27","Typeable","-","99.79%","-","OL4","O4","Typeable","-","99.58%","-"
"92wiTibEdTeNBpqY17uE8E","SAMEA6422771","v3.2.4","6","Klebsiella pneumoniae","strong","50","314068","639850","5382200","yes (489)","ambiguous_bases","ST5239",,"2","1","1","1","514","4","4","0","-","-","-","-","-","-","-","-","-","-","-","-","-","0","-","-","-","-","-","-","-","-","-","-","-","-","-","-","-","-","-","0","-","-","-","-","-","-","-","0","-","-","-","-","-","-","0","-","-","-","-","-","0","-","-","-","-","-","-","-","-","-","-","-","-","-","-","-","-","-","-","-","SHV-11^","SHV:p.Leu35Gln","-","-","-","-","-","0",,,"wzi555","KL162","unknown (KL162)","Typeable","-","99.51%","-","OL14","unknown (OL14)","Untypeable","-","94.33%","OL14_06_rhamnan;OL14_04_rfbC;OL14_08_wzt;OL14_07_wzm;OL14_05_wbbL"
"dAkZRDf8BnMSmHg38GM8rm","SAMN05960921","v3.2.4","6","Klebsiella pneumoniae","strong","53","410759","1333582","5794654","yes (195)","ambiguous_bases","ST1788",,"2","6","160","1","226","111","299","230","ybt 15; ICEKp11","6","15","22","4","1","37","34","14","1","4","17","-","0","-","-","-","-","-","-","-","-","-","-","-","-","-","-","-","-","-","0","-","-","-","-","-","-","-","0","-","-","-","-","-","-","0","-","-","-","-","-","1","-","-","aac(3)-IIa.v1^;strB.v1;strA.v1^;aac(6')-Ib-cr.v2","-","-","qnrB1.v2^;aac(6')-Ib-cr.v2","-","-","-","-","sul2","tet(A).v1","-","dfrA14.v2*","OXA-1","-","CTX-M-15","-","OXA-48","SHV-232","SHV:p.Leu35Gln","-","-","-","-","catB3.v1?-70%","2",,,"wzi2","KL2","K2","Typeable","-","99.80%","-","OL2α.2","O1αβ,2β","Typeable","-","99.41%","-"
"eH94miV6WHVNfQjumX6o7R","SAMEA6155843","v3.2.4","6","Klebsiella pneumoniae","strong","21","479836","1910648","5122039","yes (977)","ambiguous_bases","ST5241",,"2","5","399","1","4","1","4","0","-","-","-","-","-","-","-","-","-","-","-","-","-","0","-","-","-","-","-","-","-","-","-","-","-","-","-","-","-","-","-","0","-","-","-","-","-","-","-","0","-","-","-","-","-","-","0","-","-","-","-","-","0","-","-","aac(3)-IIa.v1;strA.v1*","-","-","qnrS1","-","-","-","-","sul2","tet(D)","-","dfrA14.v2*","-","-","-","-","-","SHV-1","-","-","-","-","-","-","0",,,"wzi95","KL123","unknown (KL123)","Typeable","-","97.33%","-","OL5","O5","Typeable","-","98.25%","-"
"mZQaeb3FczXTW5Z5S3MwVo","SAMEA7472409","v3.2.4","6","Klebsiella pneumoniae","strong","57","304964","519618","5186998","yes (496)","ambiguous_bases","ST592",,"2","3","6","1","9","4","13","0","-","-","-","-","-","-","-","-","-","-","-","-","-","0","-","-","-","-","-","-","-","-","-","-","-","-","-","-","-","-","-","5","iuc 1","1","1","1","1","10","-","1","iro 1","1","1","1","1","-","0","-","-","-","5*-0%","-","3","-","-","-","-","-","-","-","-","-","-","-","-","-","-","-","-","-","-","-","SHV-26","-","-","-","-","-","-","0",,,"wzi206","KL57","K57","Typeable","?6","99.96%","-","OL3γ","O3γ","Typeable","?2","99.69%","-"
"7hnX9PJywogzyRrzeEeVfk","SAMN05960873","v3.2.4","6","Klebsiella pneumoniae","strong","61","285266","530977","5586255","yes (298)","ambiguous_bases","ST873",,"14","1","2","1","7","4","182","0","-","-","-","-","-","-","-","-","-","-","-","-","-","0","-","-","-","-","-","-","-","-","-","-","-","-","-","-","-","-","-","0","-","-","-","-","-","-","-","0","-","-","-","-","-","-","0","-","-","-","-","-","0","-","-","aac(3)-IId^;strB.v1*;strA.v1*","-","-","qnrS1","-","Mrx;mphA","catII.2*","-","sul2","tet(A).v1^;tet(D)","-","dfrA14.v2*","LAP-2","-","CTX-M-14","-","-","SHV-27^","SHV:p.Gly156Asp","-","-","-","-","-","1",,,"wzi96","KL38","K38","Typeable","-","99.63%","-","OL3γ","O3γ","Typeable","-","99.67%","-"
"ppPWXTxt911sQikKZ64yQ2","SAMEA111505118","v3.2.4","6","Klebsiella pneumoniae","strong","84","207741","436988","5512475","yes (1079)","ambiguous_bases","ST5469",,"18","3","1","1","7","1","439","0","-","-","-","-","-","-","-","-","-","-","-","-","-","0","-","-","-","-","-","-","-","-","-","-","-","-","-","-","-","-","-","0","-","-","-","-","-","-","-","0","-","-","-","-","-","-","0","-","-","-","-","-","0","-","-","aac(3)-IIa.v1;aadA^","-","-","-","-","-","-","-","sul1^","tet(A).v1","-","dfrA15.v2","-","-","CTX-M-15","-","-","SHV-1^","-","-","-","-","-","-","1",,,"-","KL180","unknown (KL180)","Typeable","-","98.73%","-","OL2α.2","O1αβ,2β","Typeable","-","99.37%","-"
"4rJRoHYr5NR82wGsPzD5vn","SAMEA6155876","v3.2.4","6","Klebsiella pneumoniae","strong","152","182034","478715","5687042","yes (592)","ambiguous_bases","ST502",,"2","53","3","1","10","4","18","0","-","-","-","-","-","-","-","-","-","-","-","-","-","0","-","-","-","-","-","-","-","-","-","-","-","-","-","-","-","-","-","0","-","-","-","-","-","-","-","0","-","-","-","-","-","-","0","-","-","-","-","-","0","-","-","aac(3)-IIa.v1;strB.v1;strA.v1;aadA^;aac(6')-Ib-cr.v2","-","-","qnrS1;aac(6')-Ib-cr.v2","-","-","catA1*","-","sul1^","-","-","dfrA15.v2","SCO-1;OXA-1","-","CTX-M-15","-","-","SHV-62","SHV:p.Leu35Gln","-","-","-","-","catB3.v1?-70%","1",,,"wzi50","KL15","K15","Typeable","-","99.93%","-","OL4","O4","Typeable","-","99.56%","-"
"4Rve9vkKjgmV9RdsLuAftK","SAMN31892430","v3.2.4","6","Klebsiella pneumoniae","strong","80","172346","446095","5281734","yes (1790)","ambiguous_bases","ST65",,"2","1","2","1","10","4","13","0","-","-","-","-","-","-","-","-","-","-","-","-","-","0","-","-","-","-","-","-","-","-","-","-","-","-","-","-","-","-","-","1","iuc 1","1","1","1","1","1","-","10-1LV","iro 1","1","13","1","32","-","38","rmp 1; KpVP-1 (truncated)","2","4-0%","2","-","3","-","rmpA2_5-54%","strB.v1*;strA.v1*","-","-","-","-","-","-","-","sul2","-","-","dfrA14.v2*","-","-","-","-","-","SHV-11^","SHV:p.Leu35Gln","-","-","-","-","-","0",,,"wzi72","KL2","K2","Typeable","-","99.52%","-","OL2α.2","O1αβ,2α","Typeable","!","99.27%","-"
"k6jL9xWt1Di2np5pYwysKb","SAMEA6635864","v3.2.4","6","Klebsiella pneumoniae","strong","94","252436","510170","5763365","yes (1074)","ambiguous_bases","ST25",,"2","1","1","1","10","4","13","277","ybt 16; ICEKp12","6","15","5","4","11","33","23","2","11","4","2","-","0","-","-","-","-","-","-","-","-","-","-","-","-","-","-","-","-","-","0","-","-","-","-","-","-","-","0","-","-","-","-","-","-","0","-","-","-","-","-","1","-","-","aac(3)-IIa.v1^;strB.v1;aph3-Ia.v1^;strA.v1;aac(6')-Ib-cr.v2","-","-","qnrB1.v2^;qnrS1;aac(6')-Ib-cr.v2","-","-","catA1*","-","sul1;sul2","tet(D)","-","dfrA14.v2*;dfrA15.v2","LAP-2;OXA-1","-","CTX-M-15","-","-","-","-","-","-","-","-","catB3.v1?-70%;SHV-200?-58%","1",,,"wzi72","KL2","K2","Typeable","?2!","99.58%","-","OL2α.2","O1αβ,2β","Typeable","-","99.55%","-"
"azNWjydAsZsWq5oBkJZpsG","SAMEA7472511","v3.2.4","6","Klebsiella pneumoniae","strong","117","150479","332303","5824339","yes (298)","ambiguous_bases","ST348",,"2","1","20","1","12","15","16","135-2LV","ybt 14; ICEKp5","4","4","18","4","1","27*","25*","2","4","4","2","-","0","-","-","-","-","-","-","-","-","-","-","-","-","-","-","-","-","-","0","-","-","-","-","-","-","-","0","-","-","-","-","-","-","0","-","-","-","-","-","1","-","-","aac(3)-IIa.v1;aac(6')-Ib-cr.v2","-","-","qnrS1;aac(6')-Ib-cr.v2","-","-","catA1^","-","sul1","-","-","dfrA1.v2;dfrA15.v2","SCO-1;OXA-1","-","CTX-M-15","-","-","SHV-11^","SHV:p.Leu35Gln","-","-","-","-","aadA?-76%;catB3.v1?-70%","1",,,"wzi94","KL62","K62","Typeable","-","99.94%","-","OL2α.1","O1αβ,2α","Typeable","-","99.43%","-"
"bdwVoBzdHnEN9SvqNbikxT","SAMN05960957","v3.2.4","6","Klebsiella pneumoniae","strong","65","239205","422898","5462152","yes (494)","ambiguous_bases","ST716",,"71","1","1","2","16","4","164","561-1LV","ybt 14; ICEKp12","4","4","5","4","64","27","251","95","115","4","2","-","0","-","-","-","-","-","-","-","-","-","-","-","-","-","-","-","-","-","0","-","-","-","-","-","-","-","0","-","-","-","-","-","-","0","-","-","-","-","-","1","-","-","aac(3)-IIa.v1^;strB.v1;strA.v1^;aac(6')-Ib-cr.v2","-","-","qnrB1.v2^;aac(6')-Ib-cr.v2","-","-","-","-","sul2","tet(A).v1","-","dfrA14.v2*","OXA-1","-","CTX-M-15","-","-","SHV-27","SHV:p.Gly156Asp","-","-","-","-","catB3.v1?-70%","1",,,"wzi89","KL110","unknown (KL110)","Typeable","-","99.69%","-","OL2α.1","O2α","Typeable","-","99.16%","-"
"8iTG3rswnZSXfdyUnnin2P","SAMEA6155792","v3.2.4","6","Klebsiella pneumoniae","strong","72","321945","551352","5532180","yes (779)","ambiguous_bases","ST25",,"2","1","1","1","10","4","13","0","-","-","-","-","-","-","-","-","-","-","-","-","-","0","-","-","-","-","-","-","-","-","-","-","-","-","-","-","-","-","-","0","-","-","-","-","-","-","-","0","-","-","-","-","-","-","0","-","-","-","-","-","0","-","-","aac(3)-IIa.v1^;strB.v1;aph3-Ia.v1^;strA.v1;aac(6')-Ib-cr.v2","-","-","qnrS1;aac(6')-Ib-cr.v2","-","-","catA1*","-","sul1;sul2","tet(D)","-","dfrA15.v2","LAP-2;OXA-1","-","CTX-M-15","-","-","-","-","-","-","-","-","catB3.v1?-70%;SHV-187*?-59%;SHV-229?-0%","1",,,"wzi72","KL2","K2","Typeable","-","99.56%","-","OL2α.2","O1αβ,2β","Typeable","-","99.55%","-"
"kvBvKLVWrLzSZ2bJfyvXeG","SAMEA5753369","v3.2.4","6","Klebsiella pneumoniae","strong","168","145100","266709","5527784","yes (100)","ambiguous_bases","ST1263",,"4","1","1","1","12","1","35","0","-","-","-","-","-","-","-","-","-","-","-","-","-","0","-","-","-","-","-","-","-","-","-","-","-","-","-","-","-","-","-","0","-","-","-","-","-","-","-","0","-","-","-","-","-","-","0","-","-","-","-","-","0","-","-","aadA2","-","-","-","-","-","-","-","sul2","tet(D)","-","dfrA16.v2","-","-","-","-","-","-","-","-","-","-","-","sul1*?-0%","0",,,"wzi100","KL10","K10","Typeable","?13-","98.96%","KL10_11_wcuQ;KL10_12_wcaN","OL3α/β","O3αβ","Typeable","?3","99.34%","-"
"fs5SV1mCiSjT1fyFMjF6VZ","SAMEA6654216","v3.2.4","6","Klebsiella pneumoniae","strong","79","344484","510486","5613150","yes (1089)","ambiguous_bases","ST25",,"2","1","1","1","10","4","13","277","ybt 16; ICEKp12","6","15","5","4","11","33","23","2","11","4","2","-","0","-","-","-","-","-","-","-","-","-","-","-","-","-","-","-","-","-","0","-","-","-","-","-","-","-","0","-","-","-","-","-","-","0","-","-","-","-","-","1","-","-","aac(3)-IIa.v1^;strB.v1;aph3-Ia.v1^;strA.v1;aac(6')-Ib-cr.v2","-","-","qnrS1;aac(6')-Ib-cr.v2","-","-","catA1*","-","sul1;sul2","tet(D)","-","dfrA15.v2","LAP-2;OXA-1","-","CTX-M-15","-","-","SHV-11^","SHV:p.Leu35Gln","OmpK35:p.Gly134fs","-","-","-","catB3.v1?-70%","1",,,"wzi72","KL2","K2","Typeable","?2!","99.58%","-","OL2α.2","O1αβ,2β","Typeable","-","99.55%","-"
"wzDKTANo7rKwooQZ846smZ","SAMEA5753721","v3.2.4","6","Klebsiella pneumoniae","strong","77","222904","506816","5455897","yes (196)","ambiguous_bases","ST1962",,"2","1","65","1","240","4","43","0","-","-","-","-","-","-","-","-","-","-","-","-","-","0","-","-","-","-","-","-","-","-","-","-","-","-","-","-","-","-","-","0","-","-","-","-","-","-","-","0","-","-","-","-","-","-","0","-","-","-","-","-","0","-","-","-","-","-","-","-","-","-","-","-","-","-","-","-","-","-","-","-","SHV-110^","SHV:p.Leu35Gln;SHV:p.Gly156Asp","-","-","-","-","-","0",,,"wzi468","KL14","K14","Typeable","?12","99.83%","-","OL3γ","O3γ","Typeable","?2","100.00%","-"
"cGYL9WzsyTTm9hRXfqGYGn","SAMEA7472380","v3.2.4","6","Klebsiella pneumoniae","strong","164","61623","322793","5143853","yes (396)","ambiguous_bases","ST4408",,"2","3","333","1","9","1","13","0","-","-","-","-","-","-","-","-","-","-","-","-","-","0","-","-","-","-","-","-","-","-","-","-","-","-","-","-","-","-","-","0","-","-","-","-","-","-","-","0","-","-","-","-","-","-","0","-","-","-","-","-","0","-","-","-","-","-","-","-","-","-","-","-","-","-","-","-","-","-","-","-","SHV-11^","SHV:p.Leu35Gln","-","-","-","-","-","0",,,"-","KL46","K46","Typeable","?8-","99.51%","KL46_14_wclT;KL46_09_wzy;KL46_13_wcuV;KL46_16_wckQ","OL3γ","O3γ","Typeable","?2","99.57%","-"
"iU6qbLVcAJ8i2C414QCBri","SAMEA7472477","v3.2.4","6","Klebsiella pneumoniae","strong","55","319804","559814","5511400","yes (297)","ambiguous_bases","ST40",,"2","1","10","1","4","1","21","0","-","-","-","-","-","-","-","-","-","-","-","-","-","0","-","-","-","-","-","-","-","-","-","-","-","-","-","-","-","-","-","0","-","-","-","-","-","-","-","0","-","-","-","-","-","-","0","-","-","-","-","-","0","-","-","strB.v1;aph3-Ia.v1^;strA.v1^","-","-","-","-","-","-","-","sul1;sul2*","tet(D)","-","dfrA7","-","-","-","-","-","SHV-11^","SHV:p.Leu35Gln","-","-","-","-","-","0",,,"wzi173","KL155","unknown (KL155)","Typeable","?4+","99.30%","-","OL13","O13","Typeable","?3!","96.79%","-"
"pbnK26AZXgQgjnJLjZv9wx","SAMEA6155779","v3.2.4","6","Klebsiella pneumoniae","strong","19","734765","1833117","5122439","yes (886)","ambiguous_bases","ST5241",,"2","5","399","1","4","1","4","0","-","-","-","-","-","-","-","-","-","-","-","-","-","0","-","-","-","-","-","-","-","-","-","-","-","-","-","-","-","-","-","0","-","-","-","-","-","-","-","0","-","-","-","-","-","-","0","-","-","-","-","-","0","-","-","aac(3)-IIa.v1;strA.v1*","-","-","qnrS1","-","-","-","-","sul2","tet(D)","-","dfrA14.v2*","-","-","-","-","-","SHV-1","-","-","-","-","-","-","0",,,"wzi95","KL123","unknown (KL123)","Typeable","-","97.33%","-","OL5","O5","Typeable","-","98.25%","-"
"jBBWXA8udJH12wFK6SRUnY","SAMEA115925719","v3.2.4","6","Klebsiella pneumoniae","strong","130","203963","651506","5821099","yes (1177)","ambiguous_bases","ST234",,"2","1","2","1","7","1","24","327-1LV","ybt 14; ICEKp5","4","4","31","4","1","114*","25","2","4","4","2","-","0","-","-","-","-","-","-","-","-","-","-","-","-","-","-","-","-","-","0","-","-","-","-","-","-","-","0","-","-","-","-","-","-","0","-","-","-","-","-","1","-","-","aac(3)-IIa.v1;strB.v1;aac(6')-Ib-cr.v2","-","-","qnrS1;aac(6')-Ib-cr.v2","-","-","catA1^","-","sul2","-","-","dfrA14.v2","OXA-1","-","CTX-M-15","-","OXA-181","SHV-27","SHV:p.Gly156Asp","-","-","-","-","strA.v1*?-66%;catB3.v1?-70%","2",,,"wzi114","KL30","K30","Typeable","!","97.39%","-","OL2α.2","O1αβ,2β","Typeable","-","99.56%","-"
"mU9yEWqCpyz52t5ggREiez","SAMN05960966","v3.2.4","6","Klebsiella pneumoniae","strong","79","227618","455358","5556965","yes (200)","ambiguous_bases","ST17",,"2","1","1","1","4","4","4","299-2LV","ybt 13; ICEKp2","6","98","20","14","1","126","327","2","4","52","2","-","0","-","-","-","-","-","-","-","-","-","-","-","-","-","-","-","-","-","0","-","-","-","-","-","-","-","0","-","-","-","-","-","-","0","-","-","-","-","-","1","-","-","aac(3)-IIa.v1;strB.v1*;strA.v1*","-","-","qnrB1.v1","-","-","-","-","sul2","-","-","dfrA14.v2*","-","-","CTX-M-15;SHV-12^","-","-","-","SHV:p.Leu35Gln;SHV:p.Gly238Ser;SHV:p.Glu240Lys","-","-","-","-","-","1",,,"wzi141","KL25","K25","Typeable","!","99.65%","-","OL5","O5","Typeable","-","98.23%","-"
"deos3gCFmYQxmsgmjQDH7U","SAMEA115925721","v3.2.4","6","Klebsiella pneumoniae","strong","156","119357","263288","5648471","yes (908)","ambiguous_bases","ST867",,"2","1","99","6","1","1","129","0","-","-","-","-","-","-","-","-","-","-","-","-","-","0","-","-","-","-","-","-","-","-","-","-","-","-","-","-","-","-","-","0","-","-","-","-","-","-","-","0","-","-","-","-","-","-","0","-","-","-","-","-","0","-","-","aac(3)-IIa.v1^;aadA^;aac(6')-Ib-cr.v2","-","-","qnrA1^;aac(6')-Ib-cr.v2","-","-","catA1*","-","sul1;sul1","-","-","dfrA15.v2","OXA-1","-","CTX-M-15","-","-","SHV-144^","SHV:p.Leu35Gln;SHV:p.Ala146Val","-","-","-","-","catB3.v1*?-70%","1",,,"wzi81","KL81","K81","Untypeable","?6+!","99.09%","-","OL13","O13","Typeable","?6+!","96.51%","-"
"qSJ6YXKzWVB7Hh8TNTP9tA","SAMEA115925703","v3.2.4","6","Klebsiella pneumoniae","strong","74","228531","448740","5308288","yes (400)","ambiguous_bases","ST870",,"2","6","1","1","147","1","31","0","-","-","-","-","-","-","-","-","-","-","-","-","-","0","-","-","-","-","-","-","-","-","-","-","-","-","-","-","-","-","-","0","-","-","-","-","-","-","-","0","-","-","-","-","-","-","0","-","-","-","-","-","0","-","-","aac(3)-IIa.v1^;strB.v1;strA.v1^;aac(6')-Ib-cr.v2","-","-","qnrB1.v2^;aac(6')-Ib-cr.v2","-","-","-","-","sul2","tet(A).v1","-","dfrA14.v2*","OXA-1","-","CTX-M-15","-","-","SHV-1^","-","-","-","-","-","catB3.v1?-70%","1",,,"wzi137","KL17","K17","Typeable","-","99.95%","-","OL2α.1","O1αβ,2α","Typeable","-","98.92%","-"
"87PJxck965L12Gh9N8vXp6","SAMEA5753727","v3.2.4","6","Klebsiella pneumoniae","strong","87","139878","345821","5186525","no","-","ST3260",,"10","1","20","1","342","4","264","0","-","-","-","-","-","-","-","-","-","-","-","-","-","0","-","-","-","-","-","-","-","-","-","-","-","-","-","-","-","-","-","0","-","-","-","-","-","-","-","0","-","-","-","-","-","-","0","-","-","-","-","-","0","-","-","-","-","-","-","-","-","-","-","-","-","-","-","-","-","-","-","-","SHV-1^","-","-","-","-","-","-","0",,,"wzi481","KL30","K30","Typeable","?5-","98.40%","KL30_11_wckP;KL30_10_wzy;KL30_07_wcuL;KL30_09_wcuD;KL30_08_wzx;KL30_15_wcuG","OL3γ","O3γ","Typeable","-","99.69%","-"
"3dikTEvbuQAXQaWLF6wGmM","SAMEA5753354","v3.2.4","6","Klebsiella pneumoniae","strong","115","144443","378927","5305677","yes (196)","ambiguous_bases","ST2108",,"2","1","1","3","12","1","5","0","-","-","-","-","-","-","-","-","-","-","-","-","-","0","-","-","-","-","-","-","-","-","-","-","-","-","-","-","-","-","-","0","-","-","-","-","-","-","-","0","-","-","-","-","-","-","0","-","-","-","-","-","0","-","-","aadA1.v1^","-","-","-","-","-","-","-","sul1","-","-","dfrA1.v2","-","-","-","-","-","SHV-1^","-","-","-","-","-","-","0",,,"wzi31","KL31","K31","Typeable","?7","99.77%","-","OL5","O5","Typeable","?2!","98.39%","-"
"85vFfmMxAWjqo18pNuvhoz","SAMEA4785013","v3.2.4","6","Klebsiella pneumoniae","strong","105","196862","797567","5494548","yes (985)","ambiguous_bases","ST395",,"3","1","2","4","1","1","4","0","-","-","-","-","-","-","-","-","-","-","-","-","-","0","-","-","-","-","-","-","-","-","-","-","-","-","-","-","-","-","-","0","-","-","-","-","-","-","-","0","-","-","-","-","-","-","0","-","-","-","-","-","0","-","-","aac(6')-Ib-cr.v2","-","-","qnrS1;aac(6')-Ib-cr.v2","-","-","-","-","sul1","tet(A).v1*","-","dfrA1.v1","OXA-1","-","CTX-M-15","-","NDM-1","SHV-11","SHV:p.Leu35Gln","OmpK35:p.Leu7fs","-","GyrA:p.Ser83Ile;ParC:p.Ser80Ile","-","catB3.v1?-70%","2",,,"wzi105","KL108","unknown (KL108)","Typeable","-","100.00%","-","OL2α.2","O1αβ,2β","Typeable","-","99.31%","-"
"ptHiVHjPXfRZKwpSphHw3n","SAMEA115925723","v3.2.4","6","Klebsiella pneumoniae","strong","227","51934","150319","5459625","yes (322)","ambiguous_bases","ST6",,"2","10","1","1","14","3","20","376-2LV","ybt 14; ICEKp5","4","4","5","4","1","8*","8*","2","4","4","2","-","0","-","-","-","-","-","-","-","-","-","-","-","-","-","-","-","-","-","0","-","-","-","-","-","-","-","0","-","-","-","-","-","-","0","-","-","-","-","-","1","-","-","strB.v1;strA.v1^","-","-","qnrB1.v2^","-","-","-","-","sul2","-","-","dfrA14.v2*","-","-","CTX-M-15","-","-","SHV-1*","-","-","-","-","-","-","1",,,"wzi7","KL7","Capsule null","Typeable","!","99.50%","-","OL2α.1","O1αβ,2α","Typeable","-","99.43%","-"
"8LLpFVCdS1PrSrLbyHVaST","SAMN41988735","v3.2.4","6","Klebsiella pneumoniae","strong","52","397739","935984","5455565","yes (591)","ambiguous_bases","ST86",,"9","4","2","1","1","1","27","0","-","-","-","-","-","-","-","-","-","-","-","-","-","0","-","-","-","-","-","-","-","-","-","-","-","-","-","-","-","-","-","1","iuc 1","1","1","1","1","1","-","1","iro 1","1","1","1","1","-","26-1LV","rmp 1; KpVP-1","2*","2","2","-","3","-","rmpA2_8-60%","strB.v1*;strA.v1*","-","-","-","-","-","catII.2*","-","sul2","-","-","dfrA14.v2*","-","-","-","-","-","SHV-1^","-","-","-","-","-","-","0",,,"wzi2","KL2","K2","Typeable","-","99.83%","-","OL2α.1","O1αβ,2α","Typeable","-","99.30%","-"
"43FEb4GXdhp3cEAaSbWjBv","SAMEA7472411","v3.2.4","6","Klebsiella pneumoniae","strong","49","304965","522323","5190825","yes (397)","ambiguous_bases","ST592",,"2","3","6","1","9","4","13","0","-","-","-","-","-","-","-","-","-","-","-","-","-","0","-","-","-","-","-","-","-","-","-","-","-","-","-","-","-","-","-","5","iuc 1","1","1","1","1","10","-","1","iro 1","1","1","1","1","-","26-1LV","rmp 1; KpVP-1","2*","2","2","-","3","-","rmpA2_5-54%","-","-","-","-","-","-","-","-","-","-","-","-","-","-","-","-","-","SHV-26","-","-","-","-","-","-","0",,,"wzi206","KL57","K57","Typeable","?5!","99.85%","-","OL3γ","O3γ","Typeable","?2","99.62%","-"
"uUpNEneKmgYQtETf9ghiUv","SAMEA7472462","v3.2.4","6","Klebsiella pneumoniae","strong","78","208082","531971","5549348","yes (497)","ambiguous_bases","ST39",,"2","1","2","4","9","1","14","294","ybt 16; ICEKp12","6","15","5","4","11","286","304","2","11","4","2","-","0","-","-","-","-","-","-","-","-","-","-","-","-","-","-","-","-","-","0","-","-","-","-","-","-","-","0","-","-","-","-","-","-","0","-","-","-","-","-","1","-","-","aac(3)-IIa.v1;strB.v1*;strA.v1*","-","-","-","-","-","catII.2*","-","sul2","tet(D)","-","dfrA14.v2*","-","-","CTX-M-15","-","-","SHV-11^","SHV:p.Leu35Gln","-","-","-","-","-","1",,,"wzi2","KL2","K2","Typeable","?2","99.85%","-","OL2α.1","O1αβ,2α","Typeable","-","100.00%","-"
"c9h9kcdQiPzKhFFe3UtP9v","SAMEA6155838","v3.2.4","6","Klebsiella pneumoniae","strong","43","451954","756320","5410733","yes (493)","ambiguous_bases","ST5243",,"2","1","1","347","9","1","12","0","-","-","-","-","-","-","-","-","-","-","-","-","-","0","-","-","-","-","-","-","-","-","-","-","-","-","-","-","-","-","-","0","-","-","-","-","-","-","-","0","-","-","-","-","-","-","0","-","-","-","-","-","0","-","-","-","-","-","qnrS1","-","-","-","-","sul1","-","-","dfrA15.v2","-","-","-","-","-","SHV-36","SHV:p.Leu35Gln","-","-","-","-","-","0",,,"wzi12","KL12","K12","Typeable","-","99.94%","-","OL2α.1","O1αβ,2α","Typeable","-","98.55%","-"
"u1e4xLvcNu2xvy625KyC2N","SAMEA5753753","v3.2.4","6","Klebsiella pneumoniae","strong","127","135055","499019","5095896","no","-","ST3275",,"2","1","1","2","10","1","4","0","-","-","-","-","-","-","-","-","-","-","-","-","-","0","-","-","-","-","-","-","-","-","-","-","-","-","-","-","-","-","-","0","-","-","-","-","-","-","-","0","-","-","-","-","-","-","0","-","-","-","-","-","0","-","-","-","-","-","-","-","-","-","-","-","-","-","-","-","-","-","-","-","SHV-27","SHV:p.Gly156Asp","-","-","-","-","-","0",,,"wzi50","KL15","Capsule null","Typeable","?5-!","99.97%","KL15_14_wzx;KL15_09_wceM;KL15_13_wckI;KL15_11_wcaN;KL15_10_wcsR;KL15_12_wzy;KL15_08_wceN","OL4","O4","Typeable","?5-","99.08%","OL4_06_glycosyltransferase"
"aKHZjRjNNmn3HymxZeqUxb","SAMEA5753792","v3.2.4","6","Klebsiella pneumoniae","strong","108","244936","534048","5460684","yes (199)","ambiguous_bases","ST152",,"2","3","2","1","1","4","56","0","-","-","-","-","-","-","-","-","-","-","-","-","-","0","-","-","-","-","-","-","-","-","-","-","-","-","-","-","-","-","-","0","-","-","-","-","-","-","-","0","-","-","-","-","-","-","0","-","-","-","-","-","0","-","-","-","-","-","-","-","-","-","-","-","-","-","-","-","-","-","-","-","SHV-1^","-","-","-","-","-","-","0",,,"wzi174","KL74","K74","Typeable","?6","99.46%","-","OL15","unknown (OL15)","Typeable","?2","95.55%","-"
"cLPoF1A7AnHCaibQsPz2zV","SAMEA5753738","v3.2.4","6","Klebsiella pneumoniae","strong","228","119711","494024","5718959","yes (198)","ambiguous_bases","ST277",,"3","1","1","1","1","1","43","0","-","-","-","-","-","-","-","-","-","-","-","-","-","0","-","-","-","-","-","-","-","-","-","-","-","-","-","-","-","-","-","0","-","-","-","-","-","-","-","0","-","-","-","-","-","-","0","-","-","-","-","-","0","-","-","-","mcr-8.1*?","-","-","-","-","-","-","sul2","tet(D)","-","dfrA26","-","-","-","-","-","SHV-27^","SHV:p.Gly156Asp","-","-","-","-","-","0",,,"wzi97","KL46","K46","Typeable","?5-","99.37%","KL46_08_wcuD;KL46_10_wcuC;KL46_14_wclT;KL46_12_wcuF;KL46_07_wcaJ;KL46_13_wcuV;KL46_16_wckQ;KL46_09_wzy","OL3γ","O3γ","Typeable","?3","99.71%","-"
"jKvEssiC3yAVNGhJtayyUD","SAMEA6654220","v3.2.4","6","Klebsiella pneumoniae","strong","89","265288","986967","5669714","yes (297)","ambiguous_bases","ST17",,"2","1","1","1","4","4","4","230-1LV","ybt 15; ICEKp11","6","15","22","4","1","37","34*","14","1","4","17","-","0","-","-","-","-","-","-","-","-","-","-","-","-","-","-","-","-","-","0","-","-","-","-","-","-","-","0","-","-","-","-","-","-","0","-","-","-","-","-","1","-","-","aac(3)-IId^;strB.v1;aph3-Ia.v1;strA.v1^;aadA2;rmtB;aac(6')-Ib-cr.v2","-","-","qnrS1;aac(6')-Ib-cr.v2","-","-","-","-","sul2*","tet(A).v1;tet(G).v1","-","dfrA12","-","-","CTX-M-15","-","OXA-181","SHV-11^","SHV:p.Leu35Gln","-","-","-","-","sul1?-63%","2",,,"wzi141","KL25","K25","Typeable","?5","99.83%","-","OL5","O5","Typeable","-","98.19%","-"
"v14mp2i8gwWnMRM21sjxpA","SAMEA6155854","v3.2.4","6","Klebsiella pneumoniae","strong","44","369270","704054","5425161","yes (786)","ambiguous_bases","ST17",,"2","1","1","1","4","4","4","0","-","-","-","-","-","-","-","-","-","-","-","-","-","0","-","-","-","-","-","-","-","-","-","-","-","-","-","-","-","-","-","0","-","-","-","-","-","-","-","0","-","-","-","-","-","-","0","-","-","-","-","-","0","-","-","-","-","-","qnrS1","-","-","-","-","-","-","-","-","-","-","-","-","-","SHV-11^","SHV:p.Leu35Gln","-","-","-","-","-","0",,,"-","KL62","K62","Typeable","?3!","99.60%","-","OL2α.2","O2β","Typeable","-","99.26%","-"
"m2GtyCCQgQRVk91EqqtwyE","SAMEA4785007","v3.2.4","6","Klebsiella pneumoniae","strong","99","176645","315853","5599755","yes (988)","ambiguous_bases","ST340",,"3","3","1","1","1","1","18","0","-","-","-","-","-","-","-","-","-","-","-","-","-","0","-","-","-","-","-","-","-","-","-","-","-","-","-","-","-","-","-","0","-","-","-","-","-","-","-","0","-","-","-","-","-","-","0","-","-","-","-","-","0","-","-","aac(3)-IId^;strA.v1*;aph(3')-VI;aadA2^;armA","-","-","-","-","msrE;mphE.v2^","catII.2*","-","sul1;sul2","tet(D)","-","dfrA12","-","-","CTX-M-15;SHV-12","-","NDM-1","-","SHV:p.Leu35Gln;SHV:p.Gly238Ser;SHV:p.Glu240Lys","-","-","GyrA:p.Ser83Ile;GyrA:p.Asp87Asn;ParC:p.Ser80Ile","-","aph(6)-Id.v1*?-41%","2",,,"wzi50","KL15","K15","Typeable","?2","99.98%","-","OL4","O4","Typeable","-","99.49%","-"
"hoocsxPfXfnsg2XLutMNAK","SAMEA7472365","v3.2.4","6","Klebsiella pneumoniae","strong","125","205214","736304","5807373","yes (697)","ambiguous_bases","ST4410",,"2","6","1","3","26","1","36","586-1LV","ybt 14; ICEKp12","4","4","5","4","1","27","251*","95","4","4","2","-","0","-","-","-","-","-","-","-","-","-","-","-","-","-","-","-","-","-","0","-","-","-","-","-","-","-","0","-","-","-","-","-","-","0","-","-","-","-","-","1","-","-","aac(3)-IId^;strB.v1*;strA.v1*;aadA2^;armA;aac(6')-Ib-cr.v2","-","-","qnrB1.v1;aac(6')-Ib-cr.v2","-","msrE*;mphE.v2^","catII.2*","-","sul1;sul2","-","-","dfrA12;dfrA14.v2*","OXA-1","-","CTX-M-15","-","NDM-1","SHV-1^","-","-","-","GyrA:p.Ser83Ile;ParC:p.Ser80Ile","-","aph(3')-VI?-74%;catB3.v1?-70%","2",,,"wzi180","KL116","unknown (KL116)","Typeable","?4!","99.96%","-","OL2α.1","O1αβ,2α","Typeable","-","99.19%","-"
"9z1oeZUBBJAF8C3UyBvx4E","SAMEA12311723","v3.2.4","6","Klebsiella pneumoniae","strong","164","145725","350060","5495723","yes (497)","ambiguous_bases","ST152",,"2","3","2","1","1","4","56","0","-","-","-","-","-","-","-","-","-","-","-","-","-","0","-","-","-","-","-","-","-","-","-","-","-","-","-","-","-","-","-","0","-","-","-","-","-","-","-","0","-","-","-","-","-","-","0","-","-","-","-","-","0","-","-","aadA2^;armA;aph(3')-VI?;aac(6')-Ib-cr.v2","-","-","qnrB1.v2^;aac(6')-Ib-cr.v2","-","-","-","-","sul1;sul2","tet(A).v1*","-","dfrA12;dfrA14.v2*","OXA-1","-","CTX-M-15^","-","NDM-1;OXA-48","SHV-1^","-","-","-","GyrA:p.Ser83Phe;GyrA:p.Asp87Ala;ParC:p.Ser80Ile","-","catB3.v1?-70%","2",,,"wzi110","KL149","unknown (KL149)","Typeable","?4-","99.98%","KL149_13;KL149_10_wzx;KL149_11;KL149_09;KL149_12","OL4","O4","Typeable","?2","99.58%","-"
"mjYYGyn7pj1GTEgBMVbm57","SAMEA6155872","v3.2.4","6","Klebsiella pneumoniae","strong","83","203585","419089","6021322","yes (200)","ambiguous_bases","ST15",,"1","1","1","1","1","1","1","28-1LV","ybt 10; ICEKp4","16","12","4","3","3","35*","50","3","10","23","2","-","0","-","-","-","-","-","-","-","-","-","-","-","-","-","-","-","-","-","0","-","-","-","-","-","-","-","0","-","-","-","-","-","-","0","-","-","-","-","-","1","-","-","aac(3)-IId^;strB.v1;aph3-Ia.v1^;strA.v1^;aac(6')-Ib-cr.v2","-","-","aac(6')-Ib-cr.v2","-","Mrx;mphA","-","-","sul2","tet(A).v1","-","-","OXA-1","-","CTX-M-15","-","-","SHV-28^","-","-","-","GyrA:p.Ser83Phe;GyrA:p.Asp87Ala;ParC:p.Ser80Ile","-","catB3.v1?-70%","1",,,"wzi24","KL24","K24","Typeable","-","100.00%","-","OL2α.1","O1αβ,2α","Typeable","-","99.19%","-"
"eb7Qrn3aAFtT9DavapU5Hy","SAMEA5753317","v3.2.4","6","Klebsiella pneumoniae","strong","146","131424","335232","5334497","yes (482)","ambiguous_bases","ST502",,"2","53","3","1","10","4","18","0","-","-","-","-","-","-","-","-","-","-","-","-","-","0","-","-","-","-","-","-","-","-","-","-","-","-","-","-","-","-","-","0","-","-","-","-","-","-","-","0","-","-","-","-","-","-","0","-","-","-","-","-","0","-","-","strB.v1^;aph(3'')-Ib","-","-","-","-","-","-","-","-","-","-","-","-","-","-","-","-","SHV-62","SHV:p.Leu35Gln","-","-","-","-","-","0",,,"wzi50","KL15","K15","Typeable","?4-","99.94%","KL15_10_wcsR;KL15_11_wcaN;KL15_14_wzx;KL15_12_wzy;KL15_08_wceN;KL15_09_wceM","OL4","O4","Typeable","?5","99.25%","-"
"2mJG6aY8YTfLy2ghLcMvcU","SAMEA7472355","v3.2.4","6","Klebsiella pneumoniae","strong","55","280609","727445","5649976","yes (297)","ambiguous_bases","ST45",,"2","1","1","6","7","1","12","80-1LV","ybt 10; ICEKp4","3","12","4","11","3","83","18*","3","10","16","2","-","0","-","-","-","-","-","-","-","-","-","-","-","-","-","-","-","-","-","0","-","-","-","-","-","-","-","0","-","-","-","-","-","-","0","-","-","-","-","-","1","-","-","aac(3)-IIa.v1;strB.v1;strA.v1^","-","-","-","-","Mrx;mphA","-","-","sul2*","-","-","dfrA14.v2*","-","-","CTX-M-15","-","-","SHV-1","-","-","-","-","-","-","1",,,"wzi50","KL52","K52","Typeable","?9-+","99.91%","KL52_10_wcoX","OL13","O13","Typeable","?3!","96.77%","-"
"udYSjTG1qwdx9E8AefFSHg","SAMEA5753356","v3.2.4","6","Klebsiella pneumoniae","strong","79","328529","504925","5340296","yes (197)","ambiguous_bases","ST3282",,"2","9","2","1","351","1","16","0","-","-","-","-","-","-","-","-","-","-","-","-","-","0","-","-","-","-","-","-","-","-","-","-","-","-","-","-","-","-","-","0","-","-","-","-","-","-","-","0","-","-","-","-","-","-","0","-","-","-","-","-","0","-","-","aadA1.v1^","-","-","-","-","-","-","-","sul1","-","-","dfrA1.v2","-","-","-","-","-","SHV-11^","SHV:p.Leu35Gln","-","-","-","-","-","0",,,"wzi162","KL140","unknown (KL140)","Typeable","?10","99.77%","-","OL3γ","O3γ","Typeable","-","99.48%","-"
"gnwExAtn8aB3Sh7bHjWrkW","SAMEA6422780","v3.2.4","6","Klebsiella pneumoniae","strong","68","288645","545591","5394123","yes (392)","ambiguous_bases","ST1119",,"2","79","1","1","7","4","4","0","-","-","-","-","-","-","-","-","-","-","-","-","-","0","-","-","-","-","-","-","-","-","-","-","-","-","-","-","-","-","-","0","-","-","-","-","-","-","-","0","-","-","-","-","-","-","0","-","-","-","-","-","0","-","-","aac(3)-IIa.v1;aadA^","-","-","-","-","-","-","-","sul1^","tet(A).v1","-","dfrA15.v2","-","-","CTX-M-15","-","-","SHV-11^","SHV:p.Leu35Gln","-","-","-","-","-","1",,,"-","KL110","unknown (KL110)","Typeable","?3!","99.61%","-","OL3γ","O3γ","Typeable","?3","99.56%","-"
"pkNR3coqAs41UDm1TjHtVx","SAMEA6155869","v3.2.4","6","Klebsiella pneumoniae","strong","44","381477","592198","5517161","yes (1379)","ambiguous_bases","ST342",,"2","1","1","1","1","1","100","183-1LV","ybt 9; ICEKp3","5","11","6*","5","1","25","37","9","5","5","11","-","0","-","-","-","-","-","-","-","-","-","-","-","-","-","-","-","-","-","0","-","-","-","-","-","-","-","0","-","-","-","-","-","-","0","-","-","-","-","-","1","-","-","aac(3)-IIa.v1;strB.v1*;strA.v1*","-","-","-","-","-","-","-","sul2","-","-","dfrA14.v2*","TEM-103*","-","CTX-M-15","-","-","SHV-60","SHV:p.Leu35Gln","-","-","-","-","-","1",,,"wzi276","KL30","K30","Typeable","-","97.40%","-","OL2α.2","O1αβ,2β","Typeable","-","99.31%","-"
"wGwgZmQ8x9oZcrAjjxfoDy","SAMEA6654224","v3.2.4","6","Klebsiella pneumoniae","strong","47","1077390","1813725","5753654","yes (398)","ambiguous_bases","ST17",,"2","1","1","1","4","4","4","230-1LV","ybt 15; ICEKp11","6","15","22","4","1","37","34*","14","1","4","17","-","0","-","-","-","-","-","-","-","-","-","-","-","-","-","-","-","-","-","0","-","-","-","-","-","-","-","0","-","-","-","-","-","-","0","-","-","-","-","-","1","-","-","aac(3)-IId^;strB.v1;aph3-Ia.v1;strA.v1^;aadA2;rmtB","-","-","qnrS1","-","Mrx;mphA","-","-","sul2*","tet(A).v1;tet(G).v1","-","dfrA12;dfrA14.v2*","-","-","CTX-M-15","-","OXA-181","SHV-11^","SHV:p.Leu35Gln","-","-","-","-","sul1?-63%","2",,,"wzi141","KL25","K25","Typeable","!","99.63%","-","OL5","O5","Typeable","-","98.19%","-"
"pcrXU5kynsB1PCESpWGNH4","SAMN31892426","v3.2.4","6","Klebsiella pneumoniae","strong","65","347188","911198","5608328","yes (702)","ambiguous_bases","ST25",,"2","1","1","1","10","4","13","0","-","-","-","-","-","-","-","-","-","-","-","-","-","0","-","-","-","-","-","-","-","-","-","-","-","-","-","-","-","-","-","1-1LV","iuc 1","1*","1","1","1","1","-","2","iro 1","1","4","1","1","-","26","rmp 1; KpVP-1","2","2","2","-","3","-","rmpA2_5-54%","-","-","-","-","-","-","catA1*","-","sul1","-","-","dfrA15.v2","-","-","-","-","-","SHV-11^","SHV:p.Leu35Gln","-","-","-","-","-","0",,,"wzi72","KL2","K2","Typeable","-","99.56%","-","OL2α.2","O1αβ,2β","Typeable","-","99.49%","-"
"bjsEga6MiZDiitdb3bdRiH","SAMN05960938","v3.2.4","6","Klebsiella pneumoniae","strong","43","552915","1704966","5477500","yes (393)","ambiguous_bases","ST429",,"2","1","2","1","9","1","116","0","-","-","-","-","-","-","-","-","-","-","-","-","-","0","-","-","-","-","-","-","-","-","-","-","-","-","-","-","-","-","-","0","-","-","-","-","-","-","-","0","-","-","-","-","-","-","0","-","-","-","-","-","0","-","-","aac(3)-IIa.v1^;strB.v1;strA.v1^;aac(6')-Ib-cr.v2","-","-","aac(6')-Ib-cr.v2","-","-","-","-","sul2","-","-","dfrA14.v2*","OXA-1","-","CTX-M-15","-","-","SHV-11^","SHV:p.Leu35Gln","-","-","-","fosA7*-15%","catB3.v1?-70%","1",,,"wzi187","KL27","K27","Typeable","-","99.81%","-","OL4","O4","Typeable","-","99.63%","-"
"phs67xfBWNQemLZ4RhzKqc","SAMEA6155814","v3.2.4","6","Klebsiella pneumoniae","strong","90","321196","552094","5766692","yes (985)","ambiguous_bases","ST25",,"2","1","1","1","10","4","13","277","ybt 16; ICEKp12","6","15","5","4","11","33","23","2","11","4","2","-","0","-","-","-","-","-","-","-","-","-","-","-","-","-","-","-","-","-","0","-","-","-","-","-","-","-","0","-","-","-","-","-","-","0","-","-","-","-","-","1","-","-","aac(3)-IIa.v1^;strB.v1;aph3-Ia.v1^;aac(6')-Ib-cr.v2","-","-","qnrB1.v2^;qnrS1;aac(6')-Ib-cr.v2","-","-","catA1*","-","sul1;sul2","tet(D)","-","dfrA14.v2*;dfrA15.v2","LAP-2;OXA-1","-","CTX-M-15","-","-","SHV-1^","-","-","-","-","-","strA.v1?-0%;catB3.v1?-70%","1",,,"wzi72","KL2","K2","Typeable","?2!","99.58%","-","OL2α.2","O1αβ,2β","Typeable","-","99.55%","-"
"wLmNuoXQx7aJEsUNtVkqeQ","SAMEA6422736","v3.2.4","6","Klebsiella pneumoniae","strong","116","344543","655696","5780757","yes (198)","ambiguous_bases","ST70",,"2","6","17","1","20","10","25","0","-","-","-","-","-","-","-","-","-","-","-","-","-","0","-","-","-","-","-","-","-","-","-","-","-","-","-","-","-","-","-","0","-","-","-","-","-","-","-","0","-","-","-","-","-","-","0","-","-","-","-","-","0","-","-","aadA^;aac(6')-Ib-cr.v2","-","-","qnrB2.v1^;aac(6')-Ib-cr.v2","-","-","-","-","-","-","-","dfrA15.v2","OXA-1","-","CTX-M-15","-","-","SHV-32","SHV:p.Gly156Asp","-","-","-","aac(3)-IIa.v1?-0%","sul1?-0%;catB3.v1?-70%;catA1*?-58%;sul1?-47%;catA1*?-0%","1",,,"wzi162","KL122","unknown (KL122)","Typeable","-","99.87%","-","OL2α.2","O1αβ,2β","Typeable","-","99.14%","-"
"3DKNa7b6peEvLjs1NJ8Yg9","SAMN05960963","v3.2.4","6","Klebsiella pneumoniae","strong","80","357395","1222034","5518715","yes (192)","ambiguous_bases","ST45",,"2","1","1","6","7","1","12","0","-","-","-","-","-","-","-","-","-","-","-","-","-","0","-","-","-","-","-","-","-","-","-","-","-","-","-","-","-","-","-","0","-","-","-","-","-","-","-","0","-","-","-","-","-","-","0","-","-","-","-","-","0","-","-","aac(3)-IIa.v1;aadA2^","-","-","-","-","Mrx;mphA","-","-","sul1;sul2","-","-","dfrA12","-","-","CTX-M-15","-","-","SHV-1","-","-","-","-","-","-","1",,,"wzi472","KL20","K20","Typeable","-","99.54%","-","OL3α/β","O3αβ","Typeable","-","98.49%","-"
"9FMy9xUJMnFcAwdgXVsANU","SAMN05960962","v3.2.4","6","Klebsiella pneumoniae","strong","34","401133","988161","5170668","yes (490)","ambiguous_bases","ST3688",,"10","1","10","1","4","8","43","0","-","-","-","-","-","-","-","-","-","-","-","-","-","0","-","-","-","-","-","-","-","-","-","-","-","-","-","-","-","-","-","0","-","-","-","-","-","-","-","0","-","-","-","-","-","-","0","-","-","-","-","-","0","-","-","-","-","-","-","-","-","-","-","-","-","-","-","-","-","-","-","-","SHV-11^","SHV:p.Leu35Gln","-","-","-","fosA7*-15%","-","0",,,"wzi84","KL28","K28","Typeable","-","99.82%","-","OL2α.1","O2α","Typeable","-","99.35%","-"
"ckAG3EVebxB4xi7aNYvhEA","SAMEA6155859","v3.2.4","6","Klebsiella pneumoniae","strong","20","582840","1839166","5186335","yes (1086)","ambiguous_bases","ST3071",,"4","3","1","1","9","4","14","0","-","-","-","-","-","-","-","-","-","-","-","-","-","0","-","-","-","-","-","-","-","-","-","-","-","-","-","-","-","-","-","0","-","-","-","-","-","-","-","0","-","-","-","-","-","-","0","-","-","-","-","-","0","-","-","-","-","-","-","-","-","-","-","-","-","-","-","-","-","-","-","-","SHV-27","SHV:p.Gly156Asp","-","-","-","-","-","0",,,"-","KL31","K31","Typeable","?4","99.56%","-","OL3γ","O3γ","Typeable","?3","99.63%","-"
"83GFGNxEQ55fVsFYZGs5gK","SAMEA6155862","v3.2.4","6","Klebsiella pneumoniae","strong","85","323746","506042","5636272","yes (886)","ambiguous_bases","ST185",,"2","30","2","1","10","4","12","0","-","-","-","-","-","-","-","-","-","-","-","-","-","0","-","-","-","-","-","-","-","-","-","-","-","-","-","-","-","-","-","0","-","-","-","-","-","-","-","0","-","-","-","-","-","-","0","-","-","-","-","-","0","-","-","aadA1.v1^","-","-","-","-","-","-","-","sul1","tet(D)","-","dfrA1.v2","-","-","-","-","-","SHV-11^","SHV:p.Leu35Gln","-","-","-","-","-","0",,,"wzi362","KL130","unknown (KL130)","Typeable","-","99.97%","-","OL2α.2","O1αβ,2β","Typeable","-","99.37%","-"
"tfFNVKNbmL8cWoRQhNWp59","SAMEA6422735","v3.2.4","6","Klebsiella pneumoniae","strong","39","361062","1484787","5468880","yes (592)","ambiguous_bases","ST5240",,"2","3","1","1","4","1","18","277","ybt 16; ICEKp12","6","15","5","4","11","33","23","2","11","4","2","-","0","-","-","-","-","-","-","-","-","-","-","-","-","-","-","-","-","-","0","-","-","-","-","-","-","-","0","-","-","-","-","-","-","0","-","-","-","-","-","1","-","-","aac(3)-IIa.v1*;strB.v1*;strA.v1*","-","-","-","-","-","-","-","sul2","tet(D)","-","dfrA14.v2*","-","-","CTX-M-15","-","-","SHV-1*","-","-","-","-","-","-","1",,,"wzi173","KL102","unknown (KL102)","Typeable","-","99.69%","-","OL2α.2","O2β","Typeable","-","99.02%","-"
"vJYckjzrYprKU3MEzNj7Fp","SAMEA111503612","v3.2.4","6","Klebsiella pneumoniae","strong","69","299316","714726","5548925","yes (689)","ambiguous_bases","ST48",,"2","5","2","2","7","1","10","80-2LV","ybt 10; ICEKp4","3","12","4","11","3","83*","18*","3","10","16","2","-","0","-","-","-","-","-","-","-","-","-","-","-","-","-","-","-","-","-","0","-","-","-","-","-","-","-","0","-","-","-","-","-","-","0","-","-","-","-","-","1","-","-","strB.v1;strA.v1^","-","-","qnrB1.v2^","-","-","-","-","sul2","tet(A).v1^","-","dfrA14.v2*","-","-","CTX-M-15","-","-","SHV-11^","SHV:p.Leu35Gln","-","-","-","-","-","1",,,"wzi167","KL124","unknown (KL124)","Typeable","-","99.79%","-","OL2α.1","O1αβ,2α","Typeable","!","99.19%","-"
"oahhcaMCteeYDPc2GHaFxi","SAMEA5753782","v3.2.4","6","Klebsiella pneumoniae","strong","76","144218","429884","5222628","no","-","ST1015",,"10","1","11","1","4","8","43","0","-","-","-","-","-","-","-","-","-","-","-","-","-","0","-","-","-","-","-","-","-","-","-","-","-","-","-","-","-","-","-","0","-","-","-","-","-","-","-","0","-","-","-","-","-","-","0","-","-","-","-","-","0","-","-","-","-","-","-","-","-","-","-","-","-","-","-","-","-","-","-","-","SHV-11^","SHV:p.Leu35Gln","-","-","-","fosA7*-15%","-","0",,,"wzi25","KL25","K25","Typeable","?8","99.79%","-","OL3γ","O3γ","Typeable","-","99.62%","-"
"gHwCs7jfA2m26zJTwoQDE1","SAMN05960902","v3.2.4","6","Klebsiella pneumoniae","strong","47","292307","514189","5239663","yes (293)","ambiguous_bases","ST3612",,"10","1","11","1","10","1","112","0","-","-","-","-","-","-","-","-","-","-","-","-","-","0","-","-","-","-","-","-","-","-","-","-","-","-","-","-","-","-","-","0","-","-","-","-","-","-","-","0","-","-","-","-","-","-","0","-","-","-","-","-","0","-","-","-","-","-","-","-","-","-","-","-","-","-","-","-","-","-","-","-","SHV-1","-","-","-","-","-","-","0",,,"-","KL151","unknown (KL151)","Typeable","-","99.84%","-","OL3γ","O3γ","Typeable","-","99.79%","-"
"6GDQioRLuUjGgXBvzJ15SN","SAMEA6155875","v3.2.4","6","Klebsiella pneumoniae","strong","55","430255","898930","5580341","yes (784)","ambiguous_bases","ST307",,"4","1","2","52","1","1","7","0","-","-","-","-","-","-","-","-","-","-","-","-","-","0","-","-","-","-","-","-","-","-","-","-","-","-","-","-","-","-","-","0","-","-","-","-","-","-","-","0","-","-","-","-","-","-","0","-","-","-","-","-","0","-","-","aac(3)-IIa.v1;strB.v1*;strA.v1*","-","-","-","-","-","catII.2*","-","sul2","tet(D)","-","dfrA14.v2*","-","-","CTX-M-15","-","-","SHV-28^","-","-","-","GyrA:p.Ser83Ile;ParC:p.Ser80Ile","-","-","1",,,"wzi173","KL102","unknown (KL102)","Typeable","-","99.66%","-","OL2α.2","O2β","Typeable","-","99.13%","-"
"wSEshuFUNDgMEGBiHnLH9y","SAMEA5753801","v3.2.4","6","Klebsiella pneumoniae","strong","154","152464","293262","5451456","yes (197)","ambiguous_bases","ST36",,"2","1","2","1","7","1","7","0","-","-","-","-","-","-","-","-","-","-","-","-","-","0","-","-","-","-","-","-","-","-","-","-","-","-","-","-","-","-","-","0","-","-","-","-","-","-","-","0","-","-","-","-","-","-","0","-","-","-","-","-","0","-","-","-","-","-","-","-","-","-","-","-","-","-","-","-","-","-","-","-","SHV-11^","SHV:p.Leu35Gln","-","-","-","-","-","0",,,"wzi173","KL102","unknown (KL102)","Typeable","?8-","98.55%","KL102_08_wzy","OL2α.2","O2β","Typeable","?3","98.70%","-"
"5eG887v1RUpSkjdGw8sGgS","SAMN36884883","v3.2.4","6","Klebsiella pneumoniae","strong","75","307827","684954","5413527","yes (99)","ambiguous_bases","ST152",,"2","3","2","1","1","4","56","325","ybt 10; ICEKp4","88","12","4","121","21","272","280","3","72","9","2","-","0","-","-","-","-","-","-","-","-","-","-","-","-","-","-","-","-","-","0","-","-","-","-","-","-","-","0","-","-","-","-","-","-","0","-","-","-","-","-","1","-","-","aac(3)-IIa.v1^;strB.v1;aph3-Ia.v1^;strA.v1^;aadA1.v1^;aac(6')-Ib-cr.v2","-","-","qnrB6^;aac(6')-Ib-cr.v2","-","Mrx;mphA","-","arr-3","sul1;sul2","-","-","dfrA1.v2;dfrA27","OXA-1","-","CTX-M-15","-","-","SHV-1^","-","-","-","GyrA:p.Ser83Phe;GyrA:p.Asp87Ala;ParC:p.Ser80Ile","-","catB3.v1?-70%","1",,,"wzi110","KL149","unknown (KL149)","Typeable","-","99.97%","-","OL4","O4","Typeable","-","99.56%","-"
"97yZNNPPKmYM3JYMqwuMJk","SAMEA115925704","v3.2.4","6","Klebsiella pneumoniae","strong","81","240739","689460","5777739","yes (689)","ambiguous_bases","ST307",,"4","1","2","52","1","1","7","0","-","-","-","-","-","-","-","-","-","-","-","-","-","0","-","-","-","-","-","-","-","-","-","-","-","-","-","-","-","-","-","0","-","-","-","-","-","-","-","0","-","-","-","-","-","-","0","-","-","-","-","-","0","-","-","aac(3)-IIa.v1^;strB.v1;strA.v1^;aac(6')-Ib-cr.v2","-","-","qnrB1.v2^;aac(6')-Ib-cr.v2","-","-","-","-","sul2","tet(A).v1","-","dfrA14.v2*","OXA-1","-","CTX-M-15","-","OXA-48","SHV-28^","-","-","-","GyrA:p.Ser83Ile;ParC:p.Ser80Ile","-","catB3.v1?-70%","2",,,"wzi173","KL102","unknown (KL102)","Typeable","-","99.66%","-","OL2α.2","O2β","Typeable","!","99.14%","-"
"6MHXM1WJLUdmMekDndtf9o","SAMEA115925715","v3.2.4","6","Klebsiella pneumoniae","strong","92","190421","654269","5833879","yes (794)","ambiguous_bases","ST234",,"2","1","2","1","7","1","24","327-1LV","ybt 14; ICEKp5","4","4","31","4","1","114*","25","2","4","4","2","-","0","-","-","-","-","-","-","-","-","-","-","-","-","-","-","-","-","-","0","-","-","-","-","-","-","-","0","-","-","-","-","-","-","0","-","-","-","-","-","1","-","-","aac(3)-IIa.v1;strB.v1","-","-","qnrS1","-","-","catA1^","-","sul2","-","-","dfrA14.v2","-","-","CTX-M-15","-","OXA-181","SHV-27","SHV:p.Gly156Asp","OmpK35:p.Ala207fs","-","-","-","strA.v1*?-66%","2",,,"wzi114","KL30","K30","Typeable","-","97.38%","-","OL2α.2","O1αβ,2β","Typeable","-","99.56%","-"
"fvPMyr5PwYZ9hLw15vxCDJ","SAMEA111504604","v3.2.4","6","Klebsiella pneumoniae","strong","83","223409","720107","5637811","yes (1339)","ambiguous_bases","ST35",,"2","1","2","1","10","1","19","0","-","-","-","-","-","-","-","-","-","-","-","-","-","0","-","-","-","-","-","-","-","-","-","-","-","-","-","-","-","-","-","0","-","-","-","-","-","-","-","0","-","-","-","-","-","-","0","-","-","-","-","-","0","-","-","aadA^","-","-","qnrB2.v1^","-","-","-","-","sul1;sul1","tet(D)","-","dfrA15.v2","-","-","-","-","-","SHV-33","-","-","-","-","-","-","0",,,"-","KL21","K21","Typeable","?2","99.77%","-","OL2α.1","O1αβ,2α","Typeable","-","98.85%","-"
"jKtntykrHw7dbtizkJY58n","SAMEA6155883","v3.2.4","6","Klebsiella pneumoniae","strong","21","416908","1833400","5121823","yes (977)","ambiguous_bases","ST5241",,"2","5","399","1","4","1","4","0","-","-","-","-","-","-","-","-","-","-","-","-","-","0","-","-","-","-","-","-","-","-","-","-","-","-","-","-","-","-","-","0","-","-","-","-","-","-","-","0","-","-","-","-","-","-","0","-","-","-","-","-","0","-","-","aac(3)-IIa.v1;strA.v1*","-","-","qnrS1","-","-","-","-","sul2","tet(D)","-","dfrA14.v2*","-","-","-","-","-","SHV-1","-","-","-","-","-","-","0",,,"wzi95","KL123","unknown (KL123)","Typeable","-","97.33%","-","OL5","O5","Typeable","-","98.25%","-"
"2zPTZkh76qfbRoz5iw4sY1","SAMEA111505128","v3.2.4","6","Klebsiella pneumoniae","strong","168","96373","253201","5467915","yes (1905)","ambiguous_bases","ST252",,"2","5","1","1","9","1","6","0","-","-","-","-","-","-","-","-","-","-","-","-","-","0","-","-","-","-","-","-","-","-","-","-","-","-","-","-","-","-","-","0","-","-","-","-","-","-","-","0","-","-","-","-","-","-","0","-","-","-","-","-","0","-","-","-","-","-","-","-","-","-","-","-","-","-","-","-","-","-","-","-","SHV-1^","-","-","-","-","-","fosA7*?-0%","0",,,"-","KL8","Capsule null","Typeable","?7-!","95.51%","KL8_07_wzy","OL2α.2","O1αβ,2α","Typeable","-","99.07%","-"
"mxGK98nBQ8MpsZjV37SZ9z","SAMEA115925705","v3.2.4","6","Klebsiella pneumoniae","strong","93","187986","500127","5478074","yes (880)","ambiguous_bases","ST1243",,"76","1","2","1","7","4","224","0","-","-","-","-","-","-","-","-","-","-","-","-","-","0","-","-","-","-","-","-","-","-","-","-","-","-","-","-","-","-","-","0","-","-","-","-","-","-","-","0","-","-","-","-","-","-","0","-","-","-","-","-","0","-","-","aac(3)-IIa.v1^;strB.v1;strA.v1^;aac(6')-Ib-cr.v2","-","-","qnrB1.v2^;aac(6')-Ib-cr.v2","-","-","-","-","sul2","tet(A).v1","-","dfrA14.v2*","OXA-1","-","CTX-M-15","-","-","SHV-1^","-","-","-","-","-","catB3.v1?-70%","1",,,"wzi23","KL14","K14","Typeable","?3","99.84%","-","OL3γ","O3γ","Typeable","?3","99.48%","-"
"94Pknj5Nyf3QQBDqPjr6it","SAMEA5753789","v3.2.4","6","Klebsiella pneumoniae","strong","118","158442","487513","5321316","yes (200)","ambiguous_bases","ST3295",,"4","1","11","1","21","1","446","0","-","-","-","-","-","-","-","-","-","-","-","-","-","0","-","-","-","-","-","-","-","-","-","-","-","-","-","-","-","-","-","0","-","-","-","-","-","-","-","0","-","-","-","-","-","-","0","-","-","-","-","-","0","-","-","-","-","-","-","-","-","-","-","-","-","-","-","-","-","-","-","-","SHV-1^","-","-","-","-","-","-","0",,,"-","KL184","Capsule null","Untypeable","?3-+!","96.47%","KL184_12_wcaN;KL184_14_wcpS;KL184_15;KL184_05_wzb;KL184_04_wza;KL184_08_wctK;KL184_11;KL184_13_wzx;KL184_10_wcuT;KL184_16_wzy;KL184_09_wcpL;KL184_06_wzc","OL12","O12","Untypeable","-+!","91.14%","OL12_07_wzt;OL12_05_wbbL;OL12_06_wzm;OL12_08_wbbB"
"qXXvn6JkA1n3XnLWZL5pXq","SAMEA6654219","v3.2.4","6","Klebsiella pneumoniae","strong","77","374724","551236","5610745","yes (904)","ambiguous_bases","ST25",,"2","1","1","1","10","4","13","277","ybt 16; ICEKp12","6","15","5","4","11","33","23","2","11","4","2","-","0","-","-","-","-","-","-","-","-","-","-","-","-","-","-","-","-","-","0","-","-","-","-","-","-","-","0","-","-","-","-","-","-","0","-","-","-","-","-","1","-","-","aac(3)-IIa.v1^;strB.v1;aph3-Ia.v1^;strA.v1;aac(6')-Ib-cr.v2","-","-","qnrS1;aac(6')-Ib-cr.v2","-","-","catA1*","-","sul1;sul2","tet(D)","-","dfrA15.v2","LAP-2;OXA-1","-","CTX-M-15","-","-","SHV-11^","SHV:p.Leu35Gln","OmpK35:p.Gly134fs","-","-","-","catB3.v1?-70%","1",,,"wzi72","KL2","K2","Typeable","?2!","99.53%","-","OL2α.2","O1αβ,2β","Typeable","-","99.55%","-"
"8Xgc52vtKZVkfHJUruR9Y2","SAMEA111504615","v3.2.4","6","Klebsiella pneumoniae","strong","65","179955","386554","5468678","yes (1100)","ambiguous_bases","ST25",,"2","1","1","1","10","4","13","0","-","-","-","-","-","-","-","-","-","-","-","-","-","0","-","-","-","-","-","-","-","-","-","-","-","-","-","-","-","-","-","5","iuc 1","1","1","1","1","10","-","1-1LV","iro 1","1","1","1","1*","-","26","rmp 1; KpVP-1","2","2","2","-","3","-","rmpA2_6*-47%","-","-","-","-","-","-","-","-","-","-","-","-","-","-","-","-","-","SHV-11^","SHV:p.Leu35Gln","-","-","-","-","-","0",,,"wzi72","KL2","K2","Typeable","?2","99.55%","-","OL2α.2","O1αβ,2β","Typeable","-","99.55%","-"
"8ZSgD6stSFnVwrq7ktKyXW","SAMEA6422777","v3.2.4","6","Klebsiella pneumoniae","strong","71","307016","599053","5554255","yes (96)","ambiguous_bases","ST967",,"2","1","19","4","9","4","34","0","-","-","-","-","-","-","-","-","-","-","-","-","-","0","-","-","-","-","-","-","-","-","-","-","-","-","-","-","-","-","-","0","-","-","-","-","-","-","-","0","-","-","-","-","-","-","0","-","-","-","-","-","0","-","-","aac(3)-IIa.v1;aadA^","-","-","-","-","-","catA1*","-","sul1^;sul2","tet(A).v1","-","dfrA15.v2","-","-","CTX-M-15","-","-","SHV-27","SHV:p.Gly156Asp","-","-","GyrA:p.Ser83Leu;GyrA:p.Asp87Asn;ParC:p.Ser80Ile","-","-","1",,,"wzi81","KL18","K18","Typeable","-","99.82%","-","OL2α.2","O1αβ,2β","Typeable","-","99.45%","-"
"r4AoMQg5rneJcvC4fvfkPH","SAMN45807625","v3.2.4","6","Klebsiella pneumoniae","strong","63","333905","533633","5578628","yes (798)","ambiguous_bases","ST39",,"2","1","2","4","9","1","14","294-1LV","ybt 16; ICEKp12","6","15","5","4","11","286*","304","2","11","4","2","-","0","-","-","-","-","-","-","-","-","-","-","-","-","-","-","-","-","-","0","-","-","-","-","-","-","-","0","-","-","-","-","-","-","0","-","-","-","-","-","1","-","-","aac(3)-IIa.v1;aadA^","-","-","-","-","-","-","-","sul1^","tet(A).v1","-","dfrA15.v2","SCO-1","-","CTX-M-15","-","-","SHV-11^","SHV:p.Leu35Gln","-","-","-","-","TEM-105?-0%","1",,,"wzi2","KL2","K2","Typeable","-","99.84%","-","OL2α.1","O1αβ,2α","Typeable","-","100.00%","-"
"kgF7ju1JDHCHz9o4VMNQ91","SAMN05960882","v3.2.4","6","Klebsiella pneumoniae","strong","102","152542","510289","5627094","yes (100)","ambiguous_bases","ST25",,"2","1","1","1","10","4","13","0","-","-","-","-","-","-","-","-","-","-","-","-","-","0","-","-","-","-","-","-","-","-","-","-","-","-","-","-","-","-","-","0","-","-","-","-","-","-","-","0","-","-","-","-","-","-","0","-","-","-","-","-","0","-","-","aac(3)-IIa.v1;strB.v1*;strA.v1*","-","-","-","-","-","-","-","sul2","-","-","dfrA14.v2*","-","-","CTX-M-15","-","-","SHV-11^","SHV:p.Leu35Gln","-","-","-","-","-","1",,,"wzi72","KL2","K2","Typeable","-","99.56%","-","OL2α.2","O1αβ,2β","Typeable","-","99.55%","-"
"2zmwVkNyF5VkwamG5Jafkv","SAMEA5753707","v3.2.4","6","Klebsiella pneumoniae","strong","85","172025","452976","5322968","yes (100)","ambiguous_bases","ST3113",,"31","1","1","1","3","1","64","0","-","-","-","-","-","-","-","-","-","-","-","-","-","0","-","-","-","-","-","-","-","-","-","-","-","-","-","-","-","-","-","0","-","-","-","-","-","-","-","0","-","-","-","-","-","-","0","-","-","-","-","-","0","-","-","-","-","-","-","-","-","-","-","-","-","-","-","-","-","-","-","-","SHV-220","-","-","-","-","-","-","0",,,"wzi118","KL146","unknown (KL146)","Typeable","?4","93.53%","-","OL2α.2","O1αβ,2β","Typeable","-","99.11%","-"
"7p9Cky8RYKxpUFo3fVUd3B","SAMEA4785009","v3.2.4","6","Klebsiella pneumoniae","strong","96","198738","797068","5495191","yes (887)","ambiguous_bases","ST395",,"3","1","2","4","1","1","4","0","-","-","-","-","-","-","-","-","-","-","-","-","-","0","-","-","-","-","-","-","-","-","-","-","-","-","-","-","-","-","-","0","-","-","-","-","-","-","-","0","-","-","-","-","-","-","0","-","-","-","-","-","0","-","-","aac(6')-Ib-cr.v2","-","-","qnrS1;aac(6')-Ib-cr.v2","-","-","-","-","sul1","tet(A).v1*","-","dfrA1.v1","OXA-1","-","CTX-M-15","-","NDM-1","SHV-11","SHV:p.Leu35Gln","OmpK35:p.Leu7fs","-","GyrA:p.Ser83Ile;ParC:p.Ser80Ile","-","catB3.v1?-70%","2",,,"wzi105","KL108","unknown (KL108)","Typeable","-","100.00%","-","OL2α.2","O1αβ,2β","Typeable","-","99.31%","-"
"p6tXQwFHWQ5v1iYXYbG3Nk","SAMEA7472390","v3.2.4","6","Klebsiella pneumoniae","strong","102","167810","362184","5247011","yes (197)","ambiguous_bases","ST1035",,"4","1","1","26","1","1","4","0","-","-","-","-","-","-","-","-","-","-","-","-","-","0","-","-","-","-","-","-","-","-","-","-","-","-","-","-","-","-","-","0","-","-","-","-","-","-","-","0","-","-","-","-","-","-","0","-","-","-","-","-","0","-","-","-","-","-","-","-","-","-","-","-","-","-","-","-","-","-","-","-","SHV-1^","-","-","-","-","-","-","0",,,"wzi116","KL57","K57","Typeable","?3","98.31%","-","OL2α.2","O1αβ,2β","Typeable","-","98.97%","-"
"94KiySvHMunwJLkimJxpF9","SAMEA6155798","v3.2.4","6","Klebsiella pneumoniae","strong","54","463088","1070819","5455818","yes (873)","ambiguous_bases","ST4",,"3","1","1","1","3","3","1","0","-","-","-","-","-","-","-","-","-","-","-","-","-","0","-","-","-","-","-","-","-","-","-","-","-","-","-","-","-","-","-","0","-","-","-","-","-","-","-","0","-","-","-","-","-","-","0","-","-","-","-","-","0","-","-","aac(3)-IIa.v1^;strB.v1;strA.v1^;aac(6')-Ib-cr.v2","-","-","qnrB1.v2^;aac(6')-Ib-cr.v2","-","-","catII.2*","-","sul2","tet(A).v1;tet(D)","-","dfrA14.v2*","OXA-1","-","CTX-M-15","-","-","SHV-11^","SHV:p.Leu35Gln","-","-","-","-","catB3.v1?-70%","1",,,"wzi62","KL62","K62","Typeable","?2!","99.82%","-","OL2α.1","O1αβ,2α","Typeable","-","98.87%","-"
"sxBhCqe6JfCuhqcVxJ64TP","SAMN05960937","v3.2.4","6","Klebsiella pneumoniae","strong","44","399410","775989","5478722","yes (393)","ambiguous_bases","ST429",,"2","1","2","1","9","1","116","0","-","-","-","-","-","-","-","-","-","-","-","-","-","0","-","-","-","-","-","-","-","-","-","-","-","-","-","-","-","-","-","0","-","-","-","-","-","-","-","0","-","-","-","-","-","-","0","-","-","-","-","-","0","-","-","aac(3)-IIa.v1^;strB.v1;strA.v1^;aac(6')-Ib-cr.v2","-","-","aac(6')-Ib-cr.v2","-","-","-","-","sul2","-","-","dfrA14.v2*","OXA-1","-","CTX-M-15","-","-","SHV-11^","SHV:p.Leu35Gln","-","-","-","fosA7*-15%","catB3.v1?-70%","1",,,"wzi187","KL27","K27","Typeable","-","99.81%","-","OL4","O4","Typeable","-","99.63%","-"
"tnaMM8Jew5zJav2r6TgpGL","SAMN36884886","v3.2.4","6","Klebsiella pneumoniae","strong","56","456557","692172","5456114","yes (296)","ambiguous_bases","ST280",,"2","1","2","1","10","4","46","0","-","-","-","-","-","-","-","-","-","-","-","-","-","0","-","-","-","-","-","-","-","-","-","-","-","-","-","-","-","-","-","0","-","-","-","-","-","-","-","0","-","-","-","-","-","-","0","-","-","-","-","-","0","-","-","strB.v1;strA.v1^;aac(6')-Ib-cr.v2","-","-","qnrB1.v2^;aac(6')-Ib-cr.v2","-","-","-","-","sul2","tet(A).v1","-","dfrA14.v2*","OXA-1","-","CTX-M-15","-","-","SHV-27^","SHV:p.Gly156Asp","-","-","-","-","catB3.v1?-70%;fosA7.5*?-0%","1",,,"wzi82","KL23","K23","Typeable","-","100.00%","-","OL2α.2","O2β","Typeable","-","99.05%","-"
"jmUDKLwZX2hKEkNjdsmyB4","SAMEA6155909","v3.2.4","6","Klebsiella pneumoniae","strong","60","257140","988826","5407948","yes (785)","ambiguous_bases","ST242",,"4","1","1","1","7","1","38","0","-","-","-","-","-","-","-","-","-","-","-","-","-","0","-","-","-","-","-","-","-","-","-","-","-","-","-","-","-","-","-","0","-","-","-","-","-","-","-","0","-","-","-","-","-","-","0","-","-","-","-","-","0","-","-","aac(3)-IIa.v1^;strB.v1*;strA.v1*;aac(6')-Ib-cr.v2","-","-","aac(6')-Ib-cr.v2","-","-","-","-","sul2","-","-","dfrA14.v2*","OXA-1^","-","CTX-M-15","-","-","SHV-110^","SHV:p.Leu35Gln;SHV:p.Gly156Asp","-","-","GyrA:p.Ser83Phe;GyrA:p.Asp87Asn;ParC:p.Ser80Ile","-","catB3.v1?-70%","1",,,"wzi150","KL183","unknown (KL183)","Typeable","-","98.28%","-","OL13","O13","Typeable","?2","97.49%","-"
"eHV5akLFSxPCw6DHExHqfW","SAMEA7472489","v3.2.4","6","Klebsiella pneumoniae","strong","119","164776","359980","5638066","yes (496)","ambiguous_bases","ST464",,"2","5","2","1","26","1","2","277-1LV","ybt 16; ICEKp12","6","15","5","4","11","33","23*","2","11","4","2","-","0","-","-","-","-","-","-","-","-","-","-","-","-","-","-","-","-","-","0","-","-","-","-","-","-","-","0","-","-","-","-","-","-","0","-","-","-","-","-","1","-","-","aac(3)-IIa.v1^","-","-","qnrB2.v1^","-","-","-","-","sul1;sul1*","tet(A).v1","-","dfrA15.v2","-","-","CTX-M-15^","-","NDM-7","SHV-38","SHV:p.Ala146Val","OmpK35:p.Ser91fs","-","GyrA:p.Ser83Tyr;GyrA:p.Asp87Ala;ParC:p.Ser80Ile","aadA*?-0%","-","2",,,"-","KL53","K53","Typeable","?5-","99.89%","KL53_12_wclH","OL2α.1","O1αβ,2α","Typeable","-","99.22%","-"
"7LgrgfhCCcAtm1zUX8QJRr","SAMEA6422746","v3.2.4","6","Klebsiella pneumoniae","strong","43","377105","729251","5549833","yes (489)","ambiguous_bases","ST147",,"3","4","6","1","7","4","38","173-2LV","ybt 9; ICEKp3","5","11","6","5","1","293","318","9","5","5","11","-","0","-","-","-","-","-","-","-","-","-","-","-","-","-","-","-","-","-","0","-","-","-","-","-","-","-","0","-","-","-","-","-","-","0","-","-","-","-","-","1","-","-","aph(3')-VI;aac(6')-Ib'.v1","-","-","qnrS1;qnrA1^","-","-","-","-","-","-","-","dfrA15.v2","OXA-9.v1","-","CTX-M-15","-","NDM-1","SHV-11^","SHV:p.Leu35Gln","OmpK35:p.Arg60fs","-","GyrA:p.Ser83Ile;ParC:p.Ser80Ile","aadA?-86%","sul1?-0%","2",,,"wzi64","KL64","K64","Typeable","-","99.99%","-","OL2α.1","O2α","Typeable","-","99.03%","-"
"8jXG7iH86drY6gQMgCinc4","SAMEA6155928","v3.2.4","6","Klebsiella pneumoniae","strong","74","218199","462232","6026939","yes (885)","ambiguous_bases","ST15",,"1","1","1","1","1","1","1","28-1LV","ybt 10; ICEKp4","16","12","4","3","3","35*","50","3","10","23","2","-","0","-","-","-","-","-","-","-","-","-","-","-","-","-","-","-","-","-","0","-","-","-","-","-","-","-","0","-","-","-","-","-","-","0","-","-","-","-","-","1","-","-","aac(3)-IId^;strB.v1;aph3-Ia.v1^;strA.v1^;aac(6')-Ib-cr.v2","-","-","aac(6')-Ib-cr.v2","-","Mrx;mphA","-","-","sul2","tet(A).v1","-","-","OXA-1","-","CTX-M-15","-","-","SHV-28^","-","-","-","GyrA:p.Ser83Phe;GyrA:p.Asp87Ala;ParC:p.Ser80Ile","-","catB3.v1?-70%","1",,,"wzi24","KL24","K24","Typeable","-","100.00%","-","OL2α.1","O1αβ,2α","Typeable","-","99.19%","-"
"9LVQVQ8TSA1bP3abTZgCxt","SAMEA6155891","v3.2.4","6","Klebsiella pneumoniae","strong","94","284840","705707","5654270","yes (978)","ambiguous_bases","ST5244",,"281","1","1","1","1","1","1","17","ybt 10; ICEKp4","15","3","4","3","3","7","28","3","3","3","3","-","0","-","-","-","-","-","-","-","-","-","-","-","-","-","-","-","-","-","0","-","-","-","-","-","-","-","0","-","-","-","-","-","-","0","-","-","-","-","-","1","-","-","aac(3)-IIa.v1^;strB.v1;strA.v1^;aac(6')-Ib-cr.v2","-","-","qnrB1.v2^;aac(6')-Ib-cr.v2","-","-","-","-","sul2","tet(A).v1","-","dfrA14.v2*","OXA-1*","-","CTX-M-15","-","-","SHV-28^","-","-","-","GyrA:p.Ser83Phe;GyrA:p.Asp87Ala;ParC:p.Ser80Ile","-","catB3.v1?-70%","1",,,"wzi93","KL112","unknown (KL112)","Typeable","-","99.53%","-","OL2α.1","O1αβ,2α","Typeable","-","99.19%","-"
"4ohEiVid7BMPdopx1TBd9q","SAMEA5753793","v3.2.4","6","Klebsiella pneumoniae","strong","80","353414","549242","5236360","yes (98)","ambiguous_bases","ST3337",,"2","1","1","4","89","27","4","0","-","-","-","-","-","-","-","-","-","-","-","-","-","0","-","-","-","-","-","-","-","-","-","-","-","-","-","-","-","-","-","0","-","-","-","-","-","-","-","0","-","-","-","-","-","-","0","-","-","-","-","-","0","-","-","-","-","-","-","-","-","-","-","-","-","-","-","-","-","-","-","-","SHV-1","-","-","-","-","-","-","0",,,"wzi118","KL146","unknown (KL146)","Typeable","?8","97.15%","-","OL2α.2","O1αβ,2β","Typeable","?3","99.23%","-"
"35HdoqhevFZ7ogKPvWK6MG","SAMEA6654244","v3.2.4","6","Klebsiella pneumoniae","strong","50","427548","1049232","5583218","yes (498)","ambiguous_bases","ST17",,"2","1","1","1","4","4","4","230-1LV","ybt 15; ICEKp11","6","15","22","4","1","37","34*","14","1","4","17","-","0","-","-","-","-","-","-","-","-","-","-","-","-","-","-","-","-","-","0","-","-","-","-","-","-","-","0","-","-","-","-","-","-","0","-","-","-","-","-","1","-","-","strB.v1;strA.v1^;rmtB","-","-","qnrS1","-","-","-","-","sul2*","tet(A).v1;tet(G).v1","-","-","-","-","CTX-M-15","-","OXA-181","SHV-11^","SHV:p.Leu35Gln","-","-","-","-","-","2",,,"wzi141","KL25","K25","Typeable","?5!","99.70%","-","OL5","O5","Typeable","-","98.19%","-"
"nfWUVQ7io1bTNgXQArzTgB","SAMEA6422783","v3.2.4","6","Klebsiella pneumoniae","strong","84","314467","542735","5694534","yes (394)","ambiguous_bases","ST101",,"2","6","1","5","4","1","6","172-2LV","ybt 9; ICEKp3","5","11","6","5","1","25","78*","9","5","5","11","-","0","-","-","-","-","-","-","-","-","-","-","-","-","-","-","-","-","-","0","-","-","-","-","-","-","-","0","-","-","-","-","-","-","0","-","-","-","-","-","1","-","-","aac(3)-IIa.v1^;strB.v1*;aph3-Ia.v1^;strA.v1*;aadA2^;armA;aac(6')-Ib-cr.v2","-","-","qnrB1.v1;aac(6')-Ib-cr.v2","-","msrE;mphE.v2","catA1*;catII.2*","-","sul1;sul2","tet(D)","-","dfrA12;dfrA14.v2*","OXA-1","-","-","-","-","SHV-1^","-","OmpK35:p.Ala229fs","-","GyrA:p.Ser83Tyr;GyrA:p.Asp87Ala;ParC:p.Ser80Ile","CTX-M-156?-83%","catB3.v1?-70%","0",,,"wzi137","KL17","K17","Typeable","-","100.00%","-","OL2α.1","O1αβ,2α","Typeable","-","98.92%","-"
"r8kPKmfLUtjTQHXvob6CDa","SAMEA8515138","v3.2.4","6","Klebsiella pneumoniae","strong","155","226921","646781","5695484","yes (299)","ambiguous_bases","ST20",,"2","3","1","1","4","4","4","0","-","-","-","-","-","-","-","-","-","-","-","-","-","0","-","-","-","-","-","-","-","-","-","-","-","-","-","-","-","-","-","0","-","-","-","-","-","-","-","0","-","-","-","-","-","-","0","-","-","-","-","-","0","-","-","aph(3')-VI;aadA2^;armA*","-","-","-","-","msrE*;mphE.v2^","-","-","sul1","tet(D)","-","dfrA12;dfrA5","-","-","CTX-M-15","-","NDM-1","SHV-187","-","-","-","-","-","-","2",,,"wzi84","KL28","K28","Typeable","?2","99.79%","-","OL2α.2","O1αβ,2β","Typeable","-","99.10%","-"
"x18NQidq7sicRzihob2BFF","SAMN05960899","v3.2.4","6","Klebsiella pneumoniae","strong","73","208060","508454","5581806","yes (392)","ambiguous_bases","ST25",,"2","1","1","1","10","4","13","595","ybt 14; ICEKp5","4","4","5","4","1","275","328","2","4","4","2","-","0","-","-","-","-","-","-","-","-","-","-","-","-","-","-","-","-","-","0","-","-","-","-","-","-","-","0","-","-","-","-","-","-","0","-","-","-","-","-","1","-","-","aac(3)-IIa.v1;strB.v1*;strA.v1*","-","-","-","-","-","catII.2*","-","sul2","tet(D)","-","dfrA14.v2*","-","-","CTX-M-15","-","-","SHV-11^","SHV:p.Leu35Gln","OmpK35:p.Val308fs","-","-","-","-","1",,,"wzi72","KL2","K2","Typeable","-","99.56%","-","OL2α.2","O1αβ,2β","Typeable","-","99.55%","-"
"ahpcz4JJbo98b5GoYf9pUj","SAMEA6155793","v3.2.4","6","Klebsiella pneumoniae","strong","27","361069","1260401","5328273","yes (580)","ambiguous_bases","ST5246",,"4","1","2","1","26","1","112","0","-","-","-","-","-","-","-","-","-","-","-","-","-","0","-","-","-","-","-","-","-","-","-","-","-","-","-","-","-","-","-","0","-","-","-","-","-","-","-","0","-","-","-","-","-","-","0","-","-","-","-","-","0","-","-","-","-","-","-","-","-","-","-","-","-","-","-","OXA-926*","-","-","-","-","SHV-11^","SHV:p.Leu35Gln","-","-","-","-","-","0",,,"wzi31","KL31","K31","Typeable","?2+","99.66%","-","OL3γ","O3γ","Typeable","-","99.73%","-"
"ey8XCQmUMpjkqHe1wfrKMu","SAMN36884887","v3.2.4","6","Klebsiella pneumoniae","strong","114","214703","445862","5667247","yes (486)","ambiguous_bases","ST147",,"3","4","6","1","7","4","38","0","-","-","-","-","-","-","-","-","-","-","-","-","-","0","-","-","-","-","-","-","-","-","-","-","-","-","-","-","-","-","-","0","-","-","-","-","-","-","-","0","-","-","-","-","-","-","0","-","-","-","-","-","0","-","-","aac(3)-IIa.v1^;strB.v1*;strA.v1*;aadA^;aac(6')-Ib-cr.v2","-","-","qnrB2.v1^;aac(6')-Ib-cr.v2","-","Mrx;mphA*;ermB.v1*","catA1*","-","sul2","tet(D)","-","dfrA15.v2","OXA-1","-","CTX-M-15","-","-","SHV-11^","SHV:p.Leu35Gln","-","-","GyrA:p.Ser83Tyr;GyrA:p.Asp87Ala;ParC:p.Ser80Ile","-","TEM-169?-0%;sul1?-0%;catB3.v1?-70%","1",,,"wzi420","KL10","K10","Typeable","?4","98.90%","-","OL3α/β","O3αβ","Typeable","?4","99.43%","-"
"pGFpThALdSx9WadLPUCP27","SAMEA5753779","v3.2.4","6","Klebsiella pneumoniae","strong","98","168353","410417","5175547","yes (216)","ambiguous_bases","ST1419",,"2","1","2","1","10","1","112","0","-","-","-","-","-","-","-","-","-","-","-","-","-","0","-","-","-","-","-","-","-","-","-","-","-","-","-","-","-","-","-","0","-","-","-","-","-","-","-","0","-","-","-","-","-","-","0","-","-","-","-","-","0","-","-","-","-","-","-","-","-","-","-","-","-","-","-","-","-","-","-","-","SHV-71","SHV:p.Ala146Val","-","-","-","-","-","0",,,"-","KL133","unknown (KL133)","Typeable","?12-","99.21%","KL133_07_wzy","OL2α.1","O2α","Typeable","?3","99.17%","-"
"gHRiH5GELXDMrX85tVKZ28","SAMEA111504602","v3.2.4","6","Klebsiella pneumoniae","strong","89","330944","624324","5662574","yes (522)","ambiguous_bases","ST14",,"1","6","1","1","1","1","1","376-1LV","ybt 14; ICEKp5","4","4","5","4","1","8*","8","2","4","4","2","-","0","-","-","-","-","-","-","-","-","-","-","-","-","-","-","-","-","-","0","-","-","-","-","-","-","-","0","-","-","-","-","-","-","0","-","-","-","-","-","1","-","-","aac(3)-IIa.v1^;aac(6')-Ib-cr.v2","-","-","qnrB1.v2^;aac(6')-Ib-cr.v2","-","Mrx;mphA","catII.2*","-","sul2","-","-","dfrA14.v2*","OXA-1","-","CTX-M-15","-","-","SHV-28^","-","-","-","-","strA.v1*?-0%;strB.v1?-0%","catB3.v1*?-70%","1",,,"wzi2","KL2","K2","Typeable","-","99.84%","-","OL2α.1","O1αβ,2α","Typeable","-","99.98%","-"
"pBqSWqxGYCeRocDsfgh6iq","SAMEA5753796","v3.2.4","6","Klebsiella pneumoniae","strong","40","482040","900846","5394279","no","-","ST3339",,"2","3","15","2","18","4","4","65","ybt 4; plasmid","23","27","30","18","13","65","61","9","18","26","35","-","0","-","-","-","-","-","-","-","-","-","-","-","-","-","-","-","-","-","0","-","-","-","-","-","-","-","0","-","-","-","-","-","-","0","-","-","-","-","-","1","-","-","-","-","-","-","-","-","-","-","-","-","-","-","-","-","-","-","-","SHV-11^","SHV:p.Leu35Gln","-","-","-","-","-","0",,,"wzi115","KL54","K54","Typeable","?4","99.93%","-","OL2α.2","O1αβ,2β","Typeable","?2","99.51%","-"
"qCbmDssgHLcBae438R5Dyc","SAMEA4785016","v3.2.4","6","Klebsiella pneumoniae","strong","100","185840","797636","5494881","yes (693)","ambiguous_bases","ST395",,"3","1","2","4","1","1","4","0","-","-","-","-","-","-","-","-","-","-","-","-","-","0","-","-","-","-","-","-","-","-","-","-","-","-","-","-","-","-","-","0","-","-","-","-","-","-","-","0","-","-","-","-","-","-","0","-","-","-","-","-","0","-","-","aac(6')-Ib-cr.v2","-","-","qnrS1;aac(6')-Ib-cr.v2","-","-","-","-","sul1","tet(A).v1*","-","dfrA1.v1","OXA-1","-","CTX-M-15","-","NDM-1","SHV-11","SHV:p.Leu35Gln","OmpK35:p.Leu7fs","-","GyrA:p.Ser83Ile;ParC:p.Ser80Ile","-","catB3.v1?-70%","2",,,"wzi105","KL108","unknown (KL108)","Typeable","-","100.00%","-","OL2α.2","O1αβ,2β","Typeable","-","99.31%","-"
"iFAMgQEQ9r63a5vi8Ebd8V","SAMN05960916","v3.2.4","6","Klebsiella pneumoniae","strong","42","474466","911057","5449573","no","-","ST48",,"2","5","2","2","7","1","10","193-1LV","ybt 9; ICEKp3","5","11","136","5","1","34","15","9","5","5","25","-","0","-","-","-","-","-","-","-","-","-","-","-","-","-","-","-","-","-","0","-","-","-","-","-","-","-","0","-","-","-","-","-","-","0","-","-","-","-","-","1","-","-","aac(3)-IIa.v1;strB.v1;strA.v1^;aadA2^","-","-","-","-","Mrx;mphA","catII.2*","-","sul1;sul2^","tet(D)","-","dfrA12","-","-","CTX-M-15","-","-","SHV-11^","SHV:p.Leu35Gln","-","-","-","-","-","1",,,"wzi62","KL62","K62","Typeable","?2!","99.82%","-","OL2α.1","O1αβ,2α","Typeable","-","98.54%","-"
"jTiRmR53by543rfq4UbbmC","SAMEA6654210","v3.2.4","6","Klebsiella pneumoniae","strong","78","243192","588273","5597516","yes (1392)","ambiguous_bases","ST25",,"2","1","1","1","10","4","13","277","ybt 16; ICEKp12","6","15","5","4","11","33","23","2","11","4","2","-","0","-","-","-","-","-","-","-","-","-","-","-","-","-","-","-","-","-","0","-","-","-","-","-","-","-","0","-","-","-","-","-","-","0","-","-","-","-","-","1","-","-","aac(3)-IIa.v1^;strB.v1;aph3-Ia.v1^;strA.v1;aac(6')-Ib-cr.v2","-","-","qnrS1;aac(6')-Ib-cr.v2","-","-","-","-","sul1;sul2","tet(D)","-","dfrA15.v2","LAP-2;OXA-1","-","CTX-M-15","-","-","SHV-11^","SHV:p.Leu35Gln","OmpK35:p.Gly134fs","-","-","-","catB3.v1?-70%","1",,,"wzi72","KL2","K2","Typeable","?2!","99.58%","-","OL2α.2","O1αβ,2β","Typeable","-","99.55%","-"
"mXmvUBJsJ3NCEFC9wtxG9K","SAMEA111505137","v3.2.4","6","Klebsiella pneumoniae","strong","48","250675","655497","5220165","yes (871)","ambiguous_bases","ST45",,"2","1","1","6","7","1","12","78-1LV","ybt 10; ICEKp4","3","12","4","11","3","21*","18","3","10","16","2","-","0","-","-","-","-","-","-","-","-","-","-","-","-","-","-","-","-","-","0","-","-","-","-","-","-","-","0","-","-","-","-","-","-","0","-","-","-","-","-","1","-","-","-","-","-","-","-","-","-","-","-","-","-","-","-","-","-","-","-","SHV-1","-","-","-","-","-","-","0",,,"wzi149","KL62","K62","Typeable","-","99.96%","-","OL2α.1","O2α","Typeable","-","99.43%","-"
"btUoFbd8aqxcD1n6YhpvHc","SAMEA5753781","v3.2.4","6","Klebsiella pneumoniae","strong","83","194483","500228","5382186","no","-","ST3286",,"2","3","2","1","12","1","112","0","-","-","-","-","-","-","-","-","-","-","-","-","-","0","-","-","-","-","-","-","-","-","-","-","-","-","-","-","-","-","-","0","-","-","-","-","-","-","-","0","-","-","-","-","-","-","0","-","-","-","-","-","0","-","-","-","-","-","-","-","-","-","-","-","-","-","-","-","-","-","-","-","SHV-71","SHV:p.Ala146Val","-","-","-","-","-","0",,,"wzi468","KL133","unknown (KL133)","Typeable","?10-","99.00%","KL133_07_wzy;KL133_16_wcaL;KL133_10_wcuI","OL2α.1","O2α","Typeable","-","99.03%","-"
"okt9qZNhhLcsFeCFnXKnuK","SAMN05960929","v3.2.4","6","Klebsiella pneumoniae","strong","64","231164","677054","5463715","no","-","ST48",,"2","5","2","2","7","1","10","193","ybt 9; ICEKp3","5","11","6","5","1","34","15","9","5","5","25","-","0","-","-","-","-","-","-","-","-","-","-","-","-","-","-","-","-","-","0","-","-","-","-","-","-","-","0","-","-","-","-","-","-","0","-","-","-","-","-","1","-","-","aac(3)-IIa.v1;strB.v1;aph3-Ia.v1^;strA.v1^","-","-","-","-","Mrx;mphA","-","-","sul2^","-","-","dfrA14.v2*","-","-","CTX-M-15","-","-","SHV-11^","SHV:p.Leu35Gln","-","-","-","-","-","1",,,"wzi62","KL62","K62","Typeable","?2!","99.82%","-","OL2α.1","O1αβ,2α","Typeable","-","98.54%","-"
"hbHdbHfoXrwNJcLBhzHvVm","SAMN05960924","v3.2.4","6","Klebsiella pneumoniae","strong","73","158270","662654","5497937","yes (293)","ambiguous_bases","ST73",,"2","3","4","1","12","6","19","503","ybt 9; ICEKp3","140","11","6","5","1","60","65","9","5","5","11","-","0","-","-","-","-","-","-","-","-","-","-","-","-","-","-","-","-","-","0","-","-","-","-","-","-","-","0","-","-","-","-","-","-","0","-","-","-","-","-","1","-","-","aac(3)-IIa.v1;aadA*","-","-","-","-","-","-","-","sul1","tet(C)","-","dfrA8","SCO-1;OXA-1","-","-","-","-","SHV-1^","-","OmpK35:c.A112del","-","-","-","-","0",,,"wzi133","KL25","K25","Typeable","!","99.69%","-","OL2α.1","O1αβ,2α","Typeable","-","98.91%","-"
"kBALZdVn7VujpzkzPa26An","SAMEA7472437","v3.2.4","6","Klebsiella pneumoniae","strong","63","342312","531964","5472377","yes (697)","ambiguous_bases","ST39",,"2","1","2","4","9","1","14","378","ybt 15; ICEKp11","6","15","22","4","1","37","44","14","1","4","17","-","0","-","-","-","-","-","-","-","-","-","-","-","-","-","-","-","-","-","0","-","-","-","-","-","-","-","0","-","-","-","-","-","-","0","-","-","-","-","-","1","-","-","aph3-Ia.v1^;strA.v1^","-","-","qnrS1","-","-","catII.2*","-","sul1","tet(A).v1","-","dfrA7","-","-","CTX-M-15","-","-","SHV-11^","SHV:p.Leu35Gln","-","-","-","strB.v1?-0%","sul2*?-0%","1",,,"wzi62","KL62","K62","Typeable","?2!","99.82%","-","OL2α.2","O1αβ,2β","Typeable","-","99.46%","-"
"tTyCjY4Csbq3fyU8svwuo4","SAMEA111504600","v3.2.4","6","Klebsiella pneumoniae","strong","72","303365","650371","5612878","yes (624)","ambiguous_bases","ST17",,"2","1","1","1","4","4","4","78-1LV","ybt 10; ICEKp4","3","12","4","11","3","21*","18","3","10","16","2","-","0","-","-","-","-","-","-","-","-","-","-","-","-","-","-","-","-","-","0","-","-","-","-","-","-","-","0","-","-","-","-","-","-","0","-","-","-","-","-","1","-","-","aac(3)-IIa.v1","-","-","-","-","-","catII.2*","-","sul2","tet(D)","-","-","-","-","CTX-M-15","-","-","SHV-11^","SHV:p.Leu35Gln","-","-","-","-","-","1",,,"wzi173","KL155","unknown (KL155)","Typeable","?3+","99.27%","-","OL13","O13","Typeable","?2!","96.84%","-"
"hxXhLzorgrHxR6NnkSrdqN","SAMEA6155892","v3.2.4","6","Klebsiella pneumoniae","strong","81","222026","479766","5369513","yes (491)","ambiguous_bases","ST340",,"3","3","1","1","1","1","18","0","-","-","-","-","-","-","-","-","-","-","-","-","-","0","-","-","-","-","-","-","-","-","-","-","-","-","-","-","-","-","-","0","-","-","-","-","-","-","-","0","-","-","-","-","-","-","0","-","-","-","-","-","0","-","-","aac(3)-IId^;strA.v1*;aadA2^","-","-","-","-","-","catII.2*","-","sul1;sul2","tet(D)","-","dfrA12","-","-","CTX-M-15;SHV-12^","-","-","-","SHV:p.Leu35Gln;SHV:p.Gly238Ser;SHV:p.Glu240Lys","-","-","GyrA:p.Ser83Ile;GyrA:p.Asp87Asn;ParC:p.Ser80Ile","-","aph(6)-Id.v1*?-41%","1",,,"wzi50","KL15","K15","Typeable","-","99.98%","-","OL4","O4","Typeable","-","99.49%","-"
"eATSxGb5iiL8KhfjiQiVPf","SAMEA5753489","v3.2.4","6","Klebsiella pneumoniae","strong","130","152656","300488","5346253","yes (192)","ambiguous_bases","ST2800",,"2","1","2","1","9","1","18","0","-","-","-","-","-","-","-","-","-","-","-","-","-","0","-","-","-","-","-","-","-","-","-","-","-","-","-","-","-","-","-","0","-","-","-","-","-","-","-","0","-","-","-","-","-","-","0","-","-","-","-","-","0","-","-","-","-","-","-","-","-","-","-","-","-","-","-","-","-","-","-","-","SHV-36^","SHV:p.Leu35Gln","-","-","-","-","-","0",,,"wzi88","KL150","unknown (KL150)","Typeable","?6-+","99.83%","KL150_15_wzx;KL150_14;KL150_18;KL150_11;KL150_12;KL150_10;KL150_09_wcaN;KL150_13;KL150_08","OL3γ","O3γ","Typeable","-","99.38%","-"
"axVxmWyZzm8aS1bKjVkAnL","SAMEA6155808","v3.2.4","6","Klebsiella pneumoniae","strong","53","501072","1404125","5795413","yes (1368)","ambiguous_bases","ST716",,"71","1","1","2","16","4","164","561-1LV","ybt 14; ICEKp12","4","4","5","4","64","27","251","95","115","4","2","-","0","-","-","-","-","-","-","-","-","-","-","-","-","-","-","-","-","-","0","-","-","-","-","-","-","-","0","-","-","-","-","-","-","0","-","-","-","-","-","1","-","-","aac(3)-IIa.v1^;strB.v1;strA.v1^;aph(3')-VI;aadA2^;armA;aac(6')-Ib-cr.v2","-","-","qnrB1.v2^;aac(6')-Ib-cr.v2","-","msrE;mphE.v2^","-","-","sul1;sul2","tet(A).v1","-","dfrA12;dfrA14.v2*","OXA-1","-","CTX-M-15","-","NDM-1","SHV-27","SHV:p.Gly156Asp","-","-","-","-","catB3.v1?-70%","2",,,"wzi89","KL110","unknown (KL110)","Typeable","-","99.67%","-","OL2α.1","O2α","Typeable","-","99.13%","-"
"abi1Cozq38MftZu9GoWRo8","SAMEA115925714","v3.2.4","6","Klebsiella pneumoniae","strong","70","259101","716852","5419718","yes (593)","ambiguous_bases","ST17",,"2","1","1","1","4","4","4","231","ybt 15; ICEKp11","6","15","22","4","1","37","34","14","1","33","17","-","0","-","-","-","-","-","-","-","-","-","-","-","-","-","-","-","-","-","0","-","-","-","-","-","-","-","0","-","-","-","-","-","-","0","-","-","-","-","-","1","-","-","strB.v1;strA.v1^","-","-","qnrS1","-","-","-","-","sul2","tet(A).v1","-","dfrA14.v2*","-","-","CTX-M-15","-","-","SHV-11^","SHV:p.Leu35Gln","-","-","-","-","-","1",,,"wzi141","KL25","K25","Typeable","!","99.65%","-","OL5","O5","Typeable","-","98.21%","-"
"34caPkcrqQNC2rujeV82s2","SAMEA7472490","v3.2.4","6","Klebsiella pneumoniae","strong","108","238916","576529","5601800","yes (892)","ambiguous_bases","ST39",,"2","1","2","4","9","1","14","277-1LV","ybt 16; ICEKp12","6","15","5","4","11","33*","23","2","11","4","2","-","0","-","-","-","-","-","-","-","-","-","-","-","-","-","-","-","-","-","0","-","-","-","-","-","-","-","0","-","-","-","-","-","-","0","-","-","-","-","-","1","-","-","aac(3)-IIa.v1^;strB.v1;strA.v1^;aac(6')-Ib-cr.v2","-","-","qnrB1.v2^;aac(6')-Ib-cr.v2","-","-","-","-","sul2","-","-","dfrA14.v2*","OXA-1","-","CTX-M-15","-","-","SHV-11^","SHV:p.Leu35Gln","OmpK35:p.Lys95fs","-","-","-","catB3.v1?-70%","1",,,"wzi83","KL23","K23","Typeable","?2","99.94%","-","OL2α.2","O1αβ,2β","Typeable","-","98.93%","-"
"eRdZQySuxPmv3FVXxLg8yD","SAMEA7472512","v3.2.4","6","Klebsiella pneumoniae","strong","34","356267","801780","5189135","yes (599)","ambiguous_bases","ST170",,"2","3","2","2","1","4","4","0","-","-","-","-","-","-","-","-","-","-","-","-","-","0","-","-","-","-","-","-","-","-","-","-","-","-","-","-","-","-","-","0","-","-","-","-","-","-","-","0","-","-","-","-","-","-","0","-","-","-","-","-","0","-","-","-","-","-","-","-","-","-","-","-","-","-","-","-","-","-","-","-","SHV-187","-","-","-","-","-","-","0",,,"wzi115","KL54","K54","Typeable","-","99.98%","-","OL2α.2","O1αβ,2β","Typeable","-","99.41%","-"
"csEo9XuSMWgYBzktbKmSSj","SAMEA6155787","v3.2.4","6","Klebsiella pneumoniae","strong","50","473591","1250644","5576325","yes (690)","ambiguous_bases","ST307",,"4","1","2","52","1","1","7","0","-","-","-","-","-","-","-","-","-","-","-","-","-","0","-","-","-","-","-","-","-","-","-","-","-","-","-","-","-","-","-","0","-","-","-","-","-","-","-","0","-","-","-","-","-","-","0","-","-","-","-","-","0","-","-","aac(3)-IIa.v1^;strB.v1;strA.v1^;aac(6')-Ib-cr.v2","-","-","qnrB1.v2^;aac(6')-Ib-cr.v2","-","-","-","-","sul2","tet(A).v1","-","dfrA14.v2*","OXA-1","-","CTX-M-15","-","-","SHV-28^","-","-","-","GyrA:p.Ser83Ile;ParC:p.Ser80Ile","-","catB3.v1?-70%","1",,,"wzi173","KL102","unknown (KL102)","Typeable","-","99.65%","-","OL2α.2","O2β","Typeable","-","99.13%","-"
"aeouxh2g1Te9sjQB2ycPTG","SAMEA4785014","v3.2.4","6","Klebsiella pneumoniae","strong","96","198180","797636","5497462","yes (982)","ambiguous_bases","ST395",,"3","1","2","4","1","1","4","0","-","-","-","-","-","-","-","-","-","-","-","-","-","0","-","-","-","-","-","-","-","-","-","-","-","-","-","-","-","-","-","0","-","-","-","-","-","-","-","0","-","-","-","-","-","-","0","-","-","-","-","-","0","-","-","aac(6')-Ib-cr.v2","-","-","qnrS1;aac(6')-Ib-cr.v2","-","-","-","-","sul1","tet(A).v1*","-","dfrA1.v1","OXA-1","-","CTX-M-15","-","NDM-1","SHV-11","SHV:p.Leu35Gln","OmpK35:p.Leu7fs","-","GyrA:p.Ser83Ile;ParC:p.Ser80Ile","-","catB3.v1?-70%","2",,,"wzi105","KL108","unknown (KL108)","Typeable","-","100.00%","-","OL2α.2","O1αβ,2β","Typeable","-","99.31%","-"
"eFTqiVDFVeLz3FoRKmGuTg","SAMN05960903","v3.2.4","6","Klebsiella pneumoniae","strong","76","226396","414443","5449337","yes (390)","ambiguous_bases","ST13",,"2","3","1","1","10","1","19","0","-","-","-","-","-","-","-","-","-","-","-","-","-","0","-","-","-","-","-","-","-","-","-","-","-","-","-","-","-","-","-","0","-","-","-","-","-","-","-","0","-","-","-","-","-","-","0","-","-","-","-","-","0","-","-","aac(3)-IIa.v1^;strB.v1;strA.v1^;aac(6')-Ib-cr.v2","-","-","qnrB1.v2^;aac(6')-Ib-cr.v2","-","-","catA1^","-","sul2","tet(A).v1","-","dfrA14.v2*","OXA-1","-","CTX-M-15","-","-","SHV-1^","-","-","-","-","-","catB3.v1?-70%","1",,,"wzi40","KL3","K3","Typeable","!","99.98%","-","OL2α.2","O1αβ,2β","Typeable","-","99.25%","-"
"uqbGSJGG4JqDCK8bRXzBVM","SAMEA6155813","v3.2.4","6","Klebsiella pneumoniae","strong","59","261918","494284","5547209","yes (294)","ambiguous_bases","ST15",,"1","1","1","1","1","1","1","191","ybt 9; ICEKp3","5","11","6","5","1","271","292","9","5","5","11","-","0","-","-","-","-","-","-","-","-","-","-","-","-","-","-","-","-","-","0","-","-","-","-","-","-","-","0","-","-","-","-","-","-","0","-","-","-","-","-","1","-","-","aac(3)-IIa.v1^;aadA^;aac(6')-Ib-cr.v2","-","-","aac(6')-Ib-cr.v2","-","-","-","-","sul1^","-","-","dfrA15.v2","OXA-1","-","CTX-M-15","-","-","SHV-28^","-","-","-","GyrA:p.Ser83Phe;GyrA:p.Asp87Ala;ParC:p.Ser80Ile","-","catB3.v1?-70%","1",,,"wzi19","KL19","K19","Typeable","-","98.04%","-","OL2α.2","O1αβ,2β","Typeable","?2","100.00%","-"
"deESyp4UGZFrjXdyBnMYd4","SAMEA112281697","v3.2.4","6","Klebsiella pneumoniae","strong","102","199295","519975","5660832","yes (298)","ambiguous_bases","ST147",,"3","4","6","1","7","4","38","0","-","-","-","-","-","-","-","-","-","-","-","-","-","0","-","-","-","-","-","-","-","-","-","-","-","-","-","-","-","-","-","0","-","-","-","-","-","-","-","0","-","-","-","-","-","-","0","-","-","-","-","-","0","-","-","aac(3)-IIa.v1^;strB.v1*;strA.v1*;aadA^;aac(6')-Ib-cr.v2","-","-","qnrB2.v1^;aac(6')-Ib-cr.v2","-","Mrx;mphA*;ermB.v1*","catA1*","-","sul1;sul2","tet(D)","-","dfrA15.v2","OXA-1","TEM-33","CTX-M-15","-","-","SHV-11^","SHV:p.Leu35Gln","-","-","GyrA:p.Ser83Tyr;GyrA:p.Asp87Ala;ParC:p.Ser80Ile","-","catB3.v1?-70%","1",,,"wzi420","KL10","K10","Typeable","-","99.03%","-","OL3α/β","O3αβ","Typeable","?2","99.23%","-"
"aaFzZcsBR9xtdcU9RYjc7z","SAMEA6156056","v3.2.4","6","Klebsiella pneumoniae","strong","43","350459","546427","5522343","yes (786)","ambiguous_bases","ST342",,"2","1","1","1","1","1","100","183-1LV","ybt 9; ICEKp3","5","11","6*","5","1","25","37","9","5","5","11","-","0","-","-","-","-","-","-","-","-","-","-","-","-","-","-","-","-","-","0","-","-","-","-","-","-","-","0","-","-","-","-","-","-","0","-","-","-","-","-","1","-","-","aac(3)-IIa.v1;strB.v1*;strA.v1*","-","-","-","-","-","catII.2*","-","sul2","tet(D)","-","dfrA14.v2*","TEM-103*","-","CTX-M-15","-","-","SHV-60","SHV:p.Leu35Gln","-","-","-","-","-","1",,,"wzi276","KL30","K30","Typeable","-","97.40%","-","OL2α.2","O1αβ,2β","Typeable","-","99.31%","-"
"2zMSRqAocfCJKkD9QNFy4h","SAMEA111505127","v3.2.4","6","Klebsiella pneumoniae","strong","103","204996","373830","5487300","yes (1309)","ambiguous_bases","ST5469",,"18","3","1","1","7","1","439","0","-","-","-","-","-","-","-","-","-","-","-","-","-","0","-","-","-","-","-","-","-","-","-","-","-","-","-","-","-","-","-","0","-","-","-","-","-","-","-","0","-","-","-","-","-","-","0","-","-","-","-","-","0","-","-","aac(3)-IIa.v1;aadA^","-","-","-","-","-","-","-","sul1^","tet(A).v1","-","dfrA15.v2","-","-","CTX-M-15","-","-","SHV-1^","-","-","-","-","-","-","1",,,"-","KL180","unknown (KL180)","Typeable","?5","98.71%","-","OL2α.2","O1αβ,2β","Typeable","-","99.33%","-"
"8Btp9dTmkRESv5TD8E1XB6","SAMEA5753780","v3.2.4","6","Klebsiella pneumoniae","strong","75","234360","441364","5233774","yes (297)","ambiguous_bases","ST3290",,"2","1","2","26","7","4","9","0","-","-","-","-","-","-","-","-","-","-","-","-","-","0","-","-","-","-","-","-","-","-","-","-","-","-","-","-","-","-","-","0","-","-","-","-","-","-","-","0","-","-","-","-","-","-","0","-","-","-","-","-","0","-","-","-","-","-","-","-","-","-","-","-","-","-","-","-","-","-","-","-","SHV-11^","SHV:p.Leu35Gln","-","-","-","-","-","0",,,"wzi459","KL20","K20","Untypeable","?6-+","99.49%","KL20_08_wzy;KL20_10_wcaN;KL20_09","OL3γ","O3γ","Typeable","?2","99.63%","-"
"wRpqmEWMcumMfMrGJ1wxZQ","SAMEA5753765","v3.2.4","6","Klebsiella pneumoniae","strong","53","211648","452509","5176014","yes (209)","ambiguous_bases","ST3281",,"4","1","2","2","1","4","5","0","-","-","-","-","-","-","-","-","-","-","-","-","-","0","-","-","-","-","-","-","-","-","-","-","-","-","-","-","-","-","-","0","-","-","-","-","-","-","-","0","-","-","-","-","-","-","0","-","-","-","-","-","0","-","-","-","-","-","-","-","-","-","-","-","-","-","-","-","-","-","-","-","SHV-225","SHV:p.Leu35Gln","-","-","-","-","-","0",,,"-","KL39","K39","Typeable","?6-+","99.51%","KL39_13;KL39_10_epsH;KL39_09_mshA","OL3α/β","O3αβ","Typeable","?2","99.41%","-"
"hd8rgdPvTyBYYYUDZXhUKY","SAMEA5753758","v3.2.4","6","Klebsiella pneumoniae","strong","53","348049","729938","5250736","yes (199)","ambiguous_bases","ST3277",,"4","4","1","1","7","4","9","0","-","-","-","-","-","-","-","-","-","-","-","-","-","0","-","-","-","-","-","-","-","-","-","-","-","-","-","-","-","-","-","0","-","-","-","-","-","-","-","0","-","-","-","-","-","-","0","-","-","-","-","-","0","-","-","-","-","-","-","-","-","-","-","-","-","-","-","-","-","-","-","-","SHV-1^","-","-","-","-","-","-","0",,,"-","KL166","unknown (KL166)","Untypeable","?2-+!","95.32%","KL166_05_wzb;KL166_14_wcaJ;KL166_12_wcmY;KL166_19_rmlA;KL166_21_rmlC;KL166_11_wcuF;KL166_09_wzy;KL166_07;KL166_06_wzc;KL166_18_rmlB;KL166_13_wcuC;KL166_10_wcuP;KL166_20_rmlD;KL166_08_wzx","OL2α.3","O1αβ,2γ","Typeable","-","97.13%","OL2α.3_01_wzm"
"sBY9yaGJ9Z3UehhpmLwApW","SAMN05960912","v3.2.4","6","Klebsiella pneumoniae","strong","63","252348","474038","5414356","no","-","ST15",,"1","1","1","1","1","1","1","183-2LV","ybt 9; ICEKp3","5","11","6","5","1","25","436","9","5","5","221","-","0","-","-","-","-","-","-","-","-","-","-","-","-","-","-","-","-","-","0","-","-","-","-","-","-","-","0","-","-","-","-","-","-","0","-","-","-","-","-","1","-","-","aac(3)-IIa.v1^;strB.v1*;strA.v1*;aac(6')-Ib-cr.v2","-","-","aac(6')-Ib-cr.v2","-","-","-","-","sul2","-","-","dfrA14.v2*","OXA-1","-","CTX-M-15","-","-","SHV-28^","-","OmpK35:p.Ala229fs","-","GyrA:p.Ser83Phe;GyrA:p.Asp87Ala;ParC:p.Ser80Ile","-","catB3.v1?-70%","1",,,"wzi24","KL24","Capsule null","Typeable","!","99.98%","-","OL2α.1","O1αβ,2α","Typeable","-","99.19%","-"
"9Cg5tSRuj3WekAkohxtNF8","SAMEA6155831","v3.2.4","6","Klebsiella pneumoniae","strong","64","389125","1254928","5662256","yes (490)","ambiguous_bases","ST147",,"3","4","6","1","7","4","38","280","ybt 16; ICEKp12","6","15","5","4","11","125","129","2","11","51","2","-","0","-","-","-","-","-","-","-","-","-","-","-","-","-","-","-","-","-","0","-","-","-","-","-","-","-","0","-","-","-","-","-","-","0","-","-","-","-","-","1","-","-","aac(3)-IIa.v1^;strB.v1;strA.v1;aadA2^;aac(6')-Ib-cr.v2","-","-","qnrS1;aac(6')-Ib-cr.v2","-","Mrx;mphA","catA1^;catII.2*","-","sul1","tet(A).v1","-","dfrA12;dfrA1.v1","OXA-1","-","CTX-M-15","-","-","SHV-229*","SHV:p.Leu35Gln","OmpK35:p.Met2fs","-","GyrA:p.Ser83Ile;ParC:p.Ser80Ile","-","catB3.v1?-70%","1",,,"wzi64","KL64","K64","Typeable","-","99.98%","-","OL2α.1","O2α","Typeable","-","99.03%","-"
"byKxLedN8hkeYPzGY9RN3e","SAMEA6156048","v3.2.4","6","Klebsiella pneumoniae","strong","85","321196","551706","5762585","yes (885)","ambiguous_bases","ST25",,"2","1","1","1","10","4","13","277","ybt 16; ICEKp12","6","15","5","4","11","33","23","2","11","4","2","-","0","-","-","-","-","-","-","-","-","-","-","-","-","-","-","-","-","-","0","-","-","-","-","-","-","-","0","-","-","-","-","-","-","0","-","-","-","-","-","1","-","-","aac(3)-IIa.v1^;strB.v1;aph3-Ia.v1^;aac(6')-Ib-cr.v2","-","-","qnrB1.v2^;qnrS1;aac(6')-Ib-cr.v2","-","-","catA1*","-","sul1;sul2","tet(D)","-","dfrA14.v2*;dfrA15.v2","LAP-2;OXA-1","-","CTX-M-15","-","-","SHV-11^","SHV:p.Leu35Gln","-","-","-","-","strA.v1?-0%;catB3.v1?-70%","1",,,"wzi72","KL2","K2","Typeable","?2!","99.58%","-","OL2α.2","O1αβ,2β","Typeable","-","99.55%","-"
"emc2Y8aewkeLdrXP1ErTVq","SAMEA6422787","v3.2.4","6","Klebsiella pneumoniae","strong","48","462896","1250832","5582694","yes (885)","ambiguous_bases","ST307",,"4","1","2","52","1","1","7","0","-","-","-","-","-","-","-","-","-","-","-","-","-","0","-","-","-","-","-","-","-","-","-","-","-","-","-","-","-","-","-","0","-","-","-","-","-","-","-","0","-","-","-","-","-","-","0","-","-","-","-","-","0","-","-","aac(3)-IIa.v1^;strB.v1;strA.v1^;aac(6')-Ib-cr.v2","-","-","qnrB1.v2^;aac(6')-Ib-cr.v2","-","-","-","-","sul2","tet(A).v1","-","dfrA14.v2*","OXA-1","-","CTX-M-15","-","-","SHV-106*","-","-","-","GyrA:p.Ser83Ile;ParC:p.Ser80Ile","-","catB3.v1?-70%","1",,,"wzi173","KL102","unknown (KL102)","Typeable","-","99.66%","-","OL2α.2","O2β","Typeable","-","99.13%","-"
"5YcHZfCXXEbTw9xNzuwa1J","SAMEA111505136","v3.2.4","6","Klebsiella pneumoniae","strong","178","121482","482670","5861776","yes (1361)","ambiguous_bases","ST37",,"2","9","2","1","13","1","16","0","-","-","-","-","-","-","-","-","-","-","-","-","-","0","-","-","-","-","-","-","-","-","-","-","-","-","-","-","-","-","-","0","-","-","-","-","-","-","-","0","-","-","-","-","-","-","0","-","-","-","-","-","0","-","-","aac(3)-IId^;aph3-Ia.v1^;aadA^;armA","-","-","-","-","msrE;Mrx;mef(B);mphA;mphE.v2","cmlA1*","-","sul1;sul3","tetM.v2*;tet(D)","-","dfrA12","-","-","-","-","-","SHV-11^","SHV:p.Leu35Gln","OmpK35:c.C81del","-","GyrA:p.Ser83Leu;GyrA:p.Asp87Asn;ParC:p.Ser80Ile;ParC:p.Glu84Gly","-","aadA2?-0%;catA1*?-0%","0",,,"wzi12","KL12","K12","Typeable","-","99.95%","-","OL10","O10","Typeable","-","97.64%","-"
"5fgTM9Ykzy6oP5gU2VX5NY","SAMEA4785015","v3.2.4","6","Klebsiella pneumoniae","strong","73","214555","798116","5333402","yes (786)","ambiguous_bases","ST395",,"3","1","2","4","1","1","4","0","-","-","-","-","-","-","-","-","-","-","-","-","-","0","-","-","-","-","-","-","-","-","-","-","-","-","-","-","-","-","-","0","-","-","-","-","-","-","-","0","-","-","-","-","-","-","0","-","-","-","-","-","0","-","-","aac(6')-Ib-cr.v2","-","-","qnrS1;aac(6')-Ib-cr.v2","-","-","-","-","sul1","tet(A).v1*","-","dfrA1.v1","OXA-1","-","CTX-M-15","-","-","SHV-11","SHV:p.Leu35Gln","OmpK35:p.Leu7fs","-","GyrA:p.Ser83Ile;ParC:p.Ser80Ile","-","catB3.v1?-70%","1",,,"wzi105","KL108","unknown (KL108)","Typeable","-","100.00%","-","OL2α.2","O1αβ,2β","Typeable","-","99.31%","-"
"qnFhGhEkJsEpymtjuEuRg4","SAMN05960965","v3.2.4","6","Klebsiella pneumoniae","strong","53","204059","536658","5298768","yes (782)","ambiguous_bases","ST1658",,"2","1","11","1","9","1","112","0","-","-","-","-","-","-","-","-","-","-","-","-","-","0","-","-","-","-","-","-","-","-","-","-","-","-","-","-","-","-","-","0","-","-","-","-","-","-","-","0","-","-","-","-","-","-","0","-","-","-","-","-","0","-","-","-","-","-","-","-","-","-","-","-","-","-","-","-","-","-","-","-","SHV-1","-","-","-","-","-","-","0",,,"-","KL19","K19","Typeable","-","98.01%","-","OL3γ","O3γ","Typeable","-","99.75%","-"
"7ktPb5meWXzfQRweFnU2FQ","SAMN36884892","v3.2.4","6","Klebsiella pneumoniae","strong","63","225509","501126","5416330","no","-","ST307",,"4","1","2","52","1","1","7","183","ybt 9; ICEKp3","5","11","6","5","1","25","37","9","5","5","11","-","0","-","-","-","-","-","-","-","-","-","-","-","-","-","-","-","-","-","0","-","-","-","-","-","-","-","0","-","-","-","-","-","-","0","-","-","-","-","-","1","-","-","strB.v1*;strA.v1*","-","-","-","-","-","catII.2*","-","sul2","tet(D)","-","dfrA14.v2*","-","-","CTX-M-15","-","-","SHV-28^","-","-","-","GyrA:p.Ser83Ile;ParC:p.Ser80Ile","-","-","1",,,"wzi173","KL102","unknown (KL102)","Typeable","-","99.66%","-","OL2α.2","O2β","Typeable","-","99.13%","-"
"mh8QsLVSKkkUpSJ2Gqsxz6","SAMEA7472453","v3.2.4","6","Klebsiella pneumoniae","strong","84","227756","584319","5516255","yes (497)","ambiguous_bases","ST15",,"1","1","1","1","1","1","1","28-1LV","ybt 10; ICEKp4","16","12","4","3","3","35*","50","3","10","23","2","-","0","-","-","-","-","-","-","-","-","-","-","-","-","-","-","-","-","-","0","-","-","-","-","-","-","-","0","-","-","-","-","-","-","0","-","-","-","-","-","1","-","-","aac(3)-IIa.v1;aadA^;aac(6')-Ib-cr.v2","-","-","aac(6')-Ib-cr.v2","-","-","-","-","sul1^","tet(D)","-","dfrA15.v2","SCO-1;OXA-1","-","CTX-M-15","-","-","SHV-28^","-","-","-","GyrA:p.Ser83Phe;GyrA:p.Asp87Ala;ParC:p.Ser80Ile","-","catB3.v1*?-67%","1",,,"wzi151","KL48","Capsule null","Typeable","!","97.49%","-","OL2α.1","O1αβ,2α","Typeable","?2","98.66%","-"
"aCn3H8dceHdJsdtEZ3b3t4","SAMEA111505121","v3.2.4","6","Klebsiella pneumoniae","strong","57","299623","590702","5556776","yes (1527)","ambiguous_bases","ST1922-3LV",,"2","4","6*","1","13","4","16","0","-","-","-","-","-","-","-","-","-","-","-","-","-","0","-","-","-","-","-","-","-","-","-","-","-","-","-","-","-","-","-","0","-","-","-","-","-","-","-","0","-","-","-","-","-","-","0","-","-","-","-","-","0","-","-","strB.v1;strA.v1^;aac(6')-Ib-cr.v2","-","-","qnrB1.v2^;aac(6')-Ib-cr.v2","-","-","-","-","sul2","tet(A).v1","-","dfrA14.v2*","OXA-1","-","CTX-M-15","-","-","SHV-11^","SHV:p.Leu35Gln","-","-","GyrA:p.Ser83Ile;ParC:p.Ser80Ile","-","catB3.v1?-70%","1",,,"wzi12","KL12","K12","Typeable","-","99.96%","-","OL10","O10","Typeable","-","97.70%","-"
"uEJwJQyMJ2QWaL2CKEdcYW","SAMEA7472492","v3.2.4","6","Klebsiella pneumoniae","strong","95","247271","430412","5362315","yes (318)","ambiguous_bases","ST442",,"10","20","2","1","9","11","14","0","-","-","-","-","-","-","-","-","-","-","-","-","-","0","-","-","-","-","-","-","-","-","-","-","-","-","-","-","-","-","-","0","-","-","-","-","-","-","-","0","-","-","-","-","-","-","0","-","-","-","-","-","0","-","-","aac(3)-IIa.v1^;aph(3')-VI;aadA2^;armA;aac(6')-Ib-cr.v2","-","-","aac(6')-Ib-cr.v2","-","msrE;mphE.v2^","-","-","sul1","-","-","dfrA12","-","-","CTX-M-15","-","NDM-1","SHV-110","SHV:p.Leu35Gln;SHV:p.Gly156Asp","OmpK35:p.Thr46fs","-","GyrA:p.Ser83Tyr;GyrA:p.Asp87Ala;ParC:p.Ser80Ile","-","catB3.v1?-70%;OXA-1?-0%;OXA-1?-41%","2",,,"wzi84","KL28","K28","Typeable","?2","99.84%","-","OL2α.1","O2α","Typeable","-","99.41%","-"
"tJvLJNL45xQFCnezmWwrq9","SAMEA6654228","v3.2.4","6","Klebsiella pneumoniae","strong","97","255025","527102","5761349","yes (406)","ambiguous_bases","ST17",,"2","1","1","1","4","4","4","230-1LV","ybt 15; ICEKp11","6","15","22","4","1","37","34*","14","1","4","17","-","0","-","-","-","-","-","-","-","-","-","-","-","-","-","-","-","-","-","0","-","-","-","-","-","-","-","0","-","-","-","-","-","-","0","-","-","-","-","-","1","-","-","aac(3)-IId^;strB.v1;aph3-Ia.v1;strA.v1^;aadA2;rmtB","-","-","qnrS1","-","Mrx;mphA","-","-","sul2*","tet(A).v1;tet(G).v1","-","dfrA12;dfrA14.v2*","-","-","CTX-M-15","-","OXA-181","SHV-11^","SHV:p.Leu35Gln","-","-","-","-","sul1?-63%","2",,,"wzi141","KL25","K25","Typeable","?8","99.83%","-","OL5","O5","Typeable","-","98.19%","-"
"6NgTy4avhPgFMyd7ew6qw3","SAMN05960920","v3.2.4","6","Klebsiella pneumoniae","strong","35","371277","1274345","5422502","yes (195)","ambiguous_bases","ST587",,"2","5","2","52","1","1","7","0","-","-","-","-","-","-","-","-","-","-","-","-","-","0","-","-","-","-","-","-","-","-","-","-","-","-","-","-","-","-","-","0","-","-","-","-","-","-","-","0","-","-","-","-","-","-","0","-","-","-","-","-","0","-","-","-","-","-","-","-","-","-","-","-","-","-","-","-","-","-","-","-","SHV-11^","SHV:p.Leu35Gln","-","-","-","-","fosA7.5*?-0%","0",,,"wzi27","KL27","K27","Typeable","-","100.00%","-","OL2α.2","O2β","Typeable","-","99.11%","-"
"k1Abhny5Aj34cCaarEoCXn","SAMN05960960","v3.2.4","6","Klebsiella pneumoniae","strong","24","642607","1230213","5199966","yes (193)","ambiguous_bases","ST1373",,"2","1","1","1","1","4","4","0","-","-","-","-","-","-","-","-","-","-","-","-","-","0","-","-","-","-","-","-","-","-","-","-","-","-","-","-","-","-","-","0","-","-","-","-","-","-","-","0","-","-","-","-","-","-","0","-","-","-","-","-","0","-","-","-","-","-","-","-","-","-","-","-","-","-","-","-","-","-","-","-","SHV-60*","SHV:p.Leu35Gln","-","-","-","-","-","0",,,"-","KL25","K25","Typeable","!","99.76%","-","OL3α/β","O3αβ","Typeable","-","99.06%","-"
"fFbaU85qpMEsGYwmCyq8Ut","SAMEA6155806","v3.2.4","6","Klebsiella pneumoniae","strong","37","463169","1296082","5467798","yes (788)","ambiguous_bases","ST307",,"4","1","2","52","1","1","7","0","-","-","-","-","-","-","-","-","-","-","-","-","-","0","-","-","-","-","-","-","-","-","-","-","-","-","-","-","-","-","-","0","-","-","-","-","-","-","-","0","-","-","-","-","-","-","0","-","-","-","-","-","0","-","-","aac(3)-IIa.v1^;strB.v1;strA.v1^;aac(6')-Ib-cr.v2","-","-","qnrB1.v2^;aac(6')-Ib-cr.v2","-","-","-","-","sul2","tet(A).v1","-","dfrA14.v2*","OXA-1","-","CTX-M-15","-","-","SHV-28^","-","-","-","GyrA:p.Ser83Ile;ParC:p.Ser80Ile","-","catB3.v1?-70%","1",,,"wzi173","KL102","unknown (KL102)","Typeable","-","99.66%","-","OL2α.2","O2β","Typeable","-","99.13%","-"
"eHwENZHnSn65mbjtkJquHt","SAMEA6155925","v3.2.4","6","Klebsiella pneumoniae","strong","53","275722","563000","5501491","yes (693)","ambiguous_bases","ST86",,"9","4","2","1","1","1","27","0","-","-","-","-","-","-","-","-","-","-","-","-","-","0","-","-","-","-","-","-","-","-","-","-","-","-","-","-","-","-","-","1","iuc 1","1","1","1","1","1","-","1","iro 1","1","1","1","1","-","28-1LV","rmp 1; KpVP-1","15","2","2*","-","3","-","rmpA2_8-60%","aac(3)-IIa.v1^;aadA^;aac(6')-Ib-cr.v2","-","-","qnrB2.v1^;aac(6')-Ib-cr.v2","-","-","-","-","sul2","-","-","dfrA15.v2","OXA-1","-","CTX-M-15","-","-","SHV-1^","-","-","-","-","strB.v1?-0%","sul1?-0%;catB3.v1?-70%;sul1*?-47%","1",,,"wzi2","KL2","K2","Typeable","-","99.87%","-","OL2α.1","O1αβ,2α","Typeable","-","99.30%","-"
"1eAFffAm8xJ8pXbru3vQpd","SAMEA6654243","v3.2.4","6","Klebsiella pneumoniae","strong","78","379791","954718","5768659","yes (705)","ambiguous_bases","ST17",,"2","1","1","1","4","4","4","230-1LV","ybt 15; ICEKp11","6","15","22","4","1","37","34*","14","1","4","17","-","0","-","-","-","-","-","-","-","-","-","-","-","-","-","-","-","-","-","0","-","-","-","-","-","-","-","0","-","-","-","-","-","-","0","-","-","-","-","-","1","-","-","strA.v1^;rmtB","-","-","qnrS1","-","Mrx;mphA","catII.2*","-","-","tet(A).v1;tet(G).v1","-","dfrA14.v2*","-","-","CTX-M-15","-","OXA-181","SHV-11^","SHV:p.Leu35Gln","-","-","-","strB.v1?-0%","sul2*?-0%","2",,,"wzi141","KL25","K25","Typeable","?3!","99.65%","-","OL5","O5","Typeable","-","98.19%","-"
"bZXch8WCLn5U1VZ58x88Hr","SAMEA111505119","v3.2.4","6","Klebsiella pneumoniae","strong","67","214939","634954","5486193","yes (849)","ambiguous_bases","ST307",,"4","1","2","52","1","1","7","183","ybt 9; ICEKp3","5","11","6","5","1","25","37","9","5","5","11","-","0","-","-","-","-","-","-","-","-","-","-","-","-","-","-","-","-","-","0","-","-","-","-","-","-","-","0","-","-","-","-","-","-","0","-","-","-","-","-","1","-","-","aac(6')-Ib-cr.v2","-","-","aac(6')-Ib-cr.v2","-","-","-","-","-","-","-","dfrA14.v2*","OXA-1","-","-","-","-","SHV-28^","-","-","-","GyrA:p.Ser83Ile;ParC:p.Ser80Ile","-","catB3.v1?-70%","0",,,"wzi173","KL102","unknown (KL102)","Typeable","-","99.59%","-","OL2α.2","O2β","Typeable","-","99.13%","-"
"knFHbBqNXxxzUbaNPwArxH","SAMEA111505115","v3.2.4","6","Klebsiella pneumoniae","strong","84","172527","388782","5626309","yes (1465)","ambiguous_bases","ST25",,"2","1","1","1","10","4","13","277-1LV","ybt 16; ICEKp12","6","15","5","4","11","33","23","2","11","4","2*","-","0","-","-","-","-","-","-","-","-","-","-","-","-","-","-","-","-","-","0","-","-","-","-","-","-","-","0","-","-","-","-","-","-","0","-","-","-","-","-","1","-","-","aac(3)-IIa.v1^;strB.v1;aph3-Ia.v1^;strA.v1;aac(6')-Ib-cr.v2","-","-","qnrS1;aac(6')-Ib-cr.v2","-","-","catA1*","-","sul1;sul2","tet(D)","-","dfrA15.v2","LAP-2;OXA-1","-","CTX-M-15","-","-","-","-","-","-","GyrA:p.Ser83Ile;ParC:p.Ser80Ile","-","catB3.v1?-70%;SHV-187*?-56%","1",,,"wzi72","KL2","K2","Typeable","-","99.56%","-","OL2α.2","O1αβ,2β","Typeable","-","99.55%","-"
"8zoC2M3h7ckamKAjpBihyV","SAMN05960928","v3.2.4","6","Klebsiella pneumoniae","strong","71","310247","636153","5600975","yes (494)","ambiguous_bases","ST17",,"2","1","1","1","4","4","4","294","ybt 16; ICEKp12","6","15","5","4","11","286","304","2","11","4","2","-","0","-","-","-","-","-","-","-","-","-","-","-","-","-","-","-","-","-","0","-","-","-","-","-","-","-","0","-","-","-","-","-","-","0","-","-","-","-","-","1","-","-","aac(3)-IIa.v1;strB.v1*;strA.v1*","-","-","-","-","-","-","-","sul2","tet(D)","-","dfrA14.v2*","SCO-1","-","CTX-M-15","-","-","SHV-11^","SHV:p.Leu35Gln","-","-","-","-","-","1",,,"wzi2","KL2","K2","Typeable","-","99.83%","-","OL2α.1","O2α","Typeable","-","100.00%","-"
"8gFkefqhqjn2zNeN7LKmRW","SAMEA6654211","v3.2.4","6","Klebsiella pneumoniae","strong","83","274722","533667","5664417","yes (919)","ambiguous_bases","ST39",,"2","1","2","4","9","1","14","294-2LV","ybt 16; ICEKp12","6","15","5*","4*","11","286","304","2","11","4","2","-","0","-","-","-","-","-","-","-","-","-","-","-","-","-","-","-","-","-","0","-","-","-","-","-","-","-","0","-","-","-","-","-","-","0","-","-","-","-","-","1","-","-","aac(3)-IIa.v1;aadA16*;strB.v1*;strA.v1*;aac(6')-Ib-cr.v2","-","-","qnrB6^;aac(6')-Ib-cr.v2","-","-","catA1^","arr-3","sul1;sul1;sul2","tet(A).v1","-","dfrA27","-","-","CTX-M-15","-","-","SHV-11^","SHV:p.Leu35Gln","-","-","-","-","-","1",,,"wzi2","KL2","K2","Typeable","-","99.82%","-","OL2α.1","O1αβ,2α","Typeable","-","100.00%","-"
"hz5rMPrdhtpW96VDvP4ne8","SAMEA5753729","v3.2.4","6","Klebsiella pneumoniae","strong","70","210902","453566","5087476","yes (99)","ambiguous_bases","ST3262",,"26","1","1","1","9","10","23","0","-","-","-","-","-","-","-","-","-","-","-","-","-","0","-","-","-","-","-","-","-","-","-","-","-","-","-","-","-","-","-","0","-","-","-","-","-","-","-","0","-","-","-","-","-","-","0","-","-","-","-","-","0","-","-","-","-","-","-","-","-","-","-","-","-","-","-","-","-","-","-","-","SHV-221","-","-","-","-","-","-","0",,,"wzi97","KL46","K46","Typeable","?12-","99.64%","KL46_14_wclT;KL46_13_wcuV","OL3γ","O3γ","Typeable","?2","99.80%","-"
"rZERGMB5Yp52Kp9vx2uP5D","SAMN45807623","v3.2.4","6","Klebsiella pneumoniae","strong","76","264061","785066","5474218","yes (409)","ambiguous_bases","ST442",,"10","20","2","1","9","11","14","0","-","-","-","-","-","-","-","-","-","-","-","-","-","0","-","-","-","-","-","-","-","-","-","-","-","-","-","-","-","-","-","0","-","-","-","-","-","-","-","0","-","-","-","-","-","-","0","-","-","-","-","-","0","-","-","aac(3)-IIa.v1;aadA^;aac(6')-Ib-cr.v2","-","-","qnrS1;aac(6')-Ib-cr.v2","-","-","catA1*","-","sul1^;sul2","tet(A).v1","-","dfrA15.v2","SCO-1;OXA-1","-","CTX-M-15","-","-","SHV-110","SHV:p.Leu35Gln;SHV:p.Gly156Asp","-","-","GyrA:p.Ser83Tyr;GyrA:p.Asp87Ala;ParC:p.Ser80Ile","strA.v1?-0%;strB.v1?-0%","catB3.v1?-70%","1",,,"wzi118","KL146","unknown (KL146)","Typeable","-","97.28%","-","OL2α.2","O2β","Typeable","-","99.11%","-"
"dZyyTnDodd4XHPZiAk8kQE","SAMEA5753768","v3.2.4","6","Klebsiella pneumoniae","strong","57","367651","735441","5353388","yes (396)","ambiguous_bases","ST411",,"2","1","11","42","26","4","18","0","-","-","-","-","-","-","-","-","-","-","-","-","-","0","-","-","-","-","-","-","-","-","-","-","-","-","-","-","-","-","-","0","-","-","-","-","-","-","-","0","-","-","-","-","-","-","0","-","-","-","-","-","0","-","-","-","-","-","-","-","-","-","-","-","-","-","-","-","-","-","-","-","SHV-11^","SHV:p.Leu35Gln","-","-","-","-","-","0",,,"-","KL180","unknown (KL180)","Typeable","?7","98.83%","-","OL4","O4","Typeable","-","99.66%","-"
"wjtzE9JUA51SH7xKqraRjv","SAMEA6155819","v3.2.4","6","Klebsiella pneumoniae","strong","51","438980","753411","5430387","yes (396)","ambiguous_bases","ST17",,"2","1","1","1","4","4","4","0","-","-","-","-","-","-","-","-","-","-","-","-","-","0","-","-","-","-","-","-","-","-","-","-","-","-","-","-","-","-","-","0","-","-","-","-","-","-","-","0","-","-","-","-","-","-","0","-","-","-","-","-","0","-","-","-","-","-","qnrS1","-","-","-","-","-","-","-","-","-","-","-","-","-","SHV-11^","SHV:p.Leu35Gln","-","-","-","-","-","0",,,"-","KL62","K62","Typeable","?3!","99.60%","-","OL2α.2","O2β","Typeable","-","99.26%","-"
"p8SgQFDtWxd81Tv3ftnaxK","SAMEA6422760","v3.2.4","6","Klebsiella pneumoniae","strong","114","197394","522562","5987964","yes (595)","ambiguous_bases","ST4566",,"2","1","1","1","7","4","13","0","-","-","-","-","-","-","-","-","-","-","-","-","-","0","-","-","-","-","-","-","-","-","-","-","-","-","-","-","-","-","-","0","-","-","-","-","-","-","-","0","-","-","-","-","-","-","0","-","-","-","-","-","0","-","-","aac(3)-IIa.v1;aadA^;aadA2","-","-","qnrB4","-","-","catII.2*","-","sul2","tet(A).v1;tet(D)","-","dfrA15.v2;dfrA16.v2","DHA-1","-","CTX-M-15","-","-","SHV-1^","-","-","-","-","-","sul1?-0%","1",,,"wzi224","KL49","K49","Typeable","+!","99.72%","-","OL2α.1","O1αβ,2α","Typeable","-","98.61%","-"
"3M69ozjtNhRxze64xdpMpL","SAMEA6155857","v3.2.4","6","Klebsiella pneumoniae","strong","72","326403","740231","5599375","yes (493)","ambiguous_bases","ST231",,"2","6","1","3","26","1","77","277","ybt 16; ICEKp12","6","15","5","4","11","33","23","2","11","4","2","-","0","-","-","-","-","-","-","-","-","-","-","-","-","-","-","-","-","-","0","-","-","-","-","-","-","-","0","-","-","-","-","-","-","0","-","-","-","-","-","1","-","-","aac(3)-IId^;strB.v1*;strA.v1*;aadA*;aac(6')-Ib'.v1","-","-","qnrB1.v2^","-","-","catII.2*","-","sul2","tet(A).v1","-","dfrA14.v2*","OXA-1","-","CTX-M-15","-","-","SHV-11^","SHV:p.Leu35Gln","-","-","GyrA:p.Ser83Ile;ParC:p.Ser80Ile","-","catB3.v1?-70%;OXA-9.v2?-0%;OXA-9.v1?-51%","1",,,"wzi104","KL51","K51","Typeable","!","99.71%","-","OL2α.2","O1αβ,2β","Typeable","-","99.17%","-"
"edEEzeCWmw8eUUzUVioFCf","SAMN36884890","v3.2.4","6","Klebsiella pneumoniae","strong","122","263046","592460","5745349","yes (97)","ambiguous_bases","ST397",,"2","1","1","1","21","44","9","145-2LV","ybt 14; ICEKp5","4","4","5","4","1","259","252","2","4","4","2","-","0","-","-","-","-","-","-","-","-","-","-","-","-","-","-","-","-","-","0","-","-","-","-","-","-","-","0","-","-","-","-","-","-","0","-","-","-","-","-","1","-","-","aac(3)-IIa.v1^;strB.v1;strA.v1^;aac(6')-Ib-cr.v2","-","-","qnrB1.v2^;aac(6')-Ib-cr.v2","-","-","-","-","sul2","tet(A).v1*","-","dfrA14.v2*","OXA-1","-","CTX-M-15","-","-","SHV-1^","-","-","-","-","-","catB3.v1?-70%","1",,,"wzi475","KL158","unknown (KL158)","Typeable","-","99.91%","-","OL2α.1","O1αβ,2α","Typeable","-","99.15%","-"
"s5urbXg1iSbtHC25WfJZks","SAMEA5753712","v3.2.4","6","Klebsiella pneumoniae","strong","181","132157","399991","5516346","no","-","ST36",,"2","1","2","1","7","1","7","0","-","-","-","-","-","-","-","-","-","-","-","-","-","0","-","-","-","-","-","-","-","-","-","-","-","-","-","-","-","-","-","0","-","-","-","-","-","-","-","0","-","-","-","-","-","-","0","-","-","-","-","-","0","-","-","-","-","-","-","-","-","-","-","-","-","-","-","-","-","-","-","-","SHV-11^","SHV:p.Leu35Gln","-","-","-","-","-","0",,,"wzi394","KL153","unknown (KL153)","Typeable","?9","99.81%","-","OL2α.2","O2β","Typeable","!","98.92%","-"
"nyYYpR79VZtQcasBLdMfiW","SAMEA6422733","v3.2.4","6","Klebsiella pneumoniae","strong","55","354491","924781","5786192","yes (292)","ambiguous_bases","ST1788",,"2","6","160","1","226","111","299","277-1LV","ybt 16; ICEKp12","6","15","5","4","11","33","23*","2","11","4","2","-","0","-","-","-","-","-","-","-","-","-","-","-","-","-","-","-","-","-","0","-","-","-","-","-","-","-","0","-","-","-","-","-","-","0","-","-","-","-","-","1","-","-","aac(3)-IIa.v1^;strB.v1;strA.v1^;aac(6')-Ib-cr.v2","-","-","qnrB1.v2^;aac(6')-Ib-cr.v2","-","-","-","-","sul2","tet(A).v1","-","dfrA14.v2*","OXA-1","-","CTX-M-15","-","-","SHV-232","SHV:p.Leu35Gln","-","-","-","-","catB3.v1?-70%","1",,,"wzi2","KL2","K2","Typeable","-","99.80%","-","OL2α.2","O1αβ,2β","Typeable","-","99.41%","-"
"b18mSByJ73Zc2ni9mtXKWN","SAMEA5753713","v3.2.4","6","Klebsiella pneumoniae","strong","55","399418","1022339","5232873","yes (200)","ambiguous_bases","ST17",,"2","1","1","1","4","4","4","0","-","-","-","-","-","-","-","-","-","-","-","-","-","0","-","-","-","-","-","-","-","-","-","-","-","-","-","-","-","-","-","0","-","-","-","-","-","-","-","0","-","-","-","-","-","-","0","-","-","-","-","-","0","-","-","-","-","-","-","-","-","-","-","-","-","-","-","-","-","-","-","-","SHV-1","-","-","-","-","-","-","0",,,"wzi386","KL169","unknown (KL169)","Typeable","?12-+!","99.88%","KL169_22","OL15","unknown (OL15)","Typeable","?2","100.00%","-"
"je24hCpvFs5pMLicnwhQV9","SAMEA111504614","v3.2.4","6","Klebsiella pneumoniae","strong","52","273245","597942","5442320","yes (229)","ambiguous_bases","ST65",,"2","1","2","1","10","4","13","0","-","-","-","-","-","-","-","-","-","-","-","-","-","0","-","-","-","-","-","-","-","-","-","-","-","-","-","-","-","-","-","1","iuc 1","1","1","1","1","1","-","10","iro 1","1","13","1","1","-","38","rmp 1; KpVP-1 (truncated)","2","4-0%","2","-","3","-","rmpA2_5-54%","-","-","-","-","-","-","-","-","-","-","-","-","-","-","-","-","-","SHV-11^","SHV:p.Leu35Gln","-","-","-","-","-","0",,,"wzi72","KL2","K2","Typeable","-","99.50%","-","OL2α.2","O1αβ,2β","Typeable","-","99.29%","-"
"pqK3qeL4G7ZPVdSy5CjHSj","SAMEA6155818","v3.2.4","6","Klebsiella pneumoniae","strong","18","2832996","2832996","5123517","yes (391)","ambiguous_bases","ST5241",,"2","5","399","1","4","1","4","0","-","-","-","-","-","-","-","-","-","-","-","-","-","0","-","-","-","-","-","-","-","-","-","-","-","-","-","-","-","-","-","0","-","-","-","-","-","-","-","0","-","-","-","-","-","-","0","-","-","-","-","-","0","-","-","aac(3)-IIa.v1;strA.v1*","-","-","qnrS1","-","-","-","-","sul2","tet(D)","-","dfrA14.v2*","-","-","-","-","-","SHV-1","-","-","-","-","-","-","0",,,"wzi95","KL123","unknown (KL123)","Typeable","-","97.33%","-","OL5","O5","Typeable","-","98.25%","-"
"etKUropWVWCEFKiwWV2BBG","SAMEA5753733","v3.2.4","6","Klebsiella pneumoniae","strong","76","211590","471826","5139046","yes (198)","ambiguous_bases","ST629",,"2","3","87","1","12","1","26","0","-","-","-","-","-","-","-","-","-","-","-","-","-","0","-","-","-","-","-","-","-","-","-","-","-","-","-","-","-","-","-","0","-","-","-","-","-","-","-","0","-","-","-","-","-","-","0","-","-","-","-","-","0","-","-","-","-","-","-","-","-","-","-","-","-","-","-","-","-","-","-","-","SHV-11^","SHV:p.Leu35Gln","-","-","-","-","-","0",,,"wzi368","KL134","unknown (KL134)","Typeable","?10","99.89%","-","OL3α/β","O3αβ","Typeable","-","99.62%","-"
"cGZBRpV9knuSfH1frNBE59","SAMEA6654235","v3.2.4","6","Klebsiella pneumoniae","strong","107","309920","746449","5757117","yes (507)","ambiguous_bases","ST17",,"2","1","1","1","4","4","4","230-1LV","ybt 15; ICEKp11","6","15","22","4","1","37","34*","14","1","4","17","-","0","-","-","-","-","-","-","-","-","-","-","-","-","-","-","-","-","-","0","-","-","-","-","-","-","-","0","-","-","-","-","-","-","0","-","-","-","-","-","1","-","-","aac(3)-IId^;strB.v1;aph3-Ia.v1;strA.v1*;aadA2;rmtB","-","-","qnrS1","-","Mrx;mphA","catII.2*","-","sul2*","tet(A).v1*","-","dfrA12;dfrA14.v2*","-","-","CTX-M-15","-","OXA-181","SHV-11^","SHV:p.Leu35Gln","-","-","-","-","tet(G).v1?-52%;tet(G).v1*?-0%;sul1?-41%","2",,,"wzi141","KL25","K25","Typeable","?3!","99.63%","-","OL5","O5","Typeable","-","98.19%","-"
"nNQUHVVTb9zCiUFMKY1hwx","SAMEA5753715","v3.2.4","6","Klebsiella pneumoniae","strong","74","342483","514122","5310031","yes (195)","ambiguous_bases","ST3118",,"169","1","2","1","1","7","4","0","-","-","-","-","-","-","-","-","-","-","-","-","-","0","-","-","-","-","-","-","-","-","-","-","-","-","-","-","-","-","-","0","-","-","-","-","-","-","-","0","-","-","-","-","-","-","0","-","-","-","-","-","0","-","-","-","-","-","-","-","-","-","-","-","-","-","-","-","-","-","-","-","SHV-168^","SHV:p.Ala146Val","-","-","-","-","-","0",,,"wzi96","KL38","K38","Typeable","?8","99.96%","-","OL3γ","O3γ","Typeable","-","99.66%","-"
"jatWGqpAH5JvPSwEyou3qQ","SAMEA7472421","v3.2.4","6","Klebsiella pneumoniae","strong","99","367287","979677","5428420","yes (598)","ambiguous_bases","ST4074",,"14","2","1","1","1","94","211","0","-","-","-","-","-","-","-","-","-","-","-","-","-","0","-","-","-","-","-","-","-","-","-","-","-","-","-","-","-","-","-","0","-","-","-","-","-","-","-","0","-","-","-","-","-","-","0","-","-","-","-","-","0","-","-","-","-","-","-","-","-","-","-","-","-","-","-","-","-","-","-","-","SHV-215*","SHV:p.Leu35Gln","-","-","-","-","-","0",,,"wzi108","KL137","unknown (KL137)","Typeable","?2","98.50%","-","OL13","O13","Typeable","!","96.42%","-"
"6td5bCdGNsHhzxmY5DuJpm","SAMN05960948","v3.2.4","6","Klebsiella pneumoniae","strong","95","319134","831314","5715282","yes (96)","ambiguous_bases","ST147",,"3","4","6","1","7","4","38","0","-","-","-","-","-","-","-","-","-","-","-","-","-","0","-","-","-","-","-","-","-","-","-","-","-","-","-","-","-","-","-","0","-","-","-","-","-","-","-","0","-","-","-","-","-","-","0","-","-","-","-","-","0","-","-","aac(3)-IIa.v1;strB.v1;aph3-Ia.v1^;strA.v1;aadA2^","-","-","-","-","Mrx;mphA","catII.2*","-","sul1;sul2","tet(A).v1","-","dfrA12","SCO-1","-","CTX-M-15","-","-","SHV-11^","SHV:p.Leu35Gln","-","-","GyrA:p.Ser83Tyr;GyrA:p.Asp87Ala;ParC:p.Ser80Ile","-","-","1",,,"wzi420","KL10","K10","Typeable","?3","99.01%","-","OL3α/β","O3αβ","Typeable","?3","99.40%","-"
"7eksoQvSQJyk2soDV1M8cw","SAMN36884871","v3.2.4","6","Klebsiella pneumoniae","strong","56","295785","767389","5513308","yes (199)","ambiguous_bases","ST16",,"2","1","2","1","4","4","4","91-1LV","ybt 10; ICEKp4","3","12","4","3","3","85","85","3","10","9","2","-","0","-","-","-","-","-","-","-","-","-","-","-","-","-","-","-","-","-","0","-","-","-","-","-","-","-","0","-","-","-","-","-","-","0","-","-","-","-","-","1","-","-","aph3-Ia.v1^;aadA2^;aac(6')-Ib-cr.v2","-","-","aac(6')-Ib-cr.v2","-","Mrx;mphA","-","-","sul1","tet(A).v1","-","dfrA12","OXA-1","-","CTX-M-15","-","-","SHV-1","-","-","-","GyrA:p.Ser83Phe;GyrA:p.Asp87Asn;ParC:p.Glu84Lys","-","catB3.v1?-70%","1",,,"wzi50","KL51","K51","Typeable","-","100.00%","-","OL3γ","O3γ","Typeable","-","99.61%","-"
"kfwfeXJbtjiTtaFgYBYKfM","SAMN05960875","v3.2.4","6","Klebsiella pneumoniae","strong","79","312638","590871","5555034","yes (99)","ambiguous_bases","ST20",,"2","3","1","1","4","4","4","0","-","-","-","-","-","-","-","-","-","-","-","-","-","0","-","-","-","-","-","-","-","-","-","-","-","-","-","-","-","-","-","0","-","-","-","-","-","-","-","0","-","-","-","-","-","-","0","-","-","-","-","-","0","-","-","ant(2'')-Ia","-","-","-","-","-","-","-","-","-","-","-","-","-","-","-","-","-","-","-","-","-","SHV-12*-9%","-","0",,,"wzi84","KL28","K28","Typeable","-","99.80%","-","OL2α.2","O1αβ,2β","Typeable","-","99.11%","-"
"7W9Wh4jVNr3gqSKjaTTVrX","SAMEA5753764","v3.2.4","6","Klebsiella pneumoniae","strong","57","313410","464475","5220246","yes (300)","ambiguous_bases","ST3280",,"2","1","218","1","9","8","12","0","-","-","-","-","-","-","-","-","-","-","-","-","-","0","-","-","-","-","-","-","-","-","-","-","-","-","-","-","-","-","-","0","-","-","-","-","-","-","-","0","-","-","-","-","-","-","0","-","-","-","-","-","0","-","-","-","-","-","-","-","-","-","-","-","-","-","-","-","-","-","-","-","SHV-1","-","-","-","-","-","-","0",,,"wzi178","KL166","unknown (KL166)","Typeable","?6-","99.81%","KL166_11_wcuF;KL166_08_wzx;KL166_07","OL3γ","O3γ","Typeable","-","99.60%","-"
"fu2unBzGpQ9HD7HQwWeFbr","SAMEA5753706","v3.2.4","6","Klebsiella pneumoniae","strong","92","314250","1039296","5595820","yes (193)","ambiguous_bases","ST17",,"2","1","1","1","4","4","4","463-1LV","ybt 4; plasmid","76","34","37","44","47","104","227","25","23","45","118","-","0","-","-","-","-","-","-","-","-","-","-","-","-","-","-","-","-","-","0","-","-","-","-","-","-","-","0","-","-","-","-","-","-","0","-","-","-","-","-","1","-","-","-","-","-","-","-","-","-","-","-","-","-","-","-","-","-","-","-","SHV-11^","SHV:p.Leu35Gln","-","-","-","-","-","0",,,"wzi19","KL19","K19","Typeable","?5-","97.55%","KL19_13_wzy","OL2α.2","O2β","Typeable","?2","99.06%","-"
"hngZ5fvGRzhg2ho5dAJvLB","SAMEA6654229","v3.2.4","6","Klebsiella pneumoniae","strong","67","627650","1186288","5760296","yes (501)","ambiguous_bases","ST17",,"2","1","1","1","4","4","4","230-1LV","ybt 15; ICEKp11","6","15","22","4","1","37","34*","14","1","4","17","-","0","-","-","-","-","-","-","-","-","-","-","-","-","-","-","-","-","-","0","-","-","-","-","-","-","-","0","-","-","-","-","-","-","0","-","-","-","-","-","1","-","-","aac(3)-IId^;strB.v1;aph3-Ia.v1;strA.v1^;aadA2;rmtB","-","-","qnrS1","-","Mrx;mphA","catII.2*?","-","sul2^","tet(A).v1;tet(G).v1","-","dfrA12;dfrA14.v2*","-","-","CTX-M-15","-","OXA-181","SHV-11^","SHV:p.Leu35Gln","-","-","-","-","sul1?-63%","2",,,"wzi141","KL25","K25","Typeable","!","99.63%","-","OL5","O5","Typeable","-","98.19%","-"
"hnZ1ZdE6LAQiPB2GCPXSqn","SAMEA115925706","v3.2.4","6","Klebsiella pneumoniae","strong","132","102219","356854","5540434","yes (102)","ambiguous_bases","ST39",,"2","1","2","4","9","1","14","294-1LV","ybt 16; ICEKp12","6","15","5","4*","11","286","304","2","11","4","2","-","0","-","-","-","-","-","-","-","-","-","-","-","-","-","-","-","-","-","0","-","-","-","-","-","-","-","0","-","-","-","-","-","-","0","-","-","-","-","-","1","-","-","aac(3)-IIa.v1^;strB.v1;strA.v1^;aac(6')-Ib-cr.v2","-","-","qnrB1.v2^;aac(6')-Ib-cr.v2","-","-","-","-","sul2","tet(A).v1","-","dfrA14.v2*","-","-","CTX-M-15","-","-","SHV-11^","SHV:p.Leu35Gln","-","-","-","-","OXA-1?-74%;catB3.v1?-70%","1",,,"wzi2","KL2","K2","Typeable","-","99.83%","-","OL2α.1","O1αβ,2α","Typeable","-","100.00%","-"
"mDqJJTmFgkFCPtdJsmaa9f","SAMEA6156101","v3.2.4","6","Klebsiella pneumoniae","strong","92","254723","539722","5686297","yes (882)","ambiguous_bases","ST392",,"3","4","6","1","7","4","40","0","-","-","-","-","-","-","-","-","-","-","-","-","-","0","-","-","-","-","-","-","-","-","-","-","-","-","-","-","-","-","-","0","-","-","-","-","-","-","-","0","-","-","-","-","-","-","0","-","-","-","-","-","0","-","-","aac(3)-IIa.v1^;strB.v1;strA.v1^;aph(3')-VI;aadA2^;armA;aac(6')-Ib-cr.v2","-","-","qnrB1.v2^;aac(6')-Ib-cr.v2","-","msrE;mphE.v2^","-","-","sul1;sul2","-","-","dfrA12;dfrA14.v2*","OXA-1","-","CTX-M-15","-","NDM-1","SHV-11^","SHV:p.Leu35Gln","OmpK35:p.Ala119fs","-","GyrA:p.Ser83Ile;ParC:p.Ser80Ile","-","catB3.v1?-70%","2",,,"wzi187","KL27","K27","Typeable","-","99.79%","-","OL4","O4","Typeable","-","99.61%","-"
"fitubmJhtjdRfHPy7SK1BH","SAMEA6155722","v3.2.4","6","Klebsiella pneumoniae","strong","100","363663","705707","5645885","yes (592)","ambiguous_bases","ST5244",,"281","1","1","1","1","1","1","17","ybt 10; ICEKp4","15","3","4","3","3","7","28","3","3","3","3","-","0","-","-","-","-","-","-","-","-","-","-","-","-","-","-","-","-","-","0","-","-","-","-","-","-","-","0","-","-","-","-","-","-","0","-","-","-","-","-","1","-","-","aac(3)-IIa.v1^;strB.v1;strA.v1^;aac(6')-Ib-cr.v2","-","-","qnrB1.v2^;aac(6')-Ib-cr.v2","-","-","-","-","sul2","tet(A).v1","-","dfrA14.v2*","OXA-1*","-","CTX-M-15","-","-","SHV-28^","-","-","-","GyrA:p.Ser83Phe;GyrA:p.Asp87Ala;ParC:p.Ser80Ile","-","catB3.v1?-70%","1",,,"wzi93","KL112","unknown (KL112)","Typeable","-","99.53%","-","OL2α.1","O1αβ,2α","Typeable","-","99.19%","-"
"3MA526pMqPnbBirPCAfuqy","SAMN05960905","v3.2.4","6","Klebsiella pneumoniae","strong","72","269224","828319","5589712","yes (198)","ambiguous_bases","ST45",,"2","1","1","6","7","1","12","78","ybt 10; ICEKp4","3","12","4","11","3","21","18","3","10","16","2","-","0","-","-","-","-","-","-","-","-","-","-","-","-","-","-","-","-","-","0","-","-","-","-","-","-","-","0","-","-","-","-","-","-","0","-","-","-","-","-","1","-","-","aac(3)-IIa.v1;strB.v1*;strA.v1*","-","-","-","-","-","catII.2*","-","sul2","tet(D)","-","dfrA14.v2*","-","-","CTX-M-15","-","-","SHV-1","-","-","-","-","-","-","1",,,"wzi173","KL102","unknown (KL102)","Typeable","!","99.73%","-","OL2α.1","O2α","Typeable","-","98.97%","-"
"9cPaMjZBTZ8UuXxqxw8RB6","SAMEA6422782","v3.2.4","6","Klebsiella pneumoniae","strong","97","402150","647691","5868722","yes (592)","ambiguous_bases","ST5245",,"282","4","6","1","7","4","38","0","-","-","-","-","-","-","-","-","-","-","-","-","-","0","-","-","-","-","-","-","-","-","-","-","-","-","-","-","-","-","-","0","-","-","-","-","-","-","-","0","-","-","-","-","-","-","0","-","-","-","-","-","0","-","-","aac(3)-IIa.v1^;strB.v1;strA.v1^;aph(3')-VI;aadA2^;armA;aac(6')-Ib-cr.v2","-","-","qnrB1.v2^;aac(6')-Ib-cr.v2","-","msrE;mphE.v2^","-","-","sul1;sul2","tet(A).v1","-","dfrA12;dfrA14.v2*","OXA-1","-","CTX-M-15*","-","NDM-1","SHV-11^","SHV:p.Leu35Gln","-","-","GyrA:p.Ser83Tyr;GyrA:p.Asp87Ala;ParC:p.Ser80Ile","-","catB3.v1?-70%","2",,,"wzi420","KL10","K10","Typeable","?4","98.81%","-","OL3α/β","O3αβ","Typeable","?3","99.34%","-"
"9UbPm98MQKPEXCjhgM6XyT","SAMN41988736","v3.2.4","6","Klebsiella pneumoniae","strong","51","397739","892292","5457158","yes (595)","ambiguous_bases","ST86",,"9","4","2","1","1","1","27","0","-","-","-","-","-","-","-","-","-","-","-","-","-","0","-","-","-","-","-","-","-","-","-","-","-","-","-","-","-","-","-","1","iuc 1","1","1","1","1","1","-","1","iro 1","1","1","1","1","-","26-1LV","rmp 1; KpVP-1","2*","2","2","-","3","-","rmpA2_8-60%","strB.v1*;strA.v1*","-","-","-","-","-","catII.2*","-","sul2","-","-","dfrA14.v2*","-","-","-","-","-","SHV-1^","-","-","-","-","-","-","0",,,"wzi2","KL2","K2","Typeable","-","99.83%","-","OL2α.1","O1αβ,2α","Typeable","-","99.30%","-"
"bAvZYPTTZB28fNDnWSoNzb","SAMEA6654233","v3.2.4","6","Klebsiella pneumoniae","strong","92","237446","888188","5585167","yes (605)","ambiguous_bases","ST17",,"2","1","1","1","4","4","4","230-1LV","ybt 15; ICEKp11","6","15","22","4","1","37","34*","14","1","4","17","-","0","-","-","-","-","-","-","-","-","-","-","-","-","-","-","-","-","-","0","-","-","-","-","-","-","-","0","-","-","-","-","-","-","0","-","-","-","-","-","1","-","-","aac(3)-IId^;strB.v1;aph3-Ia.v1;strA.v1^;aadA2","-","-","qnrS1","-","-","-","-","sul2*","tet(A).v1;tet(G).v1","-","dfrA12","-","-","CTX-M-15","-","OXA-181","SHV-11^","SHV:p.Leu35Gln","-","-","-","-","rmtB*?-0%;sul1?-63%","2",,,"wzi141","KL25","K25","Typeable","?3!","99.67%","-","OL5","O5","Typeable","-","98.19%","-"
"44GGVE1Y8qV6RnvZ2QmjzV","SAMEA7472474","v3.2.4","6","Klebsiella pneumoniae","strong","419","22279","93936","5268839","yes (14651)","ambiguous_bases","ST464-1LV",,"-","5","2","1","26","1","2","277-4LV","ybt 16; ICEKp12 (truncated)","6","15","5","4*","11","33*-66%","23*-88%","2","11","4","2*-0%","fyuA_262*-0%;fyuA_272*-0%;fyuA_273*-0%","0","-","-","-","-","-","-","-","-","-","-","-","-","-","-","-","-","-","0","-","-","-","-","-","-","-","0","-","-","-","-","-","-","0","-","-","-","-","-","1","fyuA_262*0%;fyuA_272*0%;fyuA_273*0%","-","-","-","-","-","-","-","-","-","-","-","-","-","-","-","-","-","NDM-7","-","-","OmpK35:p.Ser91fs","-","GyrA:p.Ser83Tyr;GyrA:p.Asp87Ala;ParC:p.Ser80Ile","-","catB3.v1?-70%;OXA-1?-0%","2",,,"-","KL53","K53","Typeable","?4","99.88%","-","OL2α.1","O1αβ,2α","Typeable","-","99.22%","-"
"3FuWbd6iGPmGnVZZcGZyfs","SAMEA111504613","v3.2.4","6","Klebsiella pneumoniae","strong","85","271608","770551","5697955","yes (605)","ambiguous_bases","ST147",,"3","4","6","1","7","4","38","173-2LV","ybt 9; ICEKp3","5","11","6","5","1","293","318","9","5","5","11","-","0","-","-","-","-","-","-","-","-","-","-","-","-","-","-","-","-","-","0","-","-","-","-","-","-","-","0","-","-","-","-","-","-","0","-","-","-","-","-","1","-","-","aph(3')-Ia;aadA13;aac(6')-Ib-cr.v2","-","-","qnrS1;aac(6')-Ib-cr.v2","-","-","catB3.v2","arr-3","sul1","-","-","-","OXA-1","-","CTX-M-15","-","NDM-1","SHV-11^","SHV:p.Leu35Gln","OmpK35:p.Arg60fs","-","GyrA:p.Ser83Ile;ParC:p.Ser80Ile","-","-","2",,,"wzi64","KL64","K64","Typeable","-","100.00%","-","OL2α.1","O2α","Typeable","?2","99.15%","-"
"vHGvxrKSaFxeGXjF6BdbxC","SAMN05960872","v3.2.4","6","Klebsiella pneumoniae","strong","86","181912","700825","5563069","yes (196)","ambiguous_bases","ST25",,"2","1","1","1","10","4","13","0","-","-","-","-","-","-","-","-","-","-","-","-","-","0","-","-","-","-","-","-","-","-","-","-","-","-","-","-","-","-","-","0","-","-","-","-","-","-","-","0","-","-","-","-","-","-","0","-","-","-","-","-","0","-","-","aac(3)-IIa.v1;strB.v1*;strA.v1*","-","-","-","-","-","catII.2*","-","sul2","-","-","dfrA14.v2*","-","-","CTX-M-15","-","-","SHV-11^","SHV:p.Leu35Gln","-","-","-","-","-","1",,,"wzi72","KL2","K2","Typeable","-","99.56%","-","OL2α.2","O1αβ,2β","Typeable","-","99.55%","-"
"7uKY2qaZYWVBwzpDeBiFfs","SAMEA4785004","v3.2.4","6","Klebsiella pneumoniae","strong","134","235540","577061","5722012","yes (1081)","ambiguous_bases","ST4",,"3","1","1","1","3","3","1","0","-","-","-","-","-","-","-","-","-","-","-","-","-","0","-","-","-","-","-","-","-","-","-","-","-","-","-","-","-","-","-","0","-","-","-","-","-","-","-","0","-","-","-","-","-","-","0","-","-","-","-","-","0","-","-","aac(3)-IIa.v1^;strB.v1;strA.v1^;aph(3')-VI;aadA2^;armA;aac(6')-Ib-cr.v2","-","-","qnrB1.v2^;aac(6')-Ib-cr.v2","-","msrE;mphE.v2^","catII.2*","-","sul1;sul2","tet(A).v1;tet(D)","-","dfrA12;dfrA14.v2*","OXA-1","-","CTX-M-15","-","NDM-1","SHV-11^","SHV:p.Leu35Gln","-","-","-","-","catB3.v1?-70%","2",,,"wzi62","KL62","K62","Typeable","?2!","99.82%","-","OL2α.1","O1αβ,2α","Typeable","-","98.87%","-"
"8VpgMT25T3vC3CQ4msverS","SAMEA6155812","v3.2.4","6","Klebsiella pneumoniae","strong","87","321748","510170","5763060","yes (782)","ambiguous_bases","ST25",,"2","1","1","1","10","4","13","277","ybt 16; ICEKp12","6","15","5","4","11","33","23","2","11","4","2","-","0","-","-","-","-","-","-","-","-","-","-","-","-","-","-","-","-","-","0","-","-","-","-","-","-","-","0","-","-","-","-","-","-","0","-","-","-","-","-","1","-","-","aac(3)-IIa.v1^;strB.v1;aph3-Ia.v1^;aac(6')-Ib-cr.v2","-","-","qnrB1.v2^;qnrS1;aac(6')-Ib-cr.v2","-","-","catA1*","-","sul1;sul2","tet(D)","-","dfrA14.v2*;dfrA15.v2","LAP-2;OXA-1","-","CTX-M-15","-","-","SHV-1^","-","-","-","-","-","strA.v1?-0%;catB3.v1?-70%","1",,,"wzi72","KL2","K2","Typeable","?2!","99.58%","-","OL2α.2","O1αβ,2β","Typeable","-","99.55%","-"
"rXmjdxBcV3RiCYQcFLAVpe","SAMEA5753702","v3.2.4","6","Klebsiella pneumoniae","strong","79","360803","705265","5516768","yes (100)","ambiguous_bases","ST3109",,"25","4","1","1","20","1","22","463-1LV","ybt 4; plasmid (truncated)","75","34","37","44","47","104*-74%","227","25","23","45","118","-","0","-","-","-","-","-","-","-","-","-","-","-","-","-","-","-","-","-","0","-","-","-","-","-","-","-","0","-","-","-","-","-","-","0","-","-","-","-","-","1","-","-","-","-","-","-","-","-","-","-","-","-","-","-","-","-","-","-","-","SHV-25","SHV:p.Leu35Gln","-","-","-","-","-","0",,,"wzi465","KL124","unknown (KL124)","Typeable","?5","97.98%","-","OL2α.1","O1αβ,2α","Typeable","-","98.90%","-"
"u5kvsKQqPhBxL934Cq9gcd","SAMEA6155867","v3.2.4","6","Klebsiella pneumoniae","strong","62","317813","631242","5629151","yes (687)","ambiguous_bases","ST15",,"1","1","1","1","1","1","1","28","ybt 10; ICEKp4","16","12","4","3","3","35","50","3","10","23","2","-","0","-","-","-","-","-","-","-","-","-","-","-","-","-","-","-","-","-","0","-","-","-","-","-","-","-","0","-","-","-","-","-","-","0","-","-","-","-","-","1","-","-","aac(3)-IIa.v1","-","-","-","-","-","-","-","-","-","-","-","SCO-1","-","CTX-M-15","-","-","SHV-28^","-","-","-","GyrA:p.Ser83Phe;GyrA:p.Asp87Ala;ParC:p.Ser80Ile","-","-","1",,,"wzi24","KL24","K24","Typeable","-","99.98%","-","OL2α.1","O1αβ,2α","Typeable","-","99.19%","-"
"iZPKFzecZEFRQ8HmNDhgjo","SAMEA6155871","v3.2.4","6","Klebsiella pneumoniae","strong","54","276100","561865","5501339","yes (793)","ambiguous_bases","ST86",,"9","4","2","1","1","1","27","0","-","-","-","-","-","-","-","-","-","-","-","-","-","0","-","-","-","-","-","-","-","-","-","-","-","-","-","-","-","-","-","1","iuc 1","1","1","1","1","1","-","1","iro 1","1","1","1","1","-","28-1LV","rmp 1; KpVP-1","15","2","2*","-","3","-","rmpA2_8-60%","aac(3)-IIa.v1^;aadA^;aac(6')-Ib-cr.v2","-","-","qnrB2.v1^;aac(6')-Ib-cr.v2","-","-","-","-","sul1;sul1^;sul2","-","-","dfrA15.v2","OXA-1","-","CTX-M-15","-","-","SHV-1^","-","-","-","-","strB.v1?-0%","catB3.v1?-70%","1",,,"wzi2","KL2","K2","Typeable","-","99.87%","-","OL2α.1","O1αβ,2α","Typeable","-","99.30%","-"
"mkvUGFdMkBi4RkyhgK68qy","SAMEA6155800","v3.2.4","6","Klebsiella pneumoniae","strong","41","492036","896141","5401670","yes (1079)","ambiguous_bases","ST281",,"7","1","5","46","1","1","84","0","-","-","-","-","-","-","-","-","-","-","-","-","-","0","-","-","-","-","-","-","-","-","-","-","-","-","-","-","-","-","-","0","-","-","-","-","-","-","-","0","-","-","-","-","-","-","0","-","-","-","-","-","0","-","-","strB.v1","-","-","-","-","-","-","-","sul2","tet(A).v1^","-","dfrA14.v2","-","-","-","-","-","SHV-108","SHV:p.Leu35Gln","-","-","-","-","strA.v1*?-66%","0",,,"wzi64","KL64","K64","Typeable","-","99.92%","-","OL2α.1","O1αβ,2α","Typeable","-","99.08%","-"
"9CCiQRuF1iiXJcym6A21J5","SAMEA5753767","v3.2.4","6","Klebsiella pneumoniae","strong","72","231756","893423","5175473","yes (388)","ambiguous_bases","ST1419",,"2","1","2","1","10","1","112","0","-","-","-","-","-","-","-","-","-","-","-","-","-","0","-","-","-","-","-","-","-","-","-","-","-","-","-","-","-","-","-","0","-","-","-","-","-","-","-","0","-","-","-","-","-","-","0","-","-","-","-","-","0","-","-","-","-","-","-","-","-","-","-","-","-","-","-","-","-","-","-","-","SHV-71","SHV:p.Ala146Val","-","-","-","-","-","0",,,"-","KL133","unknown (KL133)","Typeable","?13","99.04%","-","OL2α.1","O2α","Typeable","-","99.37%","-"
"7wDUQTqU6GG7ibv7DvsZXW","SAMEA6422769","v3.2.4","6","Klebsiella pneumoniae","strong","66","236233","593253","5471367","yes (875)","ambiguous_bases","ST147-1LV",,"3","4","6","1","-","4","38","0","-","-","-","-","-","-","-","-","-","-","-","-","-","0","-","-","-","-","-","-","-","-","-","-","-","-","-","-","-","-","-","0","-","-","-","-","-","-","-","0","-","-","-","-","-","-","0","-","-","-","-","-","0","-","-","aac(3)-IIa.v1;strB.v1;strA.v1;aac(6')-Ib-cr.v2","-","-","aac(6')-Ib-cr.v2","-","-","-","-","-","-","-","-","OXA-1","-","CTX-M-15","-","-","SHV-11^","SHV:p.Leu35Gln","OmpK35:p.Tyr36fs","-","GyrA:p.Ser83Tyr;GyrA:p.Asp87Ala;ParC:p.Ser80Ile","-","catB3.v1?-70%","1",,,"wzi420","KL10","K10","Typeable","?3","98.99%","-","OL3α/β","O3αβ","Typeable","?3","99.37%","-"
"8akqHeZBUgH2nDjdmxK8yD","SAMN45807627","v3.2.4","6","Klebsiella pneumoniae","strong","49","471719","976174","5706432","yes (799)","ambiguous_bases","ST1788",,"2","6","160","1","226","111","299","277-1LV","ybt 16; ICEKp12","6","15","5","4","11","33","23*","2","11","4","2","-","0","-","-","-","-","-","-","-","-","-","-","-","-","-","-","-","-","-","0","-","-","-","-","-","-","-","0","-","-","-","-","-","-","0","-","-","-","-","-","1","-","-","aac(3)-IIa.v1^;strB.v1;strA.v1^;aac(6')-Ib-cr.v2","-","-","qnrB1.v2^;aac(6')-Ib-cr.v2","-","-","-","-","sul2","tet(A).v1","-","dfrA14.v2*","OXA-1","-","CTX-M-15","-","-","SHV-232","SHV:p.Leu35Gln","-","-","-","-","catB3.v1?-70%","1",,,"wzi2","KL2","K2","Typeable","!","98.47%","-","OL2α.2","O1αβ,2β","Typeable","-","99.41%","-"
"3tmGB8ktxVeLWCRwUz9d8c","SAMN05960950","v3.2.4","6","Klebsiella pneumoniae","strong","78","147090","431334","5569659","yes (296)","ambiguous_bases","ST25",,"2","1","1","1","10","4","13","595-1LV","ybt 14; ICEKp5","4","4","5","4","1","275","328","2","4","4","157","-","0","-","-","-","-","-","-","-","-","-","-","-","-","-","-","-","-","-","0","-","-","-","-","-","-","-","0","-","-","-","-","-","-","0","-","-","-","-","-","1","-","-","aac(3)-IIa.v1;strB.v1*;strA.v1*","-","-","-","-","-","catII.2*","-","sul2","tet(D)","-","dfrA14.v2*","-","-","CTX-M-15","-","-","SHV-11^","SHV:p.Leu35Gln","-","-","-","-","-","1",,,"wzi72","KL2","K2","Typeable","-","99.56%","-","OL2α.2","O1αβ,2β","Typeable","-","99.55%","-"
"8PBMxwG1U2WaAyyVedcK11","SAMEA6863335","v3.2.4","6","Klebsiella pneumoniae","strong","159","146246","404626","5854841","yes (1105)","ambiguous_bases","ST540",,"2","1","71","1","3","3","18","0","-","-","-","-","-","-","-","-","-","-","-","-","-","0","-","-","-","-","-","-","-","-","-","-","-","-","-","-","-","-","-","0","-","-","-","-","-","-","-","0","-","-","-","-","-","-","0","-","-","-","-","-","0","-","-","aac(3)-IIa.v1^;aadA^;aph(3')-VI;aadA2^;aac(6')-Ib-cr.v2","-","-","qnrS1;aac(6')-Ib-cr.v2","-","msrE*;mphE.v2","catA1*","-","sul1","tet(A).v1*","-","dfrA12;dfrA15.v2","LAP-2;OXA-1","-","CTX-M-15","-","NDM-1","-","-","OmpK35:p.Lys95fs","-","-","-","armA?-0%;catB3.v1?-70%","2",,,"wzi33","KL64","K64","Typeable","?5","99.67%","-","OL2α.2","O1αβ,2β","Typeable","-","99.24%","-"
"hfQYsRNWpdeZBK7B1g76BR","SAMEA7472393","v3.2.4","6","Klebsiella pneumoniae","strong","26","477730","863314","5079802","yes (595)","ambiguous_bases","ST815",,"2","1","2","1","7","1","12","0","-","-","-","-","-","-","-","-","-","-","-","-","-","0","-","-","-","-","-","-","-","-","-","-","-","-","-","-","-","-","-","0","-","-","-","-","-","-","-","0","-","-","-","-","-","-","0","-","-","-","-","-","0","-","-","-","-","-","-","-","-","-","-","-","-","-","-","-","-","-","-","-","SHV-214*","-","-","-","-","-","-","0",,,"wzi46","KL13","Capsule null","Typeable","?3!","99.66%","-","OL2α.1","O1αβ,2α","Typeable","-","98.97%","-"
"jj5m1fz4JbfRLGmD548WR6","SAMEA6654214","v3.2.4","6","Klebsiella pneumoniae","strong","93","212189","382858","5596311","yes (1129)","ambiguous_bases","ST25",,"2","1","1","1","10","4","13","277","ybt 16; ICEKp12","6","15","5","4","11","33","23","2","11","4","2","-","0","-","-","-","-","-","-","-","-","-","-","-","-","-","-","-","-","-","0","-","-","-","-","-","-","-","0","-","-","-","-","-","-","0","-","-","-","-","-","1","-","-","aac(3)-IIa.v1^;strB.v1;aph3-Ia.v1^;strA.v1;aac(6')-Ib-cr.v2","-","-","qnrS1;aac(6')-Ib-cr.v2","-","-","catA1*","-","sul1;sul2","tet(D)","-","dfrA15.v2","LAP-2;OXA-1*","-","CTX-M-15","-","-","SHV-11^","SHV:p.Leu35Gln","OmpK35:p.Gly134fs","-","-","-","catB3.v1?-70%","1",,,"wzi72","KL2","K2","Typeable","?2","99.59%","-","OL2α.2","O1αβ,2β","Typeable","-","99.51%","-"
"kYMbynLb8HU4zrcBkbYkH9","SAMN36884879","v3.2.4","6","Klebsiella pneumoniae","strong","82","204266","512850","5882255","yes (196)","ambiguous_bases","ST3248",,"4","1","2","209","1","1","7","277","ybt 16; ICEKp12","6","15","5","4","11","33","23","2","11","4","2","-","0","-","-","-","-","-","-","-","-","-","-","-","-","-","-","-","-","-","0","-","-","-","-","-","-","-","0","-","-","-","-","-","-","0","-","-","-","-","-","1","-","-","aac(3)-IIa.v1*;strB.v1;strA.v1^;aadA^;aac(6')-Ib-cr.v2","-","-","aac(6')-Ib-cr.v2","-","-","catA1*","-","sul2","tet(A).v1","-","dfrA14.v2*;dfrA15.v2","OXA-1","-","CTX-M-15","-","-","SHV-28^","-","-","-","GyrA:p.Ser83Ile;ParC:p.Ser80Ile","-","qnrB1.v2?-0%;qnrB2.v1?-0%;sul1?-0%;catB3.v1?-70%","1",,,"-","KL102","unknown (KL102)","Typeable","-","99.64%","-","OL2α.2","O2β","Typeable","-","99.13%","-"
"sAw5HbYFaHi6GVG2gyUbGW","SAMEA6422744","v3.2.4","6","Klebsiella pneumoniae","strong","43","484219","1298811","5619442","yes (491)","ambiguous_bases","ST307",,"4","1","2","52","1","1","7","0","-","-","-","-","-","-","-","-","-","-","-","-","-","0","-","-","-","-","-","-","-","-","-","-","-","-","-","-","-","-","-","0","-","-","-","-","-","-","-","0","-","-","-","-","-","-","0","-","-","-","-","-","0","-","-","aac(3)-IIa.v1^;strB.v1;strA.v1^;aac(6')-Ib-cr.v2","-","-","qnrB1.v2^;aac(6')-Ib-cr.v2","-","-","-","-","sul2","tet(A).v1","-","dfrA14.v2*","OXA-1","-","CTX-M-15","-","-","SHV-28^","-","-","-","GyrA:p.Ser83Ile;ParC:p.Ser80Ile","-","catB3.v1*?-70%","1",,,"wzi173","KL102","unknown (KL102)","Typeable","-","99.66%","-","OL2α.2","O2β","Typeable","-","99.13%","-"
"w5Ju2HjwAnSNu2zaZLcPe5","SAMEA5753488","v3.2.4","6","Klebsiella pneumoniae","strong","81","171928","370778","5413245","yes (692)","ambiguous_bases","ST968",,"2","3","2","37","4","1","15","0","-","-","-","-","-","-","-","-","-","-","-","-","-","0","-","-","-","-","-","-","-","-","-","-","-","-","-","-","-","-","-","0","-","-","-","-","-","-","-","0","-","-","-","-","-","-","0","-","-","-","-","-","0","-","-","-","-","-","-","-","-","-","-","-","-","-","-","-","-","-","-","-","SHV-1","-","-","-","-","-","-","0",,,"wzi5","KL5","K5","Typeable","-","99.96%","-","OL2α.1","O1αβ,2α","Typeable","-","98.90%","-"
"o7ZNphmQDDp6U23oNmT1F6","SAMEA8515143","v3.2.4","6","Klebsiella pneumoniae","strong","129","132833","333086","5701705","yes (496)","ambiguous_bases","ST464",,"2","5","2","1","26","1","2","277-1LV","ybt 16; ICEKp12","6","15","5","4","11","33","23*","2","11","4","2","-","0","-","-","-","-","-","-","-","-","-","-","-","-","-","-","-","-","-","0","-","-","-","-","-","-","-","0","-","-","-","-","-","-","0","-","-","-","-","-","1","-","-","aac(3)-IIa.v1^;aadA^;aac(6')-Ib-cr.v2","-","-","qnrB2.v1^;aac(6')-Ib-cr.v2","-","-","-","-","-","tet(A).v1","-","dfrA15.v2","OXA-1","-","CTX-M-15","-","NDM-7","SHV-38","SHV:p.Ala146Val","OmpK35:p.Ser91fs","-","GyrA:p.Ser83Tyr;GyrA:p.Asp87Ala;ParC:p.Ser80Ile","-","sul1?-0%;catB3.v1?-70%","2",,,"-","KL53","K53","Typeable","?4","99.89%","-","OL2α.1","O1αβ,2α","Typeable","!","99.29%","-"
"dP2G69R9JYhdUHH1QF2v2w","SAMN05960915","v3.2.4","6","Klebsiella pneumoniae","strong","69","263308","576472","5641711","yes (397)","ambiguous_bases","ST14",,"1","6","1","1","1","1","1","351-2LV","ybt 10; ICEKp4","3","12","145","66","3","137","433","3","10","60","2","-","0","-","-","-","-","-","-","-","-","-","-","-","-","-","-","-","-","-","0","-","-","-","-","-","-","-","0","-","-","-","-","-","-","0","-","-","-","-","-","1","-","-","aac(3)-IIa.v1;aadA1.v1^","-","-","-","-","-","-","-","sul1^;sul2","tet(A).v1","-","dfrA1.v2","-","-","CTX-M-15","-","-","SHV-28^","-","-","-","-","-","SCO-1?-0%","1",,,"wzi396","KL174","unknown (KL174)","Typeable","-","99.93%","-","OL2α.2","O1αβ,2β","Typeable","-","98.64%","-"
"iwi5npfx9osTxgTVKTk87T","SAMN05960887","v3.2.4","6","Klebsiella pneumoniae","strong","67","378880","932735","5363361","yes (100)","ambiguous_bases","ST16",,"2","1","2","1","4","4","4","0","-","-","-","-","-","-","-","-","-","-","-","-","-","0","-","-","-","-","-","-","-","-","-","-","-","-","-","-","-","-","-","0","-","-","-","-","-","-","-","0","-","-","-","-","-","-","0","-","-","-","-","-","0","-","-","strB.v1;strA.v1","-","-","-","-","-","catA1*","-","sul2","tet(D)","-","dfrA5","-","-","-","-","-","-","-","-","-","-","-","SHV-129?-60%;SHV-193?-0%","0",,,"wzi99","KL128","unknown (KL128)","Typeable","-","99.95%","-","OL3γ","O3γ","Typeable","-","99.62%","-"
"oocPAdbbXbiWBWdWg7aYuk","SAMEA5753766","v3.2.4","6","Klebsiella pneumoniae","strong","113","202012","355907","5347131","yes (197)","ambiguous_bases","ST1401",,"2","1","1","1","9","1","4","0","-","-","-","-","-","-","-","-","-","-","-","-","-","0","-","-","-","-","-","-","-","-","-","-","-","-","-","-","-","-","-","0","-","-","-","-","-","-","-","0","-","-","-","-","-","-","0","-","-","-","-","-","0","-","-","-","-","-","-","-","-","-","-","-","-","-","-","-","-","-","-","-","SHV-26","-","-","-","-","-","-","0",,,"wzi224","KL49","Capsule null","Typeable","?3-+!","99.70%","KL49_15;KL49_14_wcpF","OL13","O13","Typeable","-","97.64%","OL13_09_glycosylhydrolase"
"ce21hb7zojMnor7zg5sWZa","SAMEA6155863","v3.2.4","6","Klebsiella pneumoniae","strong","60","406725","733279","5544908","yes (595)","ambiguous_bases","ST101",,"2","6","1","5","4","1","6","172-1LV","ybt 9; ICEKp3","5","11","6","5","1","25","78","9","5","5","11","-","0","-","-","-","-","-","-","-","-","-","-","-","-","-","-","-","-","-","0","-","-","-","-","-","-","-","0","-","-","-","-","-","-","0","-","-","-","-","-","1","-","-","aac(3)-IIa.v1^;aadA*;aac(6')-Ib-cr.v2","-","-","qnrB1.v1;aac(6')-Ib-cr.v2","-","ereA2*","cmlA5;catII.2*","arr-2","sul1*","tet(A).v1","-","dfrA14.v2*","OXA-1","-","CTX-M-15","-","-","SHV-1^","-","-","-","GyrA:p.Ser83Tyr;GyrA:p.Asp87Ala;ParC:p.Ser80Ile","-","catB3.v1?-70%","1",,,"wzi137","KL17","K17","Typeable","-","100.00%","-","OL2α.1","O1αβ,2α","Typeable","-","98.92%","-"
"sjbJuWVDRiDDqNnEJyPAkY","SAMEA6654247","v3.2.4","6","Klebsiella pneumoniae","strong","98","479625","1186275","5778450","yes (607)","ambiguous_bases","ST17",,"2","1","1","1","4","4","4","230-1LV","ybt 15; ICEKp11","6","15","22","4","1","37","34*","14","1","4","17","-","0","-","-","-","-","-","-","-","-","-","-","-","-","-","-","-","-","-","0","-","-","-","-","-","-","-","0","-","-","-","-","-","-","0","-","-","-","-","-","1","-","-","aac(3)-IId^;strB.v1;aph3-Ia.v1;strA.v1^;aadA2;rmtB","-","-","qnrS1","-","-","catII.2*","-","sul2*","tet(A).v1;tet(G).v1","-","dfrA12;dfrA14.v2*","-","-","CTX-M-15","-","OXA-181","SHV-11^","SHV:p.Leu35Gln","-","-","-","mphA-43%","Mrx?-55%;sul1?-63%","2",,,"wzi141","KL25","K25","Typeable","!","99.63%","-","OL5","O5","Typeable","-","98.19%","-"
"xdNsKsPiEWkzU1GEMC1i6m","SAMN05960884","v3.2.4","6","Klebsiella pneumoniae","strong","105","145831","346999","5228977","yes (196)","ambiguous_bases","ST1035",,"4","1","1","26","1","1","4","0","-","-","-","-","-","-","-","-","-","-","-","-","-","0","-","-","-","-","-","-","-","-","-","-","-","-","-","-","-","-","-","0","-","-","-","-","-","-","-","0","-","-","-","-","-","-","0","-","-","-","-","-","0","-","-","aadA2","-","-","-","-","-","catA1^","-","sul1;sul2","-","-","dfrA16.v2","-","-","-","-","-","SHV-1^","-","-","-","-","-","fosA7*?-0%","0",,,"wzi116","KL57","K57","Typeable","?4","98.29%","-","OL2α.2","O1αβ,2β","Typeable","?2","98.97%","-"
"jas4phQXkagxhCyPHioY9i","SAMN36884874","v3.2.4","6","Klebsiella pneumoniae","strong","188","137165","379874","5919073","yes (392)","ambiguous_bases","ST252",,"2","5","1","1","9","1","6","0","-","-","-","-","-","-","-","-","-","-","-","-","-","0","-","-","-","-","-","-","-","-","-","-","-","-","-","-","-","-","-","0","-","-","-","-","-","-","-","0","-","-","-","-","-","-","0","-","-","-","-","-","0","-","-","aac(3)-IIa.v1^;aph3-Ia.v1^;aac(6')-Ib-cr.v2","-","-","qnrB2.v1^;aac(6')-Ib-cr.v2","-","Mrx;mphA","-","-","sul1","-","-","dfrA15.v2","OXA-1","-","CTX-M-15","-","-","SHV-1^","-","-","-","-","-","catB3.v1?-70%;fosA7*?-0%","1",,,"wzi81","KL81","K81","Typeable","-","100.00%","-","OL2α.2","O1αβ,2β","Typeable","-","99.15%","-"
"mRcHS7TgKD2g46yZERJDdp","SAMEA7472503","v3.2.4","6","Klebsiella pneumoniae","strong","76","260020","528795","5515171","yes (329)","ambiguous_bases","ST3248",,"4","1","2","209","1","1","7","0","-","-","-","-","-","-","-","-","-","-","-","-","-","0","-","-","-","-","-","-","-","-","-","-","-","-","-","-","-","-","-","0","-","-","-","-","-","-","-","0","-","-","-","-","-","-","0","-","-","-","-","-","0","-","-","aac(3)-IIa.v1^;strB.v1;strA.v1^;aac(6')-Ib-cr.v2","-","-","qnrB1.v2^;aac(6')-Ib-cr.v2","-","-","-","-","sul2","tet(A).v1","-","dfrA14.v2*","OXA-1","-","CTX-M-15","-","-","SHV-28^","-","-","-","GyrA:p.Ser83Ile;ParC:p.Ser80Ile","-","catB3.v1?-70%","1",,,"wzi173","KL102","unknown (KL102)","Typeable","?5","99.63%","-","OL2α.2","O2β","Typeable","-","99.13%","-"
"27Ru2zdMwBbPvcvNupdnRx","SAMEA7472473","v3.2.4","6","Klebsiella pneumoniae","strong","132","84234","259080","5387779","yes (7787)","ambiguous_bases","ST17",,"2","1","1","1","4","4","4","0","-","-","-","-","-","-","-","-","-","-","-","-","-","0","-","-","-","-","-","-","-","-","-","-","-","-","-","-","-","-","-","0","-","-","-","-","-","-","-","0","-","-","-","-","-","-","0","-","-","-","-","-","0","-","-","strB.v1;strA.v1^","-","-","qnrS1","-","-","catII.2*","-","sul1;sul2*","tet(A).v1","-","dfrA1.v1","LAP-2","-","CTX-M-14","-","-","SHV-11^","SHV:p.Leu35Gln","-","-","-","-","-","1",,,"wzi360","KL122","unknown (KL122)","Typeable","?2","99.96%","-","OL2α.2","O2β","Typeable","-","99.15%","-"
"eR5kicJVi4tWZdTzoSQtoD","SAMEA6155828","v3.2.4","6","Klebsiella pneumoniae","strong","72","274682","752317","5517407","yes (595)","ambiguous_bases","ST15",,"1","1","1","1","1","1","1","28-1LV","ybt 10; ICEKp4","16","12","4","3*","3","35","50","3","10","23","2","-","0","-","-","-","-","-","-","-","-","-","-","-","-","-","-","-","-","-","0","-","-","-","-","-","-","-","0","-","-","-","-","-","-","0","-","-","-","-","-","1","-","-","aac(3)-IId^;strB.v1;aph3-Ia.v1^;strA.v1^;aadA5","-","-","-","-","Mrx;mphA","catII.2*","-","sul1;sul2","tet(A).v1","-","dfrA17","-","-","-","-","-","SHV-28^","-","-","-","GyrA:p.Ser83Phe;GyrA:p.Asp87Ala;ParC:p.Ser80Ile","-","TEM-117?-0%","0",,,"wzi24","KL24","K24","Typeable","-","99.98%","-","OL2α.1","O1αβ,2α","Typeable","-","99.19%","-"
"1FuNVd4tgXsAV9NYkp4824","SAMEA6155882","v3.2.4","6","Klebsiella pneumoniae","strong","48","430432","1123607","5578893","yes (695)","ambiguous_bases","ST307",,"4","1","2","52","1","1","7","0","-","-","-","-","-","-","-","-","-","-","-","-","-","0","-","-","-","-","-","-","-","-","-","-","-","-","-","-","-","-","-","0","-","-","-","-","-","-","-","0","-","-","-","-","-","-","0","-","-","-","-","-","0","-","-","aac(3)-IIa.v1;strB.v1*;strA.v1*","-","-","-","-","-","catII.2*","-","sul2","tet(D)","-","dfrA14.v2*","-","-","CTX-M-15","-","-","SHV-28^","-","-","-","GyrA:p.Ser83Ile;ParC:p.Ser80Ile","-","-","1",,,"wzi173","KL102","unknown (KL102)","Typeable","-","99.66%","-","OL2α.2","O2β","Typeable","-","99.13%","-"
"c4GTL4K9vYXFBPKGyxKQ4X","SAMEA7472440","v3.2.4","6","Klebsiella pneumoniae","strong","117","212241","616197","5645794","yes (409)","ambiguous_bases","ST20",,"2","3","1","1","4","4","4","0","-","-","-","-","-","-","-","-","-","-","-","-","-","0","-","-","-","-","-","-","-","-","-","-","-","-","-","-","-","-","-","0","-","-","-","-","-","-","-","0","-","-","-","-","-","-","0","-","-","-","-","-","0","-","-","aadA2^;aph(3')-VI*;armA","-","-","-","-","msrE*;mphE.v2^","-","-","sul1","tet(D)","-","dfrA12;dfrA5","-","-","CTX-M-15","-","NDM-1","SHV-187","-","-","-","-","-","-","2",,,"wzi84","KL28","K28","Typeable","-","99.80%","-","OL2α.2","O1αβ,2β","Typeable","-","99.07%","-"
"u7J4WButML2okadV4zrfkY","SAMEA5753741","v3.2.4","6","Klebsiella pneumoniae","strong","100","178615","513409","5215456","yes (407)","ambiguous_bases","ST3268",,"4","3","3","1","20","25","25","0","-","-","-","-","-","-","-","-","-","-","-","-","-","0","-","-","-","-","-","-","-","-","-","-","-","-","-","-","-","-","-","0","-","-","-","-","-","-","-","0","-","-","-","-","-","-","0","-","-","-","-","-","0","-","-","-","-","-","-","-","-","-","-","-","-","-","-","-","-","-","-","-","SHV-119","SHV:p.Leu35Gln","-","-","-","-","-","0",,,"wzi298","KL148","unknown (KL148)","Typeable","?5-+!","98.28%","KL148_08;KL148_06_wzc;KL148_11;KL148_13_wzx;KL148_10;KL148_12_wbaZ;KL148_05_wzb;KL148_09_wcuP;KL148_07_wcaJ","OL12","O12","Typeable","?5-","98.98%","OL12_05_wbbL"
"qFjC5wtsMs7Mx9esCZwse4","SAMN36884872","v3.2.4","6","Klebsiella pneumoniae","strong","79","284542","705952","5411676","yes (298)","ambiguous_bases","ST15",,"1","1","1","1","1","1","1","0","-","-","-","-","-","-","-","-","-","-","-","-","-","0","-","-","-","-","-","-","-","-","-","-","-","-","-","-","-","-","-","0","-","-","-","-","-","-","-","0","-","-","-","-","-","-","0","-","-","-","-","-","0","-","-","aac(3)-IIa.v1^;strB.v1;strA.v1;aadA^;aac(6')-Ib-cr.v2","-","-","qnrS1;aac(6')-Ib-cr.v2","-","-","catA1*","-","sul1^","tet(D)","-","dfrA15.v2;dfrA5","LAP-2;OXA-1","-","CTX-M-15","-","-","SHV-28^","-","-","-","GyrA:p.Ser83Phe;GyrA:p.Asp87Ala;ParC:p.Ser80Ile","-","catB3.v1?-70%","1",,,"wzi19","KL19","K19","Typeable","-","98.04%","-","OL2α.2","O1αβ,2β","Typeable","-","100.00%","-"
"kJNnXoD8vixEUPVE2DqeAz","SAMEA6155835","v3.2.4","6","Klebsiella pneumoniae","strong","59","695741","1488500","5736525","yes (692)","ambiguous_bases","ST1801",,"2","1","1","26","3","5","54","0","-","-","-","-","-","-","-","-","-","-","-","-","-","0","-","-","-","-","-","-","-","-","-","-","-","-","-","-","-","-","-","0","-","-","-","-","-","-","-","0","-","-","-","-","-","-","0","-","-","-","-","-","0","-","-","aac(3)-IIa.v1^;strB.v1;strA.v1^;aac(6')-Ib-cr.v2","-","-","qnrB1.v2^;aac(6')-Ib-cr.v2","-","-","catA1*","-","sul2","-","-","dfrA14.v2*","OXA-1","-","CTX-M-15","-","-","SHV-11^","SHV:p.Leu35Gln","-","-","-","-","catB3.v1?-70%;fosA7*?-0%","1",,,"wzi433","KL35","K35","Typeable","-","99.69%","-","OL2α.1","O1αβ,2α","Typeable","-","98.97%","-"
"7v9Nq4PcZg5wXgoxJUe8Yn","SAMN05960951","v3.2.4","6","Klebsiella pneumoniae","strong","48","502957","775991","5326469","yes (294)","ambiguous_bases","ST1658",,"2","1","11","1","9","1","112","0","-","-","-","-","-","-","-","-","-","-","-","-","-","0","-","-","-","-","-","-","-","-","-","-","-","-","-","-","-","-","-","0","-","-","-","-","-","-","-","0","-","-","-","-","-","-","0","-","-","-","-","-","0","-","-","-","-","-","-","-","-","-","-","-","-","-","-","-","-","-","-","-","SHV-1","-","-","-","-","-","-","0",,,"-","KL19","K19","Typeable","-","98.01%","-","OL3γ","O3γ","Typeable","-","99.75%","-"
"5D1JBtLHpQK42J1vJ8DXSP","SAMN05960923","v3.2.4","6","Klebsiella pneumoniae","strong","67","232199","536163","5343571","yes (99)","ambiguous_bases","ST8",,"4","1","1","1","1","5","6","0","-","-","-","-","-","-","-","-","-","-","-","-","-","0","-","-","-","-","-","-","-","-","-","-","-","-","-","-","-","-","-","0","-","-","-","-","-","-","-","0","-","-","-","-","-","-","0","-","-","-","-","-","0","-","-","aadA1.v1^","-","-","-","-","-","-","-","sul1","-","-","dfrA1.v2","-","-","-","-","-","SHV-1^","-","-","-","-","-","-","0",,,"wzi59","KL3","K3","Typeable","!","99.66%","-","OL2α.2","O1αβ,2β","Typeable","-","99.09%","-"
"kzMniy1Ghag8qUvFLaDQKa","SAMEA5753701","v3.2.4","6","Klebsiella pneumoniae","strong","118","137072","325440","5455955","yes (198)","ambiguous_bases","ST3108",,"2","2","1","1","7","1","24","0","-","-","-","-","-","-","-","-","-","-","-","-","-","0","-","-","-","-","-","-","-","-","-","-","-","-","-","-","-","-","-","0","-","-","-","-","-","-","-","0","-","-","-","-","-","-","0","-","-","-","-","-","0","-","-","-","-","-","-","-","-","-","-","-","-","-","-","-","-","-","-","-","SHV-11^","SHV:p.Leu35Gln","-","-","-","-","-","0",,,"wzi194","KL108","unknown (KL108)","Typeable","?5","99.19%","-","OL2α.2","O1αβ,2β","Typeable","-","99.07%","-"
"tz3KKQTzSeRctTL127zPKF","SAMEA6654223","v3.2.4","6","Klebsiella pneumoniae","strong","55","479625","1813725","5754451","yes (298)","ambiguous_bases","ST17",,"2","1","1","1","4","4","4","230-1LV","ybt 15; ICEKp11","6","15","22","4","1","37","34*","14","1","4","17","-","0","-","-","-","-","-","-","-","-","-","-","-","-","-","-","-","-","-","0","-","-","-","-","-","-","-","0","-","-","-","-","-","-","0","-","-","-","-","-","1","-","-","strB.v1*;strA.v1^;rmtB","-","-","qnrS1","-","Mrx;mphA","catII.2*","-","sul2*","tet(A).v1;tet(G).v1","-","dfrA14.v2*","-","-","CTX-M-15","-","OXA-181","SHV-11^","SHV:p.Leu35Gln","-","-","-","-","-","2",,,"wzi141","KL25","K25","Typeable","!","99.63%","-","OL5","O5","Typeable","-","98.19%","-"
"82eR6GZey3tNBaqHGtxGzw","SAMEA6654238","v3.2.4","6","Klebsiella pneumoniae","strong","94","298609","897023","5762738","yes (498)","ambiguous_bases","ST17",,"2","1","1","1","4","4","4","230-1LV","ybt 15; ICEKp11","6","15","22","4","1","37","34*","14","1","4","17","-","0","-","-","-","-","-","-","-","-","-","-","-","-","-","-","-","-","-","0","-","-","-","-","-","-","-","0","-","-","-","-","-","-","0","-","-","-","-","-","1","-","-","aac(3)-IId^;aph3-Ia.v1;strA.v1^;aadA2;rmtB","-","-","qnrS1","-","Mrx;mphA","catII.2*","-","-","tet(A).v1;tet(G).v1","-","dfrA12;dfrA14.v2*","-","-","CTX-M-15","-","OXA-181","SHV-11^","SHV:p.Leu35Gln","-","-","-","strB.v1?-0%","sul2*?-0%;sul1?-63%","2",,,"wzi141","KL25","K25","Typeable","?5","99.84%","-","OL5","O5","Typeable","-","98.19%","-"
"8bSGN5wekQSzMu67jP73ZP","SAMEA111505114","v3.2.4","6","Klebsiella pneumoniae","strong","66","307847","634833","5562415","yes (1066)","ambiguous_bases","ST307",,"4","1","2","52","1","1","7","183","ybt 9; ICEKp3","5","11","6","5","1","25","37","9","5","5","11","-","0","-","-","-","-","-","-","-","-","-","-","-","-","-","-","-","-","-","0","-","-","-","-","-","-","-","0","-","-","-","-","-","-","0","-","-","-","-","-","1","-","-","strB.v1;strA.v1^;aac(6')-Ib-cr.v2","-","-","aac(6')-Ib-cr.v2","-","-","-","-","sul2","-","-","dfrA14.v2*","OXA-1","-","CTX-M-15","-","-","SHV-28^","-","-","-","GyrA:p.Ser83Ile;ParC:p.Ser80Ile","-","catB3.v1?-70%","1",,,"wzi173","KL102","unknown (KL102)","Typeable","-","99.59%","-","OL2α.2","O2β","Typeable","-","99.13%","-"
"tG6acDHGobY51suiQSFBKX","SAMEA6654236","v3.2.4","6","Klebsiella pneumoniae","strong","98","271408","546509","5581547","yes (300)","ambiguous_bases","ST17",,"2","1","1","1","4","4","4","230-1LV","ybt 15; ICEKp11","6","15","22","4","1","37","34*","14","1","4","17","-","0","-","-","-","-","-","-","-","-","-","-","-","-","-","-","-","-","-","0","-","-","-","-","-","-","-","0","-","-","-","-","-","-","0","-","-","-","-","-","1","-","-","aac(3)-IId^;strB.v1;aph3-Ia.v1*;strA.v1^;aadA2;rmtB","-","-","qnrS1","-","-","-","-","sul2*","tet(A).v1;tet(G).v1","-","dfrA12*","-","-","CTX-M-15","-","OXA-181","SHV-11^","SHV:p.Leu35Gln","-","-","-","-","sul1?-63%","2",,,"wzi141","KL25","K25","Typeable","?5","98.11%","-","OL5","O5","Typeable","-","98.19%","-"
"mZ82Nevx73s1WDbcNDRULC","SAMEA4785010","v3.2.4","6","Klebsiella pneumoniae","strong","117","233396","513445","5980523","yes (1187)","ambiguous_bases","ST147",,"3","4","6","1","7","4","38","173-2LV","ybt 9; ICEKp3","5","11","6","5","1","293","318","9","5","5","11","-","0","-","-","-","-","-","-","-","-","-","-","-","-","-","-","-","-","-","0","-","-","-","-","-","-","-","0","-","-","-","-","-","-","0","-","-","-","-","-","1","-","-","aac(3)-IIa.v1^;aph(3')-Ia;aadA13;aac(6')-Ib-cr.v2","-","-","qnrB2.v1^;qnrS1;aac(6')-Ib-cr.v2","-","-","-","arr-3","sul1;sul1^","-","-","dfrA15.v2","OXA-9.v1;OXA-1","-","CTX-M-15","-","NDM-1","SHV-11^","SHV:p.Leu35Gln","OmpK35:p.Arg60fs","-","GyrA:p.Ser83Ile;ParC:p.Ser80Ile","aadA?-86%","catB3.v1?-70%;catB3.v2?-0%","2",,,"wzi64","KL64","K64","Typeable","-","100.00%","-","OL2α.1","O2α","Typeable","-","99.03%","-"
"k9JCAPMxurzSKXmtzZYL5T","SAMEA6654225","v3.2.4","6","Klebsiella pneumoniae","strong","108","360493","923810","5746053","yes (496)","ambiguous_bases","ST17",,"2","1","1","1","4","4","4","230-1LV","ybt 15; ICEKp11","6","15","22","4","1","37","34*","14","1","4","17","-","0","-","-","-","-","-","-","-","-","-","-","-","-","-","-","-","-","-","0","-","-","-","-","-","-","-","0","-","-","-","-","-","-","0","-","-","-","-","-","1","-","-","aac(3)-IId^;strB.v1*;aph3-Ia.v1;strA.v1^;aadA2;rmtB","-","-","qnrS1","-","-","-","-","sul2*","tet(A).v1;tet(G).v1","-","dfrA12","-","-","CTX-M-15","-","OXA-181","SHV-11^","SHV:p.Leu35Gln","-","-","-","-","sul1?-63%","2",,,"wzi141","KL25","K25","Typeable","?5-","99.82%","KL25_11_wcuB","OL5","O5","Typeable","-","98.19%","-"
"vGtJVDvJbXimrzWLDFZdXQ","SAMN36884885","v3.2.4","6","Klebsiella pneumoniae","strong","53","376052","1399491","5493294","yes (100)","ambiguous_bases","ST70",,"2","6","17","1","20","10","25","195","ybt 8; ICEKp9","5","11","6","5","1","99","138","9","29","5","79","-","0","-","-","-","-","-","-","-","-","-","-","-","-","-","-","-","-","-","0","-","-","-","-","-","-","-","0","-","-","-","-","-","-","0","-","-","-","-","-","1","-","-","aac(3)-IIa.v1^;strA.v1^;aac(6')-Ib-cr.v2","-","-","qnrB1.v2^;aac(6')-Ib-cr.v2","-","-","-","-","sul2","-","-","dfrA14.v2*","OXA-1","-","CTX-M-15","-","-","SHV-32","SHV:p.Gly156Asp","-","-","-","aph(6)-Id.v2?-84%","catB3.v1?-70%","1",,,"wzi123","KL136","unknown (KL136)","Typeable","-","99.88%","-","OL2α.2","O1αβ,2β","Typeable","-","99.18%","-"
"tRwz3rgZ949fz2WZhyGu7T","SAMEA111505140","v3.2.4","6","Klebsiella pneumoniae","strong","58","216824","681358","5368951","yes (1461)","ambiguous_bases","ST2457-1LV",,"2","1","2","6","101","1","13","0","-","-","-","-","-","-","-","-","-","-","-","-","-","0","-","-","-","-","-","-","-","-","-","-","-","-","-","-","-","-","-","0","-","-","-","-","-","-","-","33-2LV","iro 4 (truncated)","25","33*-4%","12","15","-","0","-","-","-","-","-","0","-","-","-","-","-","-","-","-","-","-","-","-","-","-","-","-","-","-","-","SHV-1^","-","-","-","-","-","-","0",,,"wzi552","KL186","unknown (KL186)","Typeable","-","99.96%","-","OL14","unknown (OL14)","Typeable","-!","95.08%","OL14_08_wzt;OL14_07_wzm;OL14_05_wbbL;OL14_06_rhamnan"
"tCDM3F6zSTTBUgKunyb8sH","SAMEA6422765","v3.2.4","6","Klebsiella pneumoniae","strong","64","323818","536312","5495504","yes (1281)","ambiguous_bases","ST17",,"2","1","1","1","4","4","4","0","-","-","-","-","-","-","-","-","-","-","-","-","-","0","-","-","-","-","-","-","-","-","-","-","-","-","-","-","-","-","-","0","-","-","-","-","-","-","-","0","-","-","-","-","-","-","0","-","-","-","-","-","0","-","-","aac(3)-IIa.v1;strA.v1*","-","-","qnrS1","-","-","-","-","sul2","-","-","dfrA14.v2*","-","TEM-30","CTX-M-15","-","-","SHV-11^","SHV:p.Leu35Gln","-","-","-","-","-","1",,,"wzi2","KL2","K2","Typeable","-","99.83%","-","OL2α.1","O2α","Typeable","-","100.00%","-"
"2Zgx7whbCctjN9tBdvUggB","SAMEA111505130","v3.2.4","6","Klebsiella pneumoniae","strong","40","294745","491610","5154378","yes (1777)","ambiguous_bases","ST2729",,"3","5","4","181","9","4","177","0","-","-","-","-","-","-","-","-","-","-","-","-","-","0","-","-","-","-","-","-","-","-","-","-","-","-","-","-","-","-","-","0","-","-","-","-","-","-","-","0","-","-","-","-","-","-","0","-","-","-","-","-","0","-","-","-","-","-","-","-","-","-","-","-","-","-","-","-","-","-","-","-","SHV-28^","-","-","-","GyrA:p.Ser83Ile;ParC:p.Ser80Ile","-","-","0",,,"wzi50","KL52","K52","Typeable","-","99.89%","-","OL10","O10","Typeable","-","97.72%","-"
"d9CdBxjfAoMmmG61oZuuKN","SAMN05960946","v3.2.4","6","Klebsiella pneumoniae","strong","152","159321","573651","5785752","yes (100)","ambiguous_bases","ST12",,"6","3","1","1","12","1","4","0","-","-","-","-","-","-","-","-","-","-","-","-","-","0","-","-","-","-","-","-","-","-","-","-","-","-","-","-","-","-","-","0","-","-","-","-","-","-","-","0","-","-","-","-","-","-","0","-","-","-","-","-","0","-","-","aac(3)-IIa.v1^;aadA^;aac(6')-Ib-cr.v2","-","-","qnrS1;aac(6')-Ib-cr.v2","-","-","-","-","sul2","tet(A).v1","-","dfrA1.v2;dfrA15.v2","OXA-1","-","CTX-M-15","-","-","SHV-11^","SHV:p.Leu35Gln","-","-","-","strB.v1?-0%","strA.v1?-0%;sul1?-0%;catB3.v1*?-70%","1",,,"wzi88","KL157","unknown (KL157)","Typeable","?2!","99.82%","-","OL2α.1","O2α","Typeable","-","98.95%","-"
"xpuYKKN33xUwEFEHcYNxrv","SAMEA7472471","v3.2.4","6","Klebsiella pneumoniae","strong","103","320116","738451","5802970","yes (596)","ambiguous_bases","ST4410",,"2","6","1","3","26","1","36","586-1LV","ybt 14; ICEKp12","4","4","5","4","1","27","251*","95","4","4","2","-","0","-","-","-","-","-","-","-","-","-","-","-","-","-","-","-","-","-","0","-","-","-","-","-","-","-","0","-","-","-","-","-","-","0","-","-","-","-","-","1","-","-","aac(3)-IId^;strB.v1*;strA.v1*;aadA2^;armA;aac(6')-Ib-cr.v2","-","-","qnrB1.v1;aac(6')-Ib-cr.v2","-","msrE*;mphE.v2^","-","-","sul1;sul2","-","-","dfrA12;dfrA14.v2*","-","-","CTX-M-15","-","NDM-1","SHV-1^","-","-","-","GyrA:p.Ser83Ile;ParC:p.Ser80Ile","OXA-1*-4%","catB3.v1?-70%","2",,,"wzi180","KL116","unknown (KL116)","Typeable","?4!","99.93%","-","OL2α.1","O1αβ,2α","Typeable","-","99.19%","-"
"gWctNQwWhVx3SHvoycbz5o","SAMEA6654241","v3.2.4","6","Klebsiella pneumoniae","strong","70","427451","1142761","5762609","yes (529)","ambiguous_bases","ST17",,"2","1","1","1","4","4","4","230-1LV","ybt 15; ICEKp11","6","15","22","4","1","37","34*","14","1","4","17","-","0","-","-","-","-","-","-","-","-","-","-","-","-","-","-","-","-","-","0","-","-","-","-","-","-","-","0","-","-","-","-","-","-","0","-","-","-","-","-","1","-","-","aac(3)-IId^;strB.v1;aph3-Ia.v1;aadA2;rmtB","-","-","qnrS1","-","Mrx;mphA","catII.2*","-","-","tet(A).v1;tet(G).v1","-","dfrA12;dfrA14.v2*","-","-","CTX-M-15","-","OXA-181","SHV-11^","SHV:p.Leu35Gln","-","-","-","strA.v1*?-0%","sul2*?-0%;sul1?-63%","2",,,"wzi141","KL25","K25","Typeable","!","99.63%","-","OL5","O5","Typeable","-","98.19%","-"
"mrbKzGk1dyjdEhyvwp9UH5","SAMEA111505142","v3.2.4","6","Klebsiella pneumoniae","strong","90","177679","690254","5608589","yes (1035)","ambiguous_bases","ST6337",,"4","1","2","209","1","1","38","0","-","-","-","-","-","-","-","-","-","-","-","-","-","0","-","-","-","-","-","-","-","-","-","-","-","-","-","-","-","-","-","0","-","-","-","-","-","-","-","0","-","-","-","-","-","-","0","-","-","-","-","-","0","-","-","strB.v1;strA.v1^;aac(6')-Ib-cr.v2","-","-","qnrB1.v2^;aac(6')-Ib-cr.v2","-","-","-","-","sul2","tet(A).v1","-","dfrA14.v2*","OXA-1","-","CTX-M-15","-","-","SHV-28^","-","-","-","GyrA:p.Ser83Ile;ParC:p.Ser80Ile","-","catB3.v1?-70%","1",,,"wzi420","KL10","K10","Typeable","?5+","98.87%","-","OL3α/β","O3αβ","Typeable","?3","99.34%","-"
"vPnNvNW6p1ALprg57MTF4k","SAMEA6654230","v3.2.4","6","Klebsiella pneumoniae","strong","50","479624","1482129","5586992","yes (595)","ambiguous_bases","ST17",,"2","1","1","1","4","4","4","230-1LV","ybt 15; ICEKp11","6","15","22","4","1","37","34*","14","1","4","17","-","0","-","-","-","-","-","-","-","-","-","-","-","-","-","-","-","-","-","0","-","-","-","-","-","-","-","0","-","-","-","-","-","-","0","-","-","-","-","-","1","-","-","aac(3)-IId^;strB.v1;aph3-Ia.v1;strA.v1^;aadA2;rmtB","-","-","qnrS1","-","-","-","-","sul2*","tet(A).v1;tet(G).v1","-","dfrA12","-","-","CTX-M-15","-","OXA-181","SHV-11^","SHV:p.Leu35Gln","-","-","-","-","sul1?-63%","2",,,"wzi141","KL25","K25","Typeable","!","99.63%","-","OL5","O5","Typeable","-","98.19%","-"
"3A34G7y3D2ARzcjgdhtEqr","SAMEA5753802","v3.2.4","6","Klebsiella pneumoniae","strong","70","224319","453737","5187962","yes (197)","ambiguous_bases","ST1962",,"2","1","65","1","240","4","43","0","-","-","-","-","-","-","-","-","-","-","-","-","-","0","-","-","-","-","-","-","-","-","-","-","-","-","-","-","-","-","-","0","-","-","-","-","-","-","-","0","-","-","-","-","-","-","0","-","-","-","-","-","0","-","-","-","-","-","-","-","-","-","-","-","-","-","-","-","-","-","-","-","SHV-110^","SHV:p.Leu35Gln;SHV:p.Gly156Asp","-","-","-","-","-","0",,,"wzi468","KL14","K14","Typeable","?13+","99.90%","-","OL3γ","O3γ","Typeable","?2","100.00%","-"
"ep4NAxRxYEM4xd8FEHYC6d","SAMEA6654239","v3.2.4","6","Klebsiella pneumoniae","strong","129","289716","711053","5747942","yes (529)","ambiguous_bases","ST17",,"2","1","1","1","4","4","4","230-1LV","ybt 15; ICEKp11","6","15","22","4","1","37","34*","14","1","4","17","-","0","-","-","-","-","-","-","-","-","-","-","-","-","-","-","-","-","-","0","-","-","-","-","-","-","-","0","-","-","-","-","-","-","0","-","-","-","-","-","1","-","-","strB.v1*;aph3-Ia.v1;strA.v1^;aadA2;rmtB","-","-","qnrS1","-","Mrx?;mphA","catII.2*","-","sul2*","tet(A).v1;tet(G).v1","-","dfrA12*;dfrA14.v2*","-","-","CTX-M-15","-","OXA-181","SHV-11^","SHV:p.Leu35Gln","-","-","-","-","sul1?-63%","2",,,"wzi141","KL25","K25","Typeable","?4!","99.65%","-","OL5","O5","Typeable","-","98.19%","-"
"2HLjQ9mr1jyR9L4XFAeF9E","SAMEA5753724","v3.2.4","6","Klebsiella pneumoniae","strong","109","236602","459722","5573707","yes (298)","ambiguous_bases","ST152",,"2","3","2","1","1","4","56","463-2LV","ybt 4; plasmid","75","34","37","44","47","202","232","25","23","45","118","-","0","-","-","-","-","-","-","-","-","-","-","-","-","-","-","-","-","-","0","-","-","-","-","-","-","-","0","-","-","-","-","-","-","0","-","-","-","-","-","1","-","-","-","-","-","-","-","-","-","-","-","-","-","-","-","-","-","-","-","SHV-1^","-","-","-","-","-","-","0",,,"wzi394","KL153","unknown (KL153)","Typeable","?9-","99.95%","KL153_09_wcuC;KL153_16_wctI","OL2α.2","O2β","Typeable","?3","99.11%","-"
"fstHdZDYbS5mHrCxcBxm1p","SAMN05960945","v3.2.4","6","Klebsiella pneumoniae","strong","135","171472","573343","5787433","yes (197)","ambiguous_bases","ST12",,"6","3","1","1","12","1","4","0","-","-","-","-","-","-","-","-","-","-","-","-","-","0","-","-","-","-","-","-","-","-","-","-","-","-","-","-","-","-","-","0","-","-","-","-","-","-","-","0","-","-","-","-","-","-","0","-","-","-","-","-","0","-","-","aac(3)-IIa.v1^;strB.v1;aac(6')-Ib-cr.v2","-","-","qnrS1;aac(6')-Ib-cr.v2","-","-","-","-","sul2","tet(A).v1","-","dfrA1.v2;dfrA15.v2","OXA-1","-","CTX-M-15","-","-","SHV-11^","SHV:p.Leu35Gln","-","-","-","-","aadA?-76%;strA.v1?-0%;sul1?-0%;catB3.v1*?-70%","1",,,"wzi88","KL157","unknown (KL157)","Typeable","?2!","99.82%","-","OL2α.1","O2α","Typeable","-","98.95%","-"
"cn2BAN2ymgY9j4cHSULQco","SAMEA6422774","v3.2.4","6","Klebsiella pneumoniae","strong","38","399908","1295630","5593129","yes (491)","ambiguous_bases","ST307",,"4","1","2","52","1","1","7","0","-","-","-","-","-","-","-","-","-","-","-","-","-","0","-","-","-","-","-","-","-","-","-","-","-","-","-","-","-","-","-","0","-","-","-","-","-","-","-","0","-","-","-","-","-","-","0","-","-","-","-","-","0","-","-","aac(3)-IIa.v1^;strB.v1;strA.v1^;aac(6')-Ib-cr.v2","-","-","qnrB1.v2^;aac(6')-Ib-cr.v2","-","-","-","-","sul2","tet(A).v1","-","dfrA14.v2*","OXA-1","-","CTX-M-15","-","-","SHV-28^","-","-","-","GyrA:p.Ser83Ile;ParC:p.Ser80Ile","-","catB3.v1?-70%","1",,,"wzi173","KL102","unknown (KL102)","Typeable","-","99.66%","-","OL2α.2","O2β","Typeable","-","99.13%","-"
"65GXWu7971WMZfcK6f2yRL","SAMEA6654221","v3.2.4","6","Klebsiella pneumoniae","strong","44","438887","1216169","5591824","yes (409)","ambiguous_bases","ST17",,"2","1","1","1","4","4","4","230-1LV","ybt 15; ICEKp11","6","15","22","4","1","37","34*","14","1","4","17","-","0","-","-","-","-","-","-","-","-","-","-","-","-","-","-","-","-","-","0","-","-","-","-","-","-","-","0","-","-","-","-","-","-","0","-","-","-","-","-","1","-","-","aac(3)-IId^;strB.v1;aph3-Ia.v1;strA.v1^;aadA2;rmtB","-","-","qnrS1","-","-","-","-","sul2*","tet(A).v1;tet(G).v1","-","dfrA12","-","-","CTX-M-15","-","OXA-181","SHV-11^","SHV:p.Leu35Gln","-","-","-","-","sul1?-63%","2",,,"wzi141","KL25","K25","Typeable","!","99.63%","-","OL5","O5","Typeable","-","98.19%","-"
"1X3RHR1R9T3bHHmdytUUzm","SAMEA4785006","v3.2.4","6","Klebsiella pneumoniae","strong","124","198610","371477","5696826","yes (896)","ambiguous_bases","ST15",,"1","1","1","1","1","1","1","0","-","-","-","-","-","-","-","-","-","-","-","-","-","0","-","-","-","-","-","-","-","-","-","-","-","-","-","-","-","-","-","0","-","-","-","-","-","-","-","0","-","-","-","-","-","-","0","-","-","-","-","-","0","-","-","aac(3)-IIa.v1^;strB.v1*;strA.v1*;aadA2^;aadA*;aac(6')-Ib-cr.v2*","-","-","aac(6')-Ib-cr.v2*","-","Mrx;mphA","catII.2*","-","sul1;sul2","-","-","dfrA12;dfrA14.v2*","OXA-1","-","CTX-M-15","-","NDM-1","SHV-28^","-","-","-","GyrA:p.Ser83Phe;GyrA:p.Asp87Ala;ParC:p.Ser80Ile","-","catB3.v1?-70%;OXA-9.v1?-57%","2",,,"wzi151","KL48","K48","Typeable","?4","97.66%","-","OL2α.1","O1αβ,2α","Typeable","-","98.71%","-"
"o27LtUbbnM7sAbWc5HMNwp","SAMEA5753798","v3.2.4","6","Klebsiella pneumoniae","strong","49","379755","745623","5147326","yes (96)","ambiguous_bases","ST1662",,"4","1","1","1","3","44","4","0","-","-","-","-","-","-","-","-","-","-","-","-","-","0","-","-","-","-","-","-","-","-","-","-","-","-","-","-","-","-","-","0","-","-","-","-","-","-","-","0","-","-","-","-","-","-","0","-","-","-","-","-","0","-","-","-","-","-","-","-","-","-","-","-","-","-","-","-","-","-","-","-","SHV-217","-","-","-","-","-","-","0",,,"wzi324","KL63","K63","Typeable","?10+!","95.55%","-","OL3γ","O3γ","Typeable","?5","99.76%","-"
"3ETZnCVSXG1XhYMeJg44uh","SAMEA6422762","v3.2.4","6","Klebsiella pneumoniae","strong","64","247995","543006","5532432","yes (497)","ambiguous_bases","ST15",,"1","1","1","1","1","1","1","183-3LV","ybt 9; ICEKp3","5","11*","6","5","1","25*","37","9","5","5*","11","-","0","-","-","-","-","-","-","-","-","-","-","-","-","-","-","-","-","-","0","-","-","-","-","-","-","-","0","-","-","-","-","-","-","0","-","-","-","-","-","1","-","-","strB.v1;strA.v1^","-","-","-","-","-","-","-","sul2*","tet(B).v2*;tet(D);tetR","-","dfrA14.v2*","-","-","-","-","-","SHV-28^","-","-","-","GyrA:p.Ser83Phe;GyrA:p.Asp87Ala;ParC:p.Ser80Ile","-","-","0",,,"-","KL48","K48","Typeable","!","97.79%","-","OL2α.1","O1αβ,2α","Typeable","-","98.71%","-"
"96cksz4WjidZG4XXudpBGN","SAMN05960955","v3.2.4","6","Klebsiella pneumoniae","strong","59","290493","669742","5462475","yes (196)","ambiguous_bases","ST716",,"71","1","1","2","16","4","164","561-1LV","ybt 14; ICEKp12","4","4","5","4","64","27","251","95","115","4","2","-","0","-","-","-","-","-","-","-","-","-","-","-","-","-","-","-","-","-","0","-","-","-","-","-","-","-","0","-","-","-","-","-","-","0","-","-","-","-","-","1","-","-","aac(3)-IIa.v1^;strB.v1;strA.v1^;aac(6')-Ib-cr.v2","-","-","qnrB1.v2^;aac(6')-Ib-cr.v2","-","-","-","-","sul2","tet(A).v1","-","dfrA14.v2*","OXA-1","-","CTX-M-15","-","-","SHV-27","SHV:p.Gly156Asp","-","-","-","-","catB3.v1?-70%","1",,,"wzi89","KL110","unknown (KL110)","Typeable","-","99.69%","-","OL2α.1","O2α","Typeable","-","99.16%","-"
"saQY2KcQvxx3dmBCmfJKbA","SAMEA6155911","v3.2.4","6","Klebsiella pneumoniae","strong","91","209816","387172","5423864","yes (580)","ambiguous_bases","ST340",,"3","3","1","1","1","1","18","0","-","-","-","-","-","-","-","-","-","-","-","-","-","0","-","-","-","-","-","-","-","-","-","-","-","-","-","-","-","-","-","0","-","-","-","-","-","-","-","0","-","-","-","-","-","-","0","-","-","-","-","-","0","-","-","aac(3)-IId^;strB.v1*;strA.v1*;aadA2","-","-","qnrS1","-","-","catII.2*","-","sul1;sul2","tet(D)","-","dfrA12;dfrA14.v2*","-","-","CTX-M-15","-","OXA-181","SHV-11","SHV:p.Leu35Gln","-","-","GyrA:p.Ser83Ile;GyrA:p.Asp87Asn;ParC:p.Ser80Ile","-","TEM-117?-0%","2",,,"wzi50","KL15","K15","Typeable","-","99.98%","-","OL4","O4","Typeable","-","99.49%","-"
"4CEinHPjbqftRKokEeVUgV","SAMEA115925720","v3.2.4","6","Klebsiella pneumoniae","strong","132","165598","621391","5594380","yes (595)","ambiguous_bases","ST15-1LV",,"1","1","1","1","1","1","1*","17-2LV","ybt 10; ICEKp4","15","3","4","3","3*","7","28*","3","3","3","3","-","0","-","-","-","-","-","-","-","-","-","-","-","-","-","-","-","-","-","0","-","-","-","-","-","-","-","0","-","-","-","-","-","-","0","-","-","-","-","-","1","-","-","aac(3)-IIa.v1^;strB.v1;strA.v1^;aac(6')-Ib-cr.v2","-","-","qnrB1.v2^;aac(6')-Ib-cr.v2","-","-","-","-","sul2","tet(A).v1","-","dfrA14.v2*","OXA-1*","-","CTX-M-15","-","-","SHV-106*","-","-","-","GyrA:p.Ser83Phe;GyrA:p.Asp87Ala;ParC:p.Ser80Ile","-","catB3.v1?-70%","1",,,"wzi93","KL112","unknown (KL112)","Typeable","-","99.53%","-","OL2α.1","O1αβ,2α","Typeable","-","99.16%","-"
"6mvRGZipdvWcmDtzSe6mMc","SAMEA4785018","v3.2.4","6","Klebsiella pneumoniae","strong","104","232141","402106","5874475","yes (992)","ambiguous_bases","ST147",,"3","4","6","1","7","4","38","280","ybt 16; ICEKp12","6","15","5","4","11","125","129","2","11","51","2","-","0","-","-","-","-","-","-","-","-","-","-","-","-","-","-","-","-","-","0","-","-","-","-","-","-","-","0","-","-","-","-","-","-","0","-","-","-","-","-","1","-","-","aac(3)-IIa.v1^;strB.v1;strA.v1;aph(3')-VI;aadA2^;armA;aac(6')-Ib-cr.v2","-","-","qnrS1;aac(6')-Ib-cr.v2","-","msrE;Mrx;mphA;mphE.v2^","catA1^;catII.2*","-","sul1","tet(A).v1","-","dfrA12;dfrA1.v1","OXA-1","-","CTX-M-15","-","NDM-1","SHV-229*","SHV:p.Leu35Gln","OmpK35:p.Met2fs","-","GyrA:p.Ser83Ile;ParC:p.Ser80Ile","-","catB3.v1?-70%","2",,,"wzi64","KL64","K64","Typeable","?2","99.86%","-","OL2α.1","O2α","Typeable","-","99.03%","-"
"9LPpTDMF2gYTgpLoGeYXV2","SAMEA6155889","v3.2.4","6","Klebsiella pneumoniae","strong","170","171626","477722","5684588","yes (445)","ambiguous_bases","ST502",,"2","53","3","1","10","4","18","0","-","-","-","-","-","-","-","-","-","-","-","-","-","0","-","-","-","-","-","-","-","-","-","-","-","-","-","-","-","-","-","0","-","-","-","-","-","-","-","0","-","-","-","-","-","-","0","-","-","-","-","-","0","-","-","aac(3)-IIa.v1;strB.v1;strA.v1;aadA^;aac(6')-Ib-cr.v2","-","-","qnrS1;aac(6')-Ib-cr.v2","-","-","catA1*","-","sul1^","-","-","dfrA15.v2","SCO-1;OXA-1","-","CTX-M-15","-","-","SHV-62","SHV:p.Leu35Gln","-","-","-","-","catB3.v1?-70%","1",,,"wzi50","KL15","K15","Typeable","-","99.93%","-","OL4","O4","Typeable","-","99.56%","-"
"vkdwdm7JH34D88Q6BcT7eq","SAMEA8515150","v3.2.4","6","Klebsiella pneumoniae","strong","97","217096","484823","5654510","yes (597)","ambiguous_bases","ST464",,"2","5","2","1","26","1","2","277-1LV","ybt 16; ICEKp12","6","15","5","4","11","33","23*","2","11","4","2","-","0","-","-","-","-","-","-","-","-","-","-","-","-","-","-","-","-","-","0","-","-","-","-","-","-","-","0","-","-","-","-","-","-","0","-","-","-","-","-","1","-","-","aac(3)-IIa.v1^;aadA^;aac(6')-Ib-cr.v2","-","-","qnrB2.v1^;aac(6')-Ib-cr.v2","-","-","-","-","-","tet(A).v1","-","dfrA15.v2","OXA-1","-","CTX-M-15","-","NDM-7","SHV-38","SHV:p.Ala146Val","OmpK35:p.Ser91fs","-","GyrA:p.Ser83Tyr;GyrA:p.Asp87Ala;ParC:p.Ser80Ile","-","sul1?-0%;catB3.v1?-70%","2",,,"-","KL53","K53","Typeable","?2","99.90%","-","OL2α.1","O1αβ,2α","Typeable","-","99.22%","-"
"1c7a62n9V8BQPaEkvjMDc4","SAMN05960942","v3.2.4","6","Klebsiella pneumoniae","strong","139","171472","709009","5785680","no","-","ST12",,"6","3","1","1","12","1","4","0","-","-","-","-","-","-","-","-","-","-","-","-","-","0","-","-","-","-","-","-","-","-","-","-","-","-","-","-","-","-","-","0","-","-","-","-","-","-","-","0","-","-","-","-","-","-","0","-","-","-","-","-","0","-","-","aac(3)-IIa.v1^;aac(6')-Ib-cr.v2","-","-","qnrS1;aac(6')-Ib-cr.v2","-","-","-","-","sul2","tet(A).v1","-","dfrA1.v2;dfrA15.v2","OXA-1","-","CTX-M-15","-","-","SHV-11^","SHV:p.Leu35Gln","-","-","-","strA.v1?-0%;strB.v1?-0%","aadA?-76%;sul1?-0%;catB3.v1*?-70%","1",,,"wzi88","KL157","unknown (KL157)","Typeable","?2!","99.82%","-","OL2α.1","O2α","Typeable","-","98.95%","-"
"vcDCfmYBJncwYdGQG2mpfR","SAMEA6155886","v3.2.4","6","Klebsiella pneumoniae","strong","97","297836","552462","5764171","yes (1081)","ambiguous_bases","ST25",,"2","1","1","1","10","4","13","277","ybt 16; ICEKp12","6","15","5","4","11","33","23","2","11","4","2","-","0","-","-","-","-","-","-","-","-","-","-","-","-","-","-","-","-","-","0","-","-","-","-","-","-","-","0","-","-","-","-","-","-","0","-","-","-","-","-","1","-","-","aac(3)-IIa.v1^;strB.v1;aph3-Ia.v1^;aac(6')-Ib-cr.v2","-","-","qnrB1.v2^;qnrS1;aac(6')-Ib-cr.v2","-","-","catA1*","-","sul1;sul2","tet(D)","-","dfrA14.v2*;dfrA15.v2","LAP-2;OXA-1","-","CTX-M-15","-","-","-","-","-","-","-","-","strA.v1?-0%;catB3.v1?-70%;SHV-200?-58%","1",,,"wzi72","KL2","K2","Typeable","?2!","99.58%","-","OL2α.2","O1αβ,2β","Typeable","-","99.55%","-"
"iwr1hdHsuVcU4yvsihvFMj","SAMEA6155824","v3.2.4","6","Klebsiella pneumoniae","strong","75","222026","479482","5365000","yes (779)","ambiguous_bases","ST340",,"3","3","1","1","1","1","18","0","-","-","-","-","-","-","-","-","-","-","-","-","-","0","-","-","-","-","-","-","-","-","-","-","-","-","-","-","-","-","-","0","-","-","-","-","-","-","-","0","-","-","-","-","-","-","0","-","-","-","-","-","0","-","-","aac(3)-IId^;strA.v1*;aadA2^","-","-","-","-","-","catII.2*","-","sul1;sul2","tet(D)","-","dfrA12","-","-","CTX-M-15","-","-","SHV-11","SHV:p.Leu35Gln","-","-","GyrA:p.Ser83Ile;GyrA:p.Asp87Asn;ParC:p.Ser80Ile","-","aph(6)-Id.v1*?-41%","1",,,"wzi50","KL15","K15","Typeable","-","99.98%","-","OL4","O4","Typeable","-","99.49%","-"
"jhNV3ZPRuaxd87WdMV1a1B","SAMEA6155790","v3.2.4","6","Klebsiella pneumoniae","strong","56","378048","520116","5577635","yes (787)","ambiguous_bases","ST307",,"4","1","2","52","1","1","7","0","-","-","-","-","-","-","-","-","-","-","-","-","-","0","-","-","-","-","-","-","-","-","-","-","-","-","-","-","-","-","-","0","-","-","-","-","-","-","-","0","-","-","-","-","-","-","0","-","-","-","-","-","0","-","-","aac(3)-IIa.v1;strB.v1*;strA.v1*","-","-","-","-","-","catII.2*","-","sul2","tet(D)","-","dfrA14.v2*","-","-","CTX-M-15","-","-","SHV-28^","-","-","-","GyrA:p.Ser83Ile;ParC:p.Ser80Ile","-","-","1",,,"wzi173","KL102","unknown (KL102)","Typeable","-","99.66%","-","OL2α.2","O2β","Typeable","-","99.13%","-"
"mhDuTKMYCV1V842nethQWY","SAMEA6155845","v3.2.4","6","Klebsiella pneumoniae","strong","100","286748","803009","5781554","yes (177)","ambiguous_bases","ST11",,"3","3","1","1","1","1","4","0","-","-","-","-","-","-","-","-","-","-","-","-","-","0","-","-","-","-","-","-","-","-","-","-","-","-","-","-","-","-","-","0","-","-","-","-","-","-","-","0","-","-","-","-","-","-","0","-","-","-","-","-","0","-","-","aac(3)-IId^;aadA16*;strB.v1*;aph3-Ia.v1^;strA.v1*;aadA^;aadA2;aac(6')-Ib-cr.v2","-","-","qnrB2.v1^;aac(6')-Ib-cr.v2","-","mef(B)","cmlA1*;catII.2*","arr-3","sul1;sul2;sul3","tetM.v2*;tet(D)^","-","dfrA27","-","-","CTX-M-15","-","-","SHV-11","SHV:p.Leu35Gln","-","-","GyrA:p.Ser83Ile;ParC:p.Ser80Ile","OXA-9.v1*-42%","qnrB66*?-0%","1",,,"wzi27","KL27","K27","Typeable","-","100.00%","-","OL2α.2","O2β","Typeable","-","99.06%","-"
"5wTxRTqNZjtEuvGGj4Mx5Y","SAMN36884882","v3.2.4","6","Klebsiella pneumoniae","strong","35","473593","1248431","5479858","yes (590)","ambiguous_bases","ST307",,"4","1","2","52","1","1","7","0","-","-","-","-","-","-","-","-","-","-","-","-","-","0","-","-","-","-","-","-","-","-","-","-","-","-","-","-","-","-","-","0","-","-","-","-","-","-","-","0","-","-","-","-","-","-","0","-","-","-","-","-","0","-","-","strB.v1;strA.v1^;aac(6')-Ib-cr.v2","-","-","qnrB1.v2^;aac(6')-Ib-cr.v2","-","-","-","-","sul2","tet(A).v1","-","dfrA14.v2*","OXA-1","-","CTX-M-15","-","-","SHV-28^","-","OmpK36:p.136_137insThrAsp","-","GyrA:p.Ser83Ile;ParC:p.Ser80Ile","-","catB3.v1?-70%","1",,,"wzi173","KL102","unknown (KL102)","Typeable","-","99.65%","-","OL2α.2","O2β","Typeable","-","99.13%","-"
"p3uE7VsE14c6D5LHnqXS1M","SAMEA7472491","v3.2.4","6","Klebsiella pneumoniae","strong","108","141997","269665","5368841","yes (457)","ambiguous_bases","ST442",,"10","20","2","1","9","11","14","0","-","-","-","-","-","-","-","-","-","-","-","-","-","0","-","-","-","-","-","-","-","-","-","-","-","-","-","-","-","-","-","0","-","-","-","-","-","-","-","0","-","-","-","-","-","-","0","-","-","-","-","-","0","-","-","aac(3)-IIa.v1^;aph(3')-VI;aadA2^;armA;aac(6')-Ib-cr.v2","-","-","aac(6')-Ib-cr.v2","-","msrE;mphE.v2^","-","-","sul1","-","-","dfrA12","OXA-1","-","-","-","NDM-1","SHV-110","SHV:p.Leu35Gln;SHV:p.Gly156Asp","OmpK35:p.Thr46fs","-","GyrA:p.Ser83Tyr;GyrA:p.Asp87Ala;ParC:p.Ser80Ile","CTX-M-15*-42%","catB3.v1?-70%","2",,,"wzi84","KL28","K28","Typeable","?4-","99.80%","KL28_08_wcuC","OL2α.1","O2α","Typeable","-","99.41%","-"
"fFWpeg8oUzsKkkvSLF3V9L","SAMEA111504608","v3.2.4","6","Klebsiella pneumoniae","strong","65","321498","494166","5533513","yes (740)","ambiguous_bases","ST70",,"2","6","17","1","20","10","25","0","-","-","-","-","-","-","-","-","-","-","-","-","-","0","-","-","-","-","-","-","-","-","-","-","-","-","-","-","-","-","-","0","-","-","-","-","-","-","-","0","-","-","-","-","-","-","0","-","-","-","-","-","0","-","-","-","-","-","-","-","-","catII.2*","-","sul2","tet(D)","-","-","-","-","-","-","-","SHV-32","SHV:p.Gly156Asp","-","-","-","-","-","0",,,"wzi162","KL122","unknown (KL122)","Typeable","-","99.87%","-","OL2α.2","O1αβ,2β","Typeable","-","99.14%","-"
"uL3CKBQ4ihoSFt3qZssevL","SAMEA111505132","v3.2.4","6","Klebsiella pneumoniae","strong","68","682352","738966","5468461","yes (278)","ambiguous_bases","ST147",,"3","4","6","1","7","4","38","0","-","-","-","-","-","-","-","-","-","-","-","-","-","0","-","-","-","-","-","-","-","-","-","-","-","-","-","-","-","-","-","0","-","-","-","-","-","-","-","0","-","-","-","-","-","-","0","-","-","-","-","-","0","-","-","aac(3)-IIa.v1^;aadA^;aac(6')-Ib-cr.v2","-","-","qnrS1*;aac(6')-Ib-cr.v2","-","-","catA1*","-","sul1","tet(A).v1","-","dfrA15.v2","LAP-2;OXA-1","-","CTX-M-15","-","-","SHV-11^","SHV:p.Leu35Gln","-","-","GyrA:p.Ser83Ile;ParC:p.Ser80Ile","-","catB3.v1?-70%","1",,,"wzi99","KL128","unknown (KL128)","Typeable","-","99.98%","-","OL3γ","O3γ","Typeable","-","99.74%","-"
"4vecoti19U8QYh9yiWeTgo","SAMEA6654213","v3.2.4","6","Klebsiella pneumoniae","strong","72","401693","551620","5614431","yes (1003)","ambiguous_bases","ST25",,"2","1","1","1","10","4","13","277","ybt 16; ICEKp12","6","15","5","4","11","33","23","2","11","4","2","-","0","-","-","-","-","-","-","-","-","-","-","-","-","-","-","-","-","-","0","-","-","-","-","-","-","-","0","-","-","-","-","-","-","0","-","-","-","-","-","1","-","-","aac(3)-IIa.v1^;strB.v1;aph3-Ia.v1^;strA.v1;aac(6')-Ib-cr.v2","-","-","qnrS1;aac(6')-Ib-cr.v2","-","-","catA1*","-","sul1;sul2","tet(D)","-","dfrA15.v2","LAP-2;OXA-1","-","CTX-M-15","-","-","SHV-11^","SHV:p.Leu35Gln","OmpK35:p.Gly134fs","-","-","-","catB3.v1?-70%","1",,,"wzi72","KL2","K2","Typeable","-","99.56%","-","OL2α.2","O1αβ,2β","Typeable","-","99.55%","-"
"fqWJ9K2QRMJH8qE2eUujtf","SAMEA7472434","v3.2.4","6","Klebsiella pneumoniae","strong","80","286753","499487","5681472","yes (407)","ambiguous_bases","ST464",,"2","5","2","1","26","1","2","277-1LV","ybt 16; ICEKp12","6","15","5","4","11","33","23*","2","11","4","2","-","0","-","-","-","-","-","-","-","-","-","-","-","-","-","-","-","-","-","0","-","-","-","-","-","-","-","0","-","-","-","-","-","-","0","-","-","-","-","-","1","-","-","-","-","-","qnrB2.v1^","-","-","-","-","sul1","tet(A).v1","-","-","-","-","CTX-M-15","-","NDM-7","SHV-38","SHV:p.Ala146Val","OmpK35:p.Ser91fs","-","GyrA:p.Ser83Tyr;GyrA:p.Asp87Ala;ParC:p.Ser80Ile","-","-","2",,,"-","KL53","K53","Typeable","?2","99.89%","-","OL2α.1","O1αβ,2α","Typeable","-","99.22%","-"
"oSeqP5cRrnXMcfoxkK8tBH","SAMEA6156052","v3.2.4","6","Klebsiella pneumoniae","strong","46","403416","822785","5523750","yes (982)","ambiguous_bases","ST342",,"2","1","1","1","1","1","100","183-1LV","ybt 9; ICEKp3","5","11","6*","5","1","25","37","9","5","5","11","-","0","-","-","-","-","-","-","-","-","-","-","-","-","-","-","-","-","-","0","-","-","-","-","-","-","-","0","-","-","-","-","-","-","0","-","-","-","-","-","1","-","-","aac(3)-IIa.v1;strB.v1*;strA.v1*","-","-","-","-","-","catII.2*","-","sul2","tet(D)","-","dfrA14.v2*","TEM-103*","-","CTX-M-15","-","-","SHV-60","SHV:p.Leu35Gln","-","-","-","-","-","1",,,"wzi276","KL30","K30","Typeable","-","97.40%","-","OL2α.2","O1αβ,2β","Typeable","-","99.31%","-"
"85P8Lz6iBLgADQsNbQj49m","SAMEA111505133","v3.2.4","6","Klebsiella pneumoniae","strong","85","143252","434596","5458830","yes (1084)","ambiguous_bases","ST215",,"2","1","38","37","10","4","18","378","ybt 15; ICEKp11","6","15","22","4","1","37","44","14","1","4","17","-","0","-","-","-","-","-","-","-","-","-","-","-","-","-","-","-","-","-","0","-","-","-","-","-","-","-","0","-","-","-","-","-","-","0","-","-","-","-","-","1","-","-","aac(3)-IIa.v1^;strB.v1;strA.v1^","-","-","qnrB1.v2^","-","-","-","-","sul2","tet(A).v1","-","dfrA14.v2*","-","-","CTX-M-15","-","-","SHV-1","-","-","-","-","-","-","1",,,"wzi247","KL16","K16","Typeable","?3","99.97%","-","OL2α.1","O1αβ,2α","Typeable","-","99.31%","-"
"sGGgYrWZsF3yCUZpU2GhEW","SAMN05960888","v3.2.4","6","Klebsiella pneumoniae","strong","45","398349","1608359","5464088","yes (395)","ambiguous_bases","ST45",,"2","1","1","6","7","1","12","78","ybt 10; ICEKp4","3","12","4","11","3","21","18","3","10","16","2","-","0","-","-","-","-","-","-","-","-","-","-","-","-","-","-","-","-","-","0","-","-","-","-","-","-","-","0","-","-","-","-","-","-","0","-","-","-","-","-","1","-","-","aac(3)-IIa.v1;strB.v1*;strA.v1*","-","-","-","-","-","catII.2*","-","sul2","tet(D)","-","dfrA14.v2*","-","-","CTX-M-15","-","-","SHV-1","-","-","-","-","-","-","1",,,"wzi149","KL62","K62","Typeable","-","99.97%","-","OL2α.1","O2α","Typeable","-","99.43%","-"
"wCwAFpJj3FF7zouFf7cV13","SAMN05960893","v3.2.4","6","Klebsiella pneumoniae","strong","48","365564","1434628","5369066","yes (199)","ambiguous_bases","ST48",,"2","5","2","2","7","1","10","0","-","-","-","-","-","-","-","-","-","-","-","-","-","0","-","-","-","-","-","-","-","-","-","-","-","-","-","-","-","-","-","0","-","-","-","-","-","-","-","0","-","-","-","-","-","-","0","-","-","-","-","-","0","-","-","aac(3)-IIa.v1;strB.v1*;strA.v1*;ant(2'')-Ia","-","-","-","-","Mrx;mphA","catII.2*","-","sul2","-","-","-","-","-","CTX-M-15;SHV-12","-","-","-","SHV:p.Leu35Gln;SHV:p.Gly238Ser;SHV:p.Glu240Lys","-","-","-","-","-","1",,,"wzi62","KL62","K62","Typeable","?2!","99.82%","-","OL2α.1","O1αβ,2α","Typeable","-","98.54%","-"
"ci5L8cj5N8sZma9eJaXag5","SAMEA5753787","v3.2.4","6","Klebsiella pneumoniae","strong","58","292679","429439","5229250","yes (100)","ambiguous_bases","ST3294",,"7","1","1","1","1","4","12","0","-","-","-","-","-","-","-","-","-","-","-","-","-","0","-","-","-","-","-","-","-","-","-","-","-","-","-","-","-","-","-","0","-","-","-","-","-","-","-","0","-","-","-","-","-","-","0","-","-","-","-","-","0","-","-","-","-","-","-","-","-","-","-","-","-","-","-","-","-","-","-","-","SHV-227","-","-","-","-","-","-","0",,,"wzi473","KL142","unknown (KL142)","Typeable","?11","99.79%","-","OL2α.1","O2α","Typeable","-","99.45%","-"
"gfuP6GHjDZQ8BgLZEcDuXt","SAMEA6654222","v3.2.4","6","Klebsiella pneumoniae","strong","65","1077093","1813724","5749545","yes (200)","ambiguous_bases","ST17",,"2","1","1","1","4","4","4","230-1LV","ybt 15; ICEKp11","6","15","22","4","1","37","34*","14","1","4","17","-","0","-","-","-","-","-","-","-","-","-","-","-","-","-","-","-","-","-","0","-","-","-","-","-","-","-","0","-","-","-","-","-","-","0","-","-","-","-","-","1","-","-","strB.v1;strA.v1^;rmtB","-","-","qnrS1","-","Mrx;mphA","catII.2*","-","sul2*","tet(A).v1;tet(G).v1","-","dfrA14.v2*","-","-","CTX-M-15","-","OXA-181","SHV-11^","SHV:p.Leu35Gln","-","-","-","-","-","2",,,"wzi141","KL25","K25","Typeable","!","99.63%","-","OL5","O5","Typeable","-","98.19%","-"
"pbk2WX17WrWWJNqoAEyhm9","SAMEA4785005","v3.2.4","6","Klebsiella pneumoniae","strong","140","214964","809003","5945822","yes (978)","ambiguous_bases","ST147",,"3","4","6","1","7","4","38","0","-","-","-","-","-","-","-","-","-","-","-","-","-","0","-","-","-","-","-","-","-","-","-","-","-","-","-","-","-","-","-","0","-","-","-","-","-","-","-","0","-","-","-","-","-","-","0","-","-","-","-","-","0","-","-","strB.v1;strA.v1^;aph(3')-VI;armA","-","-","-","-","msrE;mphE.v2^","-","-","sul1;sul2","tet(D)","-","dfrA12;dfrA14.v2*","-","-","CTX-M-15","-","NDM-1","SHV-11^","SHV:p.Leu35Gln","OmpK35:p.Val123fs","-","GyrA:p.Ser83Ile;ParC:p.Ser80Ile","aadA3*?-87%","-","2",,,"wzi29","KL106","unknown (KL106)","Typeable","+!","99.86%","-","OL2α.2","O2β","Typeable","-","99.17%","-"
"2NgpXYhueejuSuTAZyHPeh","SAMEA6155851","v3.2.4","6","Klebsiella pneumoniae","strong","72","291311","490888","5531221","yes (1177)","ambiguous_bases","ST25",,"2","1","1","1","10","4","13","0","-","-","-","-","-","-","-","-","-","-","-","-","-","0","-","-","-","-","-","-","-","-","-","-","-","-","-","-","-","-","-","0","-","-","-","-","-","-","-","0","-","-","-","-","-","-","0","-","-","-","-","-","0","-","-","aac(3)-IIa.v1^;strB.v1;aph3-Ia.v1^;strA.v1;aac(6')-Ib-cr.v2","-","-","qnrS1;aac(6')-Ib-cr.v2","-","-","catA1*","-","sul1;sul2","tet(D)","-","dfrA15.v2","LAP-2;OXA-1","-","CTX-M-15","-","-","SHV-110*?","SHV:p.Leu35Gln","-","-","-","-","catB3.v1?-70%","1",,,"wzi72","KL2","K2","Typeable","-","99.56%","-","OL2α.2","O1αβ,2β","Typeable","-","99.55%","-"
"dj8cNasQccRhPLsXQLMzjz","SAMEA7472438","v3.2.4","6","Klebsiella pneumoniae","strong","114","294288","716697","5645838","yes (508)","ambiguous_bases","ST20",,"2","3","1","1","4","4","4","0","-","-","-","-","-","-","-","-","-","-","-","-","-","0","-","-","-","-","-","-","-","-","-","-","-","-","-","-","-","-","-","0","-","-","-","-","-","-","-","0","-","-","-","-","-","-","0","-","-","-","-","-","0","-","-","aph(3')-VI;aadA2^;armA","-","-","-","-","msrE*;mphE.v2^","-","-","sul1","tet(D)","-","dfrA12;dfrA5","-","-","CTX-M-15","-","NDM-1","SHV-187","-","-","-","-","-","-","2",,,"wzi84","KL28","K28","Typeable","-","99.80%","-","OL2α.2","O1αβ,2β","Typeable","-","99.07%","-"
"obEJj5XuFzXAkKQ79jF21X","SAMN36884895","v3.2.4","6","Klebsiella pneumoniae","strong","45","245053","610426","5411443","yes (1214)","ambiguous_bases","ST48",,"2","5","2","2","7","1","10","193","ybt 9; ICEKp3","5","11","6","5","1","34","15","9","5","5","25","-","0","-","-","-","-","-","-","-","-","-","-","-","-","-","-","-","-","-","0","-","-","-","-","-","-","-","0","-","-","-","-","-","-","0","-","-","-","-","-","1","-","-","aac(3)-IIa.v1;strB.v1;aph3-Ia.v1^;strA.v1^","-","-","-","-","Mrx;mphA","-","-","sul2^","-","-","-","-","-","CTX-M-15","-","-","SHV-11^","SHV:p.Leu35Gln","-","-","-","-","-","1",,,"wzi62","KL62","K62","Typeable","?2!","99.82%","-","OL2α.1","O1αβ,2α","Typeable","-","98.54%","-"
"57nUkCKDPaeekz89J7aebq","SAMEA5753769","v3.2.4","6","Klebsiella pneumoniae","strong","149","197036","360573","5778772","yes (407)","ambiguous_bases","ST3283",,"14","3","2","1","9","1","14","463-1LV","ybt 4; plasmid (truncated)","75","34","37","44","47","532*-59%","227","25","23","45","118","-","0","-","-","-","-","-","-","-","-","-","-","-","-","-","-","-","-","-","0","-","-","-","-","-","-","-","0","-","-","-","-","-","-","0","-","-","-","-","-","1","-","-","-","-","-","-","-","-","-","-","-","-","-","-","-","-","-","-","-","SHV-38","SHV:p.Ala146Val","-","-","-","-","-","0",,,"-","KL61","K61","Untypeable","?4-*!","94.61%","KL61_07_wclQ;KL61_01_galF;KL61_02_cpsACP;KL61_05_wzb;KL61_10_wclP;KL61_09_wzy;KL61_08_wcuQ;KL61_13_wcuK;KL61_15_wcaJ;KL61_11_wzx;KL61_12_wcqZ;KL61_04_wza;KL61_06_wzc;KL61_14_wbaZ","OL3α/β","O3αβ","Typeable","-","99.74%","-"
"kQbFftPeNydrTFLKm1gTh7","SAMEA7472431","v3.2.4","6","Klebsiella pneumoniae","strong","92","160347","421015","5584687","yes (606)","ambiguous_bases","ST464",,"2","5","2","1","26","1","2","277-1LV","ybt 16; ICEKp12","6","15","5","4","11","33","23*","2","11","4","2","-","0","-","-","-","-","-","-","-","-","-","-","-","-","-","-","-","-","-","0","-","-","-","-","-","-","-","0","-","-","-","-","-","-","0","-","-","-","-","-","1","-","-","-","-","-","-","-","-","-","-","-","tet(A).v1","-","-","-","-","CTX-M-15","-","NDM-7","SHV-38","SHV:p.Ala146Val","OmpK35:p.Ser91fs","-","GyrA:p.Ser83Tyr;GyrA:p.Asp87Ala;ParC:p.Ser80Ile","-","-","2",,,"-","KL53","K53","Typeable","?3","99.90%","-","OL2α.1","O1αβ,2α","Typeable","-","99.22%","-"
"fhgmyF2yUq7AWaDrvx7pma","SAMEA6155832","v3.2.4","6","Klebsiella pneumoniae","strong","99","352676","802931","5797707","yes (685)","ambiguous_bases","ST11",,"3","3","1","1","1","1","4","0","-","-","-","-","-","-","-","-","-","-","-","-","-","0","-","-","-","-","-","-","-","-","-","-","-","-","-","-","-","-","-","0","-","-","-","-","-","-","-","0","-","-","-","-","-","-","0","-","-","-","-","-","0","-","-","aac(3)-IId^;aadA16*;strB.v1*;aph3-Ia.v1^;strA.v1*;aadA2","-","-","qnrB2.v1^","-","mef(B)","cmlA1*;catII.2*","arr-3","sul1;sul2;sul3","tetM.v2*;tet(D)^","-","dfrA15.v2;dfrA27","-","-","CTX-M-15","-","-","SHV-11","SHV:p.Leu35Gln","-","-","GyrA:p.Ser83Ile;ParC:p.Ser80Ile","OXA-9.v1*-42%;TEM-103*?-0%;aadA?-86%","qnrB66*?-0%","1",,,"wzi27","KL27","K27","Typeable","-","100.00%","-","OL2α.2","O2β","Typeable","-","99.06%","-"
"7TqRpehZ2qcivjv7zqcvTp","SAMEA7472368","v3.2.4","6","Klebsiella pneumoniae","strong","53","209243","647213","5147987","yes (399)","ambiguous_bases","ST76",,"4","1","1","1","21","1","35","0","-","-","-","-","-","-","-","-","-","-","-","-","-","0","-","-","-","-","-","-","-","-","-","-","-","-","-","-","-","-","-","0","-","-","-","-","-","-","-","0","-","-","-","-","-","-","0","-","-","-","-","-","0","-","-","-","-","-","-","-","-","-","-","-","-","-","-","-","-","-","-","-","SHV-59","-","-","-","-","-","-","0",,,"wzi102","KL31","K31","Typeable","?2-","99.58%","KL31_14_wctI;KL31_15_wzx","OL3α/β","O3αβ","Typeable","-","99.32%","-"
"vPwBSvhKtWDxodfhjCnXmP","SAMEA111505129","v3.2.4","6","Klebsiella pneumoniae","strong","68","285514","551752","5543336","yes (554)","ambiguous_bases","ST307",,"4","1","2","52","1","1","7","0","-","-","-","-","-","-","-","-","-","-","-","-","-","0","-","-","-","-","-","-","-","-","-","-","-","-","-","-","-","-","-","0","-","-","-","-","-","-","-","0","-","-","-","-","-","-","0","-","-","-","-","-","0","-","-","aac(3)-IIa.v1^;strB.v1;strA.v1^;aac(6')-Ib-cr.v2","-","-","qnrB1.v2^;aac(6')-Ib-cr.v2","-","-","-","-","sul2","tet(A).v1","-","dfrA14.v2*","OXA-1","-","CTX-M-15","-","-","SHV-28^","-","-","-","GyrA:p.Ser83Ile;ParC:p.Ser80Ile","-","catB3.v1?-70%","1",,,"wzi173","KL102","unknown (KL102)","Typeable","?5","99.70%","-","OL2α.2","O2β","Typeable","-","99.13%","-"
"jPBM7SVA1a7tG9wqKzPojF","SAMN05960894","v3.2.4","6","Klebsiella pneumoniae","strong","54","317317","581064","5368116","yes (92)","ambiguous_bases","ST48",,"2","5","2","2","7","1","10","0","-","-","-","-","-","-","-","-","-","-","-","-","-","0","-","-","-","-","-","-","-","-","-","-","-","-","-","-","-","-","-","0","-","-","-","-","-","-","-","0","-","-","-","-","-","-","0","-","-","-","-","-","0","-","-","aac(3)-IIa.v1;strB.v1*;strA.v1*;ant(2'')-Ia","-","-","-","-","Mrx;mphA","catII.2*","-","sul2","-","-","-","-","-","CTX-M-15;SHV-12","-","-","-","SHV:p.Leu35Gln;SHV:p.Gly238Ser;SHV:p.Glu240Lys","-","-","-","-","-","1",,,"wzi62","KL62","K62","Typeable","?2!","99.82%","-","OL2α.1","O1αβ,2α","Typeable","-","98.54%","-"
"ryJoVzNXJBEpGiXoCUBbzD","SAMEA5753347","v3.2.4","6","Klebsiella pneumoniae","strong","158","97995","281705","5525925","yes (393)","ambiguous_bases","ST1303",,"2","5","118","1","179","1","13","463-2LV","ybt 4; plasmid","75","34","37","44","47","204","227","25","23","67","118","-","0","-","-","-","-","-","-","-","-","-","-","-","-","-","-","-","-","-","0","-","-","-","-","-","-","-","0","-","-","-","-","-","-","0","-","-","-","-","-","1","-","-","aadA1.v1^","-","-","-","-","-","-","-","sul1","tet(A).v1","-","dfrA1.v2","-","-","-","-","-","SHV-11^","SHV:p.Leu35Gln","-","-","-","-","-","0",,,"wzi130","KL58","K58","Typeable","?10","99.69%","-","OL2α.2","O1αβ,2α","Typeable","?2!","99.57%","-"
"1a2iUfdSziZ4bAcFoFiyba","SAMEA111505135","v3.2.4","6","Klebsiella pneumoniae","strong","88","186337","359557","5427675","yes (1127)","ambiguous_bases","ST111",,"2","1","5","1","17","4","42","139-2LV","ybt 14; ICEKp5","4","4","31*","4","1","193","150","2","4","4","36","-","0","-","-","-","-","-","-","-","-","-","-","-","-","-","-","-","-","-","0","-","-","-","-","-","-","-","0","-","-","-","-","-","-","0","-","-","-","-","-","1","-","-","-","-","-","-","-","-","-","-","-","-","-","-","-","-","-","-","-","SHV-11^","SHV:p.Leu35Gln","-","-","-","-","-","0",,,"wzi63","KL63","K63","Typeable","?4","99.70%","-","OL2α.2","O1αβ,2β","Typeable","-","99.47%","-"
"56rtBCLAfwhp1Mc8VrFiSU","SAMEA6155794","v3.2.4","6","Klebsiella pneumoniae","strong","23","734148","1832966","5121964","yes (884)","ambiguous_bases","ST5241",,"2","5","399","1","4","1","4","0","-","-","-","-","-","-","-","-","-","-","-","-","-","0","-","-","-","-","-","-","-","-","-","-","-","-","-","-","-","-","-","0","-","-","-","-","-","-","-","0","-","-","-","-","-","-","0","-","-","-","-","-","0","-","-","aac(3)-IIa.v1;strA.v1*","-","-","qnrS1","-","-","-","-","sul2","tet(D)","-","dfrA14.v2*","-","-","-","-","-","SHV-1","-","-","-","-","-","-","0",,,"wzi95","KL123","unknown (KL123)","Typeable","-","97.33%","-","OL5","O5","Typeable","-","98.25%","-"
"9aiHzthWfG36nY5FfEZgt5","SAMEA6654217","v3.2.4","6","Klebsiella pneumoniae","strong","88","243315","452248","5609156","yes (820)","ambiguous_bases","ST25",,"2","1","1","1","10","4","13","277","ybt 16; ICEKp12","6","15","5","4","11","33","23","2","11","4","2","-","0","-","-","-","-","-","-","-","-","-","-","-","-","-","-","-","-","-","0","-","-","-","-","-","-","-","0","-","-","-","-","-","-","0","-","-","-","-","-","1","-","-","aac(3)-IIa.v1^;strB.v1;aph3-Ia.v1^;strA.v1;aac(6')-Ib-cr.v2","-","-","qnrS1;aac(6')-Ib-cr.v2","-","-","catA1*","-","sul1;sul2","tet(D)","-","dfrA15.v2","LAP-2;OXA-1","-","CTX-M-15","-","-","SHV-11^","SHV:p.Leu35Gln","OmpK35:p.Gly134fs","-","-","-","catB3.v1?-70%","1",,,"wzi72","KL2","Capsule null","Typeable","!","99.57%","-","OL2α.2","O1αβ,2β","Typeable","-","99.55%","-"
"tTtLMUXkFaaF2sdixGjgda","SAMN05960885","v3.2.4","6","Klebsiella pneumoniae","strong","100","259123","506784","5602333","yes (298)","ambiguous_bases","ST101",,"2","6","1","5","4","1","6","183","ybt 9; ICEKp3","5","11","6","5","1","25","37","9","5","5","11","-","0","-","-","-","-","-","-","-","-","-","-","-","-","-","-","-","-","-","0","-","-","-","-","-","-","-","0","-","-","-","-","-","-","0","-","-","-","-","-","1","-","-","aac(3)-IIa.v1^;strB.v1;aph3-Ia.v1^;strA.v1;aadA*;aac(6')-Ib'.v1","-","-","-","-","-","catII.2*","-","sul2","tet(D)","-","dfrA14.v2*","OXA-9.v1","-","CTX-M-15","-","-","SHV-1^","-","OmpK35:p.Ile61fs","-","GyrA:p.Ser83Tyr;GyrA:p.Asp87Asn;ParC:p.Ser80Ile","-","-","1",,,"wzi137","KL17","K17","Typeable","-","100.00%","-","OL2α.1","O1αβ,2α","Typeable","-","98.92%","-"
"bxRyRAsmc1ZnVJrXNYtSzs","SAMN05960930","v3.2.4","6","Klebsiella pneumoniae","strong","61","356682","1368146","5653831","yes (592)","ambiguous_bases","ST108",,"2","1","2","1","3","4","18","0","-","-","-","-","-","-","-","-","-","-","-","-","-","0","-","-","-","-","-","-","-","-","-","-","-","-","-","-","-","-","-","0","-","-","-","-","-","-","-","0","-","-","-","-","-","-","0","-","-","-","-","-","0","-","-","aac(3)-IIa.v1^;strB.v1;strA.v1^;aac(6')-Ib-cr.v2","-","-","qnrB1.v2^;aac(6')-Ib-cr.v2","-","-","-","-","sul2","-","-","dfrA14.v2*","OXA-1","-","CTX-M-15","-","-","SHV-65^","-","-","-","-","-","catB3.v1?-70%","1",,,"-","KL112","unknown (KL112)","Typeable","-","99.52%","-","OL2α.2","O2β","Typeable","-","99.18%","-"
"dzY5QotexRbxt2v6A8kejo","SAMEA5753370","v3.2.4","6","Klebsiella pneumoniae","strong","109","183596","453242","5463593","yes (195)","ambiguous_bases","ST504",,"2","1","1","1","3","3","18","463-2LV","ybt 4; plasmid","75","34","37","44","47","202","233","25","23","45","118","-","0","-","-","-","-","-","-","-","-","-","-","-","-","-","-","-","-","-","0","-","-","-","-","-","-","-","0","-","-","-","-","-","-","0","-","-","-","-","-","1","-","-","aadA1.v1^","-","-","-","-","-","-","-","sul1","tet(A).v1","-","dfrA1.v2","-","-","-","-","-","SHV-42","SHV:p.Ala25Ser","-","-","-","-","-","0",,,"wzi62","KL62","K62","Typeable","?7!","99.75%","-","OL2α.1","O1αβ,2α","Typeable","-","99.32%","-"
"iby3wEYc9KeyTJd87zTnVv","SAMN31892434","v3.2.4","6","Klebsiella pneumoniae","strong","34","472837","731663","5372145","yes (711)","ambiguous_bases","ST2159",,"4","7","1","37","177","4","6","0","-","-","-","-","-","-","-","-","-","-","-","-","-","0","-","-","-","-","-","-","-","-","-","-","-","-","-","-","-","-","-","1","iuc 1","1","1","1","1","1","-","1-1LV","iro 1","1","1","1","1*","-","26-1LV","rmp 1; KpVP-1","2","2","2*","-","3","-","rmpA2_6-60%","-","-","-","-","-","-","-","-","-","-","-","-","-","-","-","-","-","SHV-28^","-","-","-","-","-","-","0",,,"wzi128","KL1","K1","Typeable","-","99.74%","-","OL2α.2","O1αβ,2β","Typeable","-","99.39%","-"
"wUVBBmrNkX5ZbJQDo53r4F","SAMEA6155840","v3.2.4","6","Klebsiella pneumoniae","strong","78","306683","689739","5552147","yes (597)","ambiguous_bases","ST15",,"1","1","1","1","1","1","1","28-1LV","ybt 10; ICEKp4","16","12","4","3","3","35*","50","3","10","23","2","-","0","-","-","-","-","-","-","-","-","-","-","-","-","-","-","-","-","-","0","-","-","-","-","-","-","-","0","-","-","-","-","-","-","0","-","-","-","-","-","1","-","-","aac(3)-IIa.v1;strB.v1*;strA.v1*;aadA^;aac(6')-Ib-cr.v2","-","-","qnrB2.v1^;aac(6')-Ib-cr.v2","-","-","-","-","sul2","tet(D)","-","dfrA15.v2","SCO-1;OXA-1","-","CTX-M-15","-","-","SHV-28^","-","-","-","GyrA:p.Ser83Phe;GyrA:p.Asp87Ala;ParC:p.Ser80Ile","-","sul1?-0%;catB3.v1*?-70%","1",,,"wzi151","KL48","K48","Typeable","-","97.71%","-","OL2α.1","O1αβ,2α","Typeable","-","98.71%","-"
"xnrt1fvSQyjy6gwiDTPA2u","SAMEA115925718","v3.2.4","6","Klebsiella pneumoniae","strong","132","194582","651425","5819366","yes (1094)","ambiguous_bases","ST234",,"2","1","2","1","7","1","24","327-1LV","ybt 14; ICEKp5","4","4","31","4","1","114*","25","2","4","4","2","-","0","-","-","-","-","-","-","-","-","-","-","-","-","-","-","-","-","-","0","-","-","-","-","-","-","-","0","-","-","-","-","-","-","0","-","-","-","-","-","1","-","-","aac(3)-IIa.v1;strB.v1;aac(6')-Ib-cr.v2","-","-","qnrS1;aac(6')-Ib-cr.v2","-","-","catA1^","-","sul2","-","-","dfrA14.v2","OXA-1","-","CTX-M-15","-","OXA-181","SHV-27","SHV:p.Gly156Asp","-","-","-","-","strA.v1*?-66%;catB3.v1?-70%","2",,,"wzi114","KL30","K30","Typeable","-","97.38%","-","OL2α.2","O1αβ,2β","Typeable","-","99.56%","-"
"wBsYnQ5pxWiCw9S5y5GFKb","SAMEA111505131","v3.2.4","6","Klebsiella pneumoniae","strong","133","126140","420521","5443480","yes (999)","ambiguous_bases","ST964",,"41","1","1","1","7","4","87","0","-","-","-","-","-","-","-","-","-","-","-","-","-","0","-","-","-","-","-","-","-","-","-","-","-","-","-","-","-","-","-","0","-","-","-","-","-","-","-","0","-","-","-","-","-","-","0","-","-","-","-","-","0","-","-","strB.v1;strA.v1","-","-","-","-","-","-","-","sul1","-","-","dfrA5","TEM-103*","-","-","-","-","SHV-1^","-","-","-","-","-","-","0",,,"wzi74","KL103","unknown (KL103)","Typeable","?2","98.88%","-","OL2α.1","O1αβ,2α","Typeable","-","99.17%","-"
"iry46BEny3LZM3U4XPWx8a","SAMEA5753334","v3.2.4","6","Klebsiella pneumoniae","strong","171","158553","479264","5560287","no","-","ST3287",,"2","3","2","1","7","4","23","463-2LV","ybt 4; plasmid (truncated)","75","34","37","44","47","104*-40%","237","25","23","45","118","-","0","-","-","-","-","-","-","-","-","-","-","-","-","-","-","-","-","-","0","-","-","-","-","-","-","-","0","-","-","-","-","-","-","0","-","-","-","-","-","1","-","-","-","-","-","-","-","-","catA1*","-","-","tet(D)","-","-","-","-","-","-","-","SHV-1","-","-","-","-","-","-","0",,,"-","KL168","unknown (KL168)","Typeable","?15-","99.88%","KL168_07_wcaA;KL168_13;KL168_17;KL168_15_wcuP;KL168_14","OL3γ","O3γ","Typeable","?5","99.31%","-"
"7j2nkQAgfkTrfc46osTtuW","SAMEA5753351","v3.2.4","6","Klebsiella pneumoniae","strong","100","145685","365996","5320597","yes (107)","ambiguous_bases","ST1087",,"2","1","1","1","3","3","38","0","-","-","-","-","-","-","-","-","-","-","-","-","-","0","-","-","-","-","-","-","-","-","-","-","-","-","-","-","-","-","-","0","-","-","-","-","-","-","-","0","-","-","-","-","-","-","0","-","-","-","-","-","0","-","-","aadA1.v1^","-","-","-","-","-","-","-","sul1","-","-","dfrA1.v2","-","-","-","-","-","SHV-42","SHV:p.Ala25Ser","-","-","-","-","-","0",,,"wzi364","KL132","unknown (KL132)","Typeable","?8-","99.81%","KL132_20_wcpG;KL132_11_wclT;KL132_09_wcaO;KL132_10;KL132_14_wbaZ;KL132_17;KL132_07_wzy;KL132_18_wcuV;KL132_08_wcaN","OL2α.1","O1αβ,2α","Typeable","?2!","99.27%","-"
"9ZPqEpyvM7PSSoLwHHc7rT","SAMN36884889","v3.2.4","6","Klebsiella pneumoniae","strong","66","360026","803484","5499326","yes (197)","ambiguous_bases","ST336",,"2","1","1","1","72","4","4","230-1LV","ybt 15; ICEKp11","6","15","22","4","1","37","394","14","1","4","17","-","0","-","-","-","-","-","-","-","-","-","-","-","-","-","-","-","-","-","0","-","-","-","-","-","-","-","0","-","-","-","-","-","-","0","-","-","-","-","-","1","-","-","strB.v1;strA.v1^;aac(6')-Ib-cr.v2","-","-","qnrB1.v2^;aac(6')-Ib-cr.v2","-","-","-","-","sul2","tet(A).v1","-","dfrA14.v2*","OXA-1","-","CTX-M-15","-","-","SHV-11^","SHV:p.Leu35Gln","-","-","-","-","catB3.v1?-70%","1",,,"wzi150","KL183","unknown (KL183)","Typeable","?5","98.28%","-","OL13","O13","Typeable","?4!","96.88%","-"
"eCM2uKJm1Rvj2HdoVyeWSW","SAMEA5753719","v3.2.4","6","Klebsiella pneumoniae","strong","48","268876","524912","5380046","yes (292)","ambiguous_bases","ST3258",,"2","3","2","1","145","10","427","0","-","-","-","-","-","-","-","-","-","-","-","-","-","0","-","-","-","-","-","-","-","-","-","-","-","-","-","-","-","-","-","0","-","-","-","-","-","-","-","0","-","-","-","-","-","-","0","-","-","-","-","-","0","-","-","-","-","-","-","-","-","-","-","-","-","-","-","-","-","-","-","-","SHV-11^","SHV:p.Leu35Gln","-","-","-","-","-","0",,,"wzi324","KL63","K63","Typeable","?7!","95.26%","-","OL3γ","O3γ","Typeable","?2","98.77%","-"
"oPJnj2ekm9kUCNXgLdtzbP","SAMEA6155803","v3.2.4","6","Klebsiella pneumoniae","strong","63","407624","1072791","5454700","yes (1474)","ambiguous_bases","ST4",,"3","1","1","1","3","3","1","0","-","-","-","-","-","-","-","-","-","-","-","-","-","0","-","-","-","-","-","-","-","-","-","-","-","-","-","-","-","-","-","0","-","-","-","-","-","-","-","0","-","-","-","-","-","-","0","-","-","-","-","-","0","-","-","aac(3)-IIa.v1^;strB.v1;strA.v1^;aac(6')-Ib-cr.v2","-","-","qnrB1.v2^;aac(6')-Ib-cr.v2","-","-","catII.2*","-","sul2","tet(A).v1;tet(D)","-","dfrA14.v2*","OXA-1","-","CTX-M-15","-","-","SHV-11^","SHV:p.Leu35Gln","-","-","-","-","catB3.v1?-70%","1",,,"wzi62","KL62","K62","Typeable","?2!","99.82%","-","OL2α.1","O1αβ,2α","Typeable","-","98.87%","-"
"tsvXV4uJf6PCRLXXJqesZr","SAMEA5753328","v3.2.4","6","Klebsiella pneumoniae","strong","143","121406","264416","5202215","yes (595)","ambiguous_bases","ST1666",,"2","1","11","20","1","4","13","0","-","-","-","-","-","-","-","-","-","-","-","-","-","0","-","-","-","-","-","-","-","-","-","-","-","-","-","-","-","-","-","0","-","-","-","-","-","-","-","0","-","-","-","-","-","-","0","-","-","-","-","-","0","-","-","strB.v1;strA.v1","-","-","-","-","-","-","-","-","-","-","-","-","-","-","-","-","-","-","-","-","-","-","SHV-214?-0%;SHV-187*?-43%","0",,,"wzi199","KL110","unknown (KL110)","Typeable","?7-","99.84%","KL110_08_wckV","OL2α.1","O2α","Typeable","-","99.38%","-"
"21ZLrXeeHyHuywWtJokdwu","SAMEA6155791","v3.2.4","6","Klebsiella pneumoniae","strong","19","734680","2235317","5123247","yes (587)","ambiguous_bases","ST5241",,"2","5","399","1","4","1","4","0","-","-","-","-","-","-","-","-","-","-","-","-","-","0","-","-","-","-","-","-","-","-","-","-","-","-","-","-","-","-","-","0","-","-","-","-","-","-","-","0","-","-","-","-","-","-","0","-","-","-","-","-","0","-","-","aac(3)-IIa.v1;strA.v1*","-","-","qnrS1","-","-","-","-","sul2","tet(D)","-","dfrA14.v2*","-","-","-","-","-","SHV-1","-","-","-","-","-","-","0",,,"wzi95","KL123","unknown (KL123)","Typeable","-","97.33%","-","OL5","O5","Typeable","-","98.25%","-"
"wEaCTewaPHHud6H82H5S4P","SAMN36884893","v3.2.4","6","Klebsiella pneumoniae","strong","98","260366","672190","5608894","yes (495)","ambiguous_bases","ST14",,"1","6","1","1","1","1","1","0","-","-","-","-","-","-","-","-","-","-","-","-","-","0","-","-","-","-","-","-","-","-","-","-","-","-","-","-","-","-","-","0","-","-","-","-","-","-","-","0","-","-","-","-","-","-","0","-","-","-","-","-","0","-","-","aac(3)-IIa.v1^;strB.v1;strA.v1^;aac(6')-Ib-cr.v2","-","-","qnrB1.v2^;aac(6')-Ib-cr.v2","-","-","-","-","sul2","tet(A).v1","-","dfrA14.v2*","OXA-1","-","CTX-M-15","-","-","SHV-28^","-","-","-","-","-","catB3.v1?-70%","1",,,"wzi2","KL2","K2","Typeable","-","99.84%","-","OL2α.1","O1αβ,2α","Typeable","-","100.00%","-"
"rq2cfjS6BAaV3WXFujUqVi","SAMEA4785008","v3.2.4","6","Klebsiella pneumoniae","strong","123","234200","513445","5976816","yes (783)","ambiguous_bases","ST147",,"3","4","6","1","7","4","38","173-2LV","ybt 9; ICEKp3","5","11","6","5","1","293","318","9","5","5","11","-","0","-","-","-","-","-","-","-","-","-","-","-","-","-","-","-","-","-","0","-","-","-","-","-","-","-","0","-","-","-","-","-","-","0","-","-","-","-","-","1","-","-","aac(3)-IIa.v1^;aph(3')-Ia;aadA13;aadA*;aac(6')-Ib-cr.v2","-","-","qnrB2.v1^;qnrS1;aac(6')-Ib-cr.v2","-","-","-","arr-3","sul1;sul1","-","-","dfrA15.v2","OXA-9.v1;OXA-1","-","CTX-M-15","-","NDM-1","SHV-11^","SHV:p.Leu35Gln","OmpK35:p.Arg60fs","-","GyrA:p.Ser83Ile;ParC:p.Ser80Ile","-","catB3.v1?-70%;catB3.v2?-0%","2",,,"wzi64","KL64","K64","Typeable","-","100.00%","-","OL2α.1","O2α","Typeable","-","99.03%","-"
"fvPvDLDTbv9MXXid3Zwz1i","SAMEA7472433","v3.2.4","6","Klebsiella pneumoniae","strong","233","47021","231436","5625582","yes (7623)","ambiguous_bases","ST464",,"2","5","2","1","26","1","2","277-3LV","ybt 16; ICEKp12 (truncated)","6","15","5","4*-77%","11","33*","23*","2","11","4","2","-","0","-","-","-","-","-","-","-","-","-","-","-","-","-","-","-","-","-","0","-","-","-","-","-","-","-","0","-","-","-","-","-","-","0","-","-","-","-","-","1","-","-","aac(3)-IIa.v1^","-","-","qnrB2.v1^","-","-","-","-","sul1*","tet(A).v1","-","dfrA15.v2","-","-","CTX-M-15","-","NDM-7","SHV-38","SHV:p.Ala146Val","OmpK35:p.Ser91fs","-","GyrA:p.Ser83Tyr;GyrA:p.Asp87Ala;ParC:p.Ser80Ile","-","aadA?-55%","2",,,"-","KL53","K53","Typeable","?2","99.89%","-","OL2α.1","O1αβ,2α","Typeable","-","99.22%","-"
"aamPQGKaDvqCKgnosBKWZM","SAMN05960918","v3.2.4","6","Klebsiella pneumoniae","strong","131","165947","295269","5733658","yes (492)","ambiguous_bases","ST3687",,"196","3","2","233","9","4","4","0","-","-","-","-","-","-","-","-","-","-","-","-","-","0","-","-","-","-","-","-","-","-","-","-","-","-","-","-","-","-","-","0","-","-","-","-","-","-","-","0","-","-","-","-","-","-","0","-","-","-","-","-","0","-","-","-","-","-","-","-","-","-","-","-","-","-","-","-","-","-","-","-","SHV-11","SHV:p.Leu35Gln","-","-","-","-","-","0",,,"wzi56","KL55","K55","Typeable","-","98.79%","-","OL3α/β","O3αβ","Typeable","-","99.41%","-"
"oKpzouhqV9EMw2cBQFoTea","SAMEA6155795","v3.2.4","6","Klebsiella pneumoniae","strong","57","378353","1213139","5625860","yes (591)","ambiguous_bases","ST307",,"4","1","2","52","1","1","7","172-1LV","ybt 9; ICEKp3","5","11","6","5","1","25","78","9","5","5","11","-","0","-","-","-","-","-","-","-","-","-","-","-","-","-","-","-","-","-","0","-","-","-","-","-","-","-","0","-","-","-","-","-","-","0","-","-","-","-","-","1","-","-","aac(3)-IIa.v1^;strB.v1;strA.v1^;aac(6')-Ib-cr.v2","-","-","qnrB1.v2^;aac(6')-Ib-cr.v2","-","-","-","-","sul2","tet(A).v1","-","dfrA14.v2*","OXA-1","-","CTX-M-15","-","-","SHV-28^","-","-","-","GyrA:p.Ser83Ile;ParC:p.Ser80Ile","-","catB3.v1?-70%","1",,,"wzi173","KL102","unknown (KL102)","Typeable","-","99.66%","-","OL2α.2","O2β","Typeable","-","99.13%","-"
"6UmGxRCHX4KJH5mnLTkHCQ","SAMEA7472481","v3.2.4","6","Klebsiella pneumoniae","strong","47","378079","1250651","5498553","yes (494)","ambiguous_bases","ST307",,"4","1","2","52","1","1","7","0","-","-","-","-","-","-","-","-","-","-","-","-","-","0","-","-","-","-","-","-","-","-","-","-","-","-","-","-","-","-","-","0","-","-","-","-","-","-","-","0","-","-","-","-","-","-","0","-","-","-","-","-","0","-","-","aac(3)-IIa.v1^;strB.v1;strA.v1^;aac(6')-Ib-cr.v2","-","-","qnrB1.v2^;aac(6')-Ib-cr.v2","-","-","-","-","sul2","tet(A).v1","-","dfrA14.v2*","OXA-1","-","CTX-M-15","-","-","SHV-28^","-","-","-","GyrA:p.Ser83Ile;ParC:p.Ser80Ile","TEM-206?-0%","catB3.v1?-70%","1",,,"wzi173","KL102","unknown (KL102)","Typeable","-","99.66%","-","OL2α.2","O2β","Typeable","-","99.13%","-"
"4h4NT5tASN8UP1dyqRDtMQ","SAMEA5753728","v3.2.4","6","Klebsiella pneumoniae","strong","75","214973","584763","5260824","yes (99)","ambiguous_bases","ST3261",,"2","1","2","1","1","4","441","0","-","-","-","-","-","-","-","-","-","-","-","-","-","0","-","-","-","-","-","-","-","-","-","-","-","-","-","-","-","-","-","0","-","-","-","-","-","-","-","0","-","-","-","-","-","-","0","-","-","-","-","-","0","-","-","-","-","-","-","-","-","-","-","-","-","-","-","-","-","-","-","-","SHV-61","SHV:p.Leu35Gln","-","-","-","-","-","0",,,"wzi83","KL23","K23","Typeable","?9","99.87%","-","OL2α.2","O2β","Typeable","?2","98.85%","-"
"pbakVCetQtCKuteTnFQt5f","SAMEA5753711","v3.2.4","6","Klebsiella pneumoniae","strong","70","204021","484786","5164005","yes (519)","ambiguous_bases","ST3116",,"10","3","1","1","1","10","9","0","-","-","-","-","-","-","-","-","-","-","-","-","-","0","-","-","-","-","-","-","-","-","-","-","-","-","-","-","-","-","-","0","-","-","-","-","-","-","-","0","-","-","-","-","-","-","0","-","-","-","-","-","0","-","-","-","-","-","-","-","-","-","-","-","-","-","-","-","-","-","-","-","SHV-1^","-","-","-","-","-","-","0",,,"wzi114","KL144","unknown (KL144)","Typeable","?8-","98.65%","KL144_12_wcuC;KL144_08_wcuI;KL144_17_wcaJ;KL144_09_wzy;KL144_15;KL144_10_wcuV;KL144_11","OL4","O4","Typeable","?3","99.61%","-"
"iMG8H4Co69RHQYk1sNSRfJ","SAMEA7472446","v3.2.4","6","Klebsiella pneumoniae","strong","64","355311","546493","5528313","yes (399)","ambiguous_bases","ST133",,"12","1","1","2","5","1","36","277-1LV","ybt 16; ICEKp12","6","15","138","4","11","33","23","2","11","4","2","-","0","-","-","-","-","-","-","-","-","-","-","-","-","-","-","-","-","-","0","-","-","-","-","-","-","-","0","-","-","-","-","-","-","0","-","-","-","-","-","1","-","-","aac(3)-IIa.v1;strB.v1*;strA.v1*","-","-","-","-","-","catII.2*","-","sul2","tet(D)","-","dfrA14.v2*","SCO-1","-","CTX-M-15","-","-","SHV-75","-","-","-","-","-","-","1",,,"wzi180","KL116","unknown (KL116)","Typeable","?3","99.98%","-","OL2α.1","O1αβ,2α","Typeable","-","99.19%","-"
"kwFfuopSUkAHHfF5viRbLn","SAMEA5753784","v3.2.4","6","Klebsiella pneumoniae","strong","123","121621","432675","5578689","yes (290)","ambiguous_bases","ST13",,"2","3","1","1","10","1","19","267-1LV","ybt 17; ICEKp10","6","15","5","103","11","28","26","2","11","4","2","-","19","clb 3","2","10","2","2","2","4","2","8","2","2","2","2","2","2","2","-","0","-","-","-","-","-","-","-","0","-","-","-","-","-","-","0","-","-","-","-","-","2","-","-","-","-","-","-","-","-","-","-","-","-","-","-","-","-","-","-","-","SHV-1^","-","-","-","-","-","-","0",,,"wzi40","KL3","K3","Typeable","?9-!","99.98%","KL3_10_pglJ","OL2α.2","O1αβ,2β","Typeable","?2","99.20%","-"
"nKztEJxaQRFH8q7CjZuMPR","SAMEA112281695","v3.2.4","6","Klebsiella pneumoniae","strong","104","214734","520075","5669098","yes (595)","ambiguous_bases","ST147",,"3","4","6","1","7","4","38","0","-","-","-","-","-","-","-","-","-","-","-","-","-","0","-","-","-","-","-","-","-","-","-","-","-","-","-","-","-","-","-","0","-","-","-","-","-","-","-","0","-","-","-","-","-","-","0","-","-","-","-","-","0","-","-","aac(3)-IIa.v1^;strB.v1*;strA.v1*;aadA^;aac(6')-Ib-cr.v2","-","-","qnrB2.v1^;aac(6')-Ib-cr.v2","-","Mrx;mphA*;ermB.v1*","catA1*","-","sul1;sul2","tet(D)","-","dfrA15.v2","TEM-190^;OXA-1","-","CTX-M-15","-","-","SHV-11^","SHV:p.Leu35Gln","-","-","GyrA:p.Ser83Tyr;GyrA:p.Asp87Ala;ParC:p.Ser80Ile","-","catB3.v1?-70%","1",,,"wzi420","KL10","K10","Typeable","?2+","99.01%","-","OL3α/β","O3αβ","Typeable","-","99.29%","-"
"mqJ6wVvYaSXMY6adcBANCp","SAMEA112281698","v3.2.4","6","Klebsiella pneumoniae","strong","296","29416","128159","5144933","yes (2940)","ambiguous_bases","ST18",,"2","1","1","1","4","1","4","0","-","-","-","-","-","-","-","-","-","-","-","-","-","0","-","-","-","-","-","-","-","-","-","-","-","-","-","-","-","-","-","0","-","-","-","-","-","-","-","0","-","-","-","-","-","-","0","-","-","-","-","-","0","-","-","-","-","-","-","-","-","-","-","-","-","-","-","-","-","-","-","-","SHV-11^","SHV:p.Leu35Gln","-","-","-","-","-","0",,,"wzi82","KL23","K23","Typeable","?4","99.95%","-","OL2α.2","O2β","Typeable","-","99.08%","-"
"pxzvtyf3M2fbPCQVXbFgtW","SAMEA5753750","v3.2.4","6","Klebsiella pneumoniae","strong","150","156170","351233","5777949","yes (99)","ambiguous_bases","ST225",,"10","1","1","1","12","1","38","463","ybt 4; plasmid","75","34","37","44","47","104","227","25","23","45","118","-","0","-","-","-","-","-","-","-","-","-","-","-","-","-","-","-","-","-","0","-","-","-","-","-","-","-","0","-","-","-","-","-","-","0","-","-","-","-","-","1","-","-","-","-","-","-","-","-","-","-","-","-","-","-","-","-","-","-","-","SHV-27","SHV:p.Gly156Asp","-","-","-","-","-","0",,,"wzi216","KL119","unknown (KL119)","Typeable","?8-","99.69%","KL119_14;KL119_13_pglJ;KL119_07_wzy;KL119_12_wzx;KL119_09;KL119_11;KL119_08;KL119_10","OL4","O4","Typeable","?5","92.83%","-"
"bbHjmhHU6Pj3HNf8irc8vE","SAMEA112622403","v3.2.4","6","Klebsiella pneumoniae","strong","52","331642","894729","5396640","yes (298)","ambiguous_bases","ST22",,"2","3","1","1","1","4","4","80-1LV","ybt 10; ICEKp4 (truncated)","3","12","4","11","3*-79%","83","18","3","10","16","2","-","0","-","-","-","-","-","-","-","-","-","-","-","-","-","-","-","-","-","0","-","-","-","-","-","-","-","0","-","-","-","-","-","-","0","-","-","-","-","-","1","-","-","aac(6')-Ib-cr.v2","-","-","qnrB1.v2^;aac(6')-Ib-cr.v2","-","-","-","-","-","-","-","dfrA14.v2*","OXA-1","-","CTX-M-15","-","-","SHV-1^","-","-","-","-","-","catB3.v1?-70%","1",,,"wzi9","KL9","K9","Typeable","-","99.99%","-","OL2α.2","O2β","Typeable","?2","98.96%","-"
"odMkneuyvBekXi3t5gd65n","SAMEA6654242","v3.2.4","6","Klebsiella pneumoniae","strong","62","372324","955902","5589495","yes (398)","ambiguous_bases","ST17",,"2","1","1","1","4","4","4","230-1LV","ybt 15; ICEKp11","6","15","22","4","1","37","34*","14","1","4","17","-","0","-","-","-","-","-","-","-","-","-","-","-","-","-","-","-","-","-","0","-","-","-","-","-","-","-","0","-","-","-","-","-","-","0","-","-","-","-","-","1","-","-","aac(3)-IId^;strB.v1;aph3-Ia.v1;strA.v1^;aadA2;rmtB","-","-","qnrS1","-","-","-","-","sul2*","tet(A).v1;tet(G).v1","-","dfrA12","-","-","CTX-M-15","-","OXA-181","SHV-11^","SHV:p.Leu35Gln","-","-","-","-","sul1?-63%","2",,,"wzi141","KL25","K25","Typeable","?5!","99.67%","-","OL5","O5","Typeable","-","98.19%","-"
"g8rdjWUAm2LL6rJJG5ZTf3","SAMN05960935","v3.2.4","6","Klebsiella pneumoniae","strong","41","460171","1847118","5479701","yes (294)","ambiguous_bases","ST429",,"2","1","2","1","9","1","116","0","-","-","-","-","-","-","-","-","-","-","-","-","-","0","-","-","-","-","-","-","-","-","-","-","-","-","-","-","-","-","-","0","-","-","-","-","-","-","-","0","-","-","-","-","-","-","0","-","-","-","-","-","0","-","-","aac(3)-IIa.v1^;strB.v1;strA.v1^;aac(6')-Ib-cr.v2","-","-","aac(6')-Ib-cr.v2","-","-","-","-","sul2","-","-","dfrA14.v2*","OXA-1","-","CTX-M-15","-","-","SHV-11^","SHV:p.Leu35Gln","-","-","-","fosA7*-15%","catB3.v1?-70%","1",,,"wzi187","KL27","K27","Typeable","-","99.81%","-","OL4","O4","Typeable","-","99.63%","-"
"in1AN9CPk4tMGdvygfSXWw","SAMEA5753761","v3.2.4","6","Klebsiella pneumoniae","strong","79","235593","507904","5456913","yes (493)","ambiguous_bases","ST45",,"2","1","1","6","7","1","12","78-1LV","ybt 10; ICEKp4","3","12","4","11","3","206","18","3","10","16","2","-","0","-","-","-","-","-","-","-","-","-","-","-","-","-","-","-","-","-","0","-","-","-","-","-","-","-","0","-","-","-","-","-","-","0","-","-","-","-","-","1","-","-","-","-","-","-","-","-","-","-","-","-","-","-","-","-","-","-","-","SHV-1","-","-","-","-","-","-","0",,,"wzi101","KL24","K24","Typeable","?11","99.50%","-","OL2α.1","O2α","Typeable","-","99.37%","-"
"9pTFk2Q553efjZBE6rP2iq","SAMN41988742","v3.2.4","6","Klebsiella pneumoniae","strong","57","536116","1204809","5432144","yes (899)","ambiguous_bases","ST248",,"4","1","1","1","9","4","4","0","-","-","-","-","-","-","-","-","-","-","-","-","-","0","-","-","-","-","-","-","-","-","-","-","-","-","-","-","-","-","-","0","-","-","-","-","-","-","-","0","-","-","-","-","-","-","0","-","-","-","-","-","0","-","-","strB.v1","-","-","-","-","-","-","-","sul2","tet(A).v1","-","dfrA14.v2","-","-","-","-","-","SHV-1","-","-","-","-","-","strA.v1*?-66%","0",,,"wzi50","KL51","K51","Typeable","!","99.98%","-","OL3γ","O3γ","Typeable","-","99.63%","-"
"1giVL9n6jnoY6zzeySmeSr","SAMEA112281699","v3.2.4","6","Klebsiella pneumoniae","strong","16","2931023","2931023","5267323","yes (392)","ambiguous_bases","ST18",,"2","1","1","1","4","1","4","0","-","-","-","-","-","-","-","-","-","-","-","-","-","0","-","-","-","-","-","-","-","-","-","-","-","-","-","-","-","-","-","0","-","-","-","-","-","-","-","0","-","-","-","-","-","-","0","-","-","-","-","-","0","-","-","-","-","-","-","-","-","-","-","-","-","-","-","-","-","-","-","-","SHV-11^","SHV:p.Leu35Gln","-","-","-","-","-","0",,,"wzi82","KL23","K23","Typeable","-","99.94%","-","OL2α.2","O2β","Typeable","-","99.08%","-"
"3Y7gynbx2o4aKcDkKys25x","SAMEA111505113","v3.2.4","6","Klebsiella pneumoniae","strong","85","229763","705820","5765500","yes (476)","ambiguous_bases","ST43",,"2","6","1","5","11","1","15","0","-","-","-","-","-","-","-","-","-","-","-","-","-","0","-","-","-","-","-","-","-","-","-","-","-","-","-","-","-","-","-","0","-","-","-","-","-","-","-","0","-","-","-","-","-","-","0","-","-","-","-","-","0","-","-","strB.v1;strA.v1^","-","-","qnrS1","-","-","-","-","sul2","tet(A).v1","-","dfrA14.v2*","-","-","CTX-M-15","-","-","SHV-11^","SHV:p.Leu35Gln","-","-","-","-","-","1",,,"wzi30","KL30","K30","Typeable","-","99.93%","-","OL2α.1","O1αβ,2α","Typeable","-","99.48%","-"
"rvmkKyu1SvuhNSPf1h2J5m","SAMN05960901","v3.2.4","6","Klebsiella pneumoniae","strong","47","372950","792626","5543818","no","-","ST831",,"2","1","1","1","10","1","18","89-2LV","ybt 10; ICEKp4","3","12","4","3","3","85","201","3","10","9","2","-","0","-","-","-","-","-","-","-","-","-","-","-","-","-","-","-","-","-","0","-","-","-","-","-","-","-","0","-","-","-","-","-","-","0","-","-","-","-","-","1","-","-","strB.v1;aph3-Ia.v1^;strA.v1^;aac(6')-Ib-cr.v2","-","-","qnrB1.v2^;aac(6')-Ib-cr.v2","-","-","-","-","sul2*","-","-","dfrA14.v2*","OXA-1","-","CTX-M-15","-","-","SHV-11^","SHV:p.Leu35Gln","-","-","-","-","catB3.v1?-70%","1",,,"wzi18","KL18","Capsule null","Typeable","!","99.85%","-","OL2α.1","O1αβ,2α","Typeable","-","98.53%","-"
"7WnDm43QrjNec8vtWHPf7M","SAMN05960913","v3.2.4","6","Klebsiella pneumoniae","strong","56","408120","1045132","5511580","yes (295)","ambiguous_bases","ST4",,"3","1","1","1","3","3","1","183-1LV","ybt 9; ICEKp3","5","11","6","5","1","25","37","109","5","5","11","-","0","-","-","-","-","-","-","-","-","-","-","-","-","-","-","-","-","-","0","-","-","-","-","-","-","-","0","-","-","-","-","-","-","0","-","-","-","-","-","1","-","-","aac(3)-IIa.v1","-","-","-","-","-","catII.2*","-","sul2","tet(D)","-","-","-","-","CTX-M-15","-","-","SHV-69*","SHV:p.Leu35Gln","-","-","-","-","-","1",,,"wzi13","KL13","K13","Typeable","-","99.93%","-","OL2α.1","O1αβ,2α","Typeable","-","99.25%","-"
"4mp1yaqsPNm9uZkL9czRdK","SAMEA7472458","v3.2.4","6","Klebsiella pneumoniae","strong","97","213131","432295","5613100","yes (419)","ambiguous_bases","ST377",,"10","20","2","1","9","11","12","277","ybt 16; ICEKp12","6","15","5","4","11","33","23","2","11","4","2","-","0","-","-","-","-","-","-","-","-","-","-","-","-","-","-","-","-","-","0","-","-","-","-","-","-","-","0","-","-","-","-","-","-","0","-","-","-","-","-","1","-","-","aph(3')-VI;aadA2^;armA;aac(6')-Ib-cr.v2","-","-","aac(6')-Ib-cr.v2","-","msrE*;mphE.v2*","-","-","sul1^","-","-","dfrA12","OXA-1","-","CTX-M-15","-","NDM-1","SHV-110","SHV:p.Leu35Gln;SHV:p.Gly156Asp","-","-","GyrA:p.Ser83Tyr;GyrA:p.Asp87Ala;ParC:p.Ser80Ile","aac(3)-IIa.v1?-0%","catB3.v1?-70%","2",,,"wzi173","KL102","unknown (KL102)","Typeable","-","99.67%","-","OL2α.2","O2β","Typeable","-","99.16%","-"
"oB4cB8RSV8ofjFjJBLLXVj","SAMEA6155827","v3.2.4","6","Klebsiella pneumoniae","strong","158","90067","243089","5528018","yes (135)","ambiguous_bases","ST5242",,"2","1","5","26","7","4","713","0","-","-","-","-","-","-","-","-","-","-","-","-","-","0","-","-","-","-","-","-","-","-","-","-","-","-","-","-","-","-","-","0","-","-","-","-","-","-","-","0","-","-","-","-","-","-","0","-","-","-","-","-","0","-","-","-","-","-","-","-","-","-","-","-","tet(A).v1","-","-","-","-","-","-","-","SHV-1","-","-","-","-","-","-","0",,,"-","KL141","Capsule null","Untypeable","-+!","92.56%","KL141_18_rmlB;KL141_02_cpsACP;KL141_21_rmlC;KL141_09_wcsF;KL141_13;KL141_20_rmlD;KL141_11_wzy;KL141_14_wzx;KL141_19_rmlA;KL141_08_wcaA;KL141_01_galF;KL141_12;KL141_07_wbaP;KL141_10_wctL;KL141_03_wzi","OL14","unknown (OL14)","Typeable","-","97.14%","OL14_01_rfbB;OL14_02_rfbA;OL14_04_rfbC;OL14_03_rfbD"
"hdJoa1YA1B7mvkzuzMLcYi","SAMEA6155799","v3.2.4","6","Klebsiella pneumoniae","strong","129","162330","383790","5628418","yes (345)","ambiguous_bases","ST43",,"2","6","1","5","11","1","15","0","-","-","-","-","-","-","-","-","-","-","-","-","-","0","-","-","-","-","-","-","-","-","-","-","-","-","-","-","-","-","-","0","-","-","-","-","-","-","-","0","-","-","-","-","-","-","0","-","-","-","-","-","0","-","-","aac(3)-IId^;strB.v1;strA.v1^;aph(3')-VI;aadA2^","-","-","qnrB2.v1^","-","msrE;mphE.v2","-","-","sul1;sul1;sul2","tet(A).v2","-","dfrA12","CMY-2.v2","-","CTX-M-15","-","NDM-1","SHV-209*","SHV:p.Leu35Gln","-","-","-","-","TEM-103?-62%","2",,,"-","KL18","K18","Typeable","?2","99.64%","-","OL2α.1","O1αβ,2α","Typeable","-","98.93%","-"
"henhQq47DRAjYrmkCVsKCV","SAMN05960970","v3.2.4","6","Klebsiella pneumoniae","strong","50","473709","728449","5382064","yes (391)","ambiguous_bases","ST530",,"2","39","2","1","1","4","24","0","-","-","-","-","-","-","-","-","-","-","-","-","-","0","-","-","-","-","-","-","-","-","-","-","-","-","-","-","-","-","-","0","-","-","-","-","-","-","-","0","-","-","-","-","-","-","0","-","-","-","-","-","0","-","-","aac(3)-IIa.v1;strB.v1*;strA.v1*","-","-","-","-","-","catII.2*","-","sul2","tet(D)","-","dfrA14.v2*","-","-","CTX-M-15","-","-","SHV-1^","-","-","-","-","-","-","1",,,"wzi62","KL62","K62","Typeable","!","99.77%","-","OL2α.2","O1αβ,2β","Typeable","-","99.47%","-"
"uhxVFMVtnDEK915m5ssmj8","SAMEA5753800","v3.2.4","6","Klebsiella pneumoniae","strong","77","225163","550539","5185690","yes (109)","ambiguous_bases","ST3341",,"2","1","1","1","12","2","4","0","-","-","-","-","-","-","-","-","-","-","-","-","-","0","-","-","-","-","-","-","-","-","-","-","-","-","-","-","-","-","-","0","-","-","-","-","-","-","-","0","-","-","-","-","-","-","0","-","-","-","-","-","0","-","-","-","-","-","-","-","-","-","-","-","-","-","-","-","-","-","-","-","SHV-228","SHV:p.Leu35Gln","-","-","-","-","-","0",,,"wzi108","KL137","Capsule null","Typeable","?12!","98.49%","-","OL13","O13","Typeable","!","97.32%","-"
"iMLULs49BoiE2u7Tx6voK5","SAMEA5753795","v3.2.4","6","Klebsiella pneumoniae","strong","52","283984","760579","5300290","yes (298)","ambiguous_bases","ST3338",,"2","1","62","97","10","1","91","0","-","-","-","-","-","-","-","-","-","-","-","-","-","0","-","-","-","-","-","-","-","-","-","-","-","-","-","-","-","-","-","0","-","-","-","-","-","-","-","0","-","-","-","-","-","-","0","-","-","-","-","-","0","-","-","-","-","-","-","-","-","-","-","-","-","-","-","-","-","-","-","-","SHV-11^","SHV:p.Leu35Gln","-","-","-","-","-","0",,,"wzi22","KL17","K17","Typeable","?7","99.61%","-","OL4","O4","Typeable","?3","99.65%","-"
"mVQsapn1bgGpHbYNDGgQ2F","SAMN05960889","v3.2.4","6","Klebsiella pneumoniae","strong","52","323966","913144","5369415","yes (97)","ambiguous_bases","ST48",,"2","5","2","2","7","1","10","0","-","-","-","-","-","-","-","-","-","-","-","-","-","0","-","-","-","-","-","-","-","-","-","-","-","-","-","-","-","-","-","0","-","-","-","-","-","-","-","0","-","-","-","-","-","-","0","-","-","-","-","-","0","-","-","aac(3)-IIa.v1;strB.v1*;strA.v1*;ant(2'')-Ia","-","-","-","-","Mrx;mphA","catII.2*","-","sul2","-","-","-","-","-","CTX-M-15;SHV-12","-","-","-","SHV:p.Leu35Gln;SHV:p.Gly238Ser;SHV:p.Glu240Lys","-","-","-","-","-","1",,,"wzi62","KL62","K62","Typeable","!","99.82%","-","OL2α.1","O1αβ,2α","Typeable","-","98.54%","-"
"rQAC9uaqCQymXUxiu4nCbw","SAMEA5753737","v3.2.4","6","Klebsiella pneumoniae","strong","97","278935","468207","5333246","yes (2)","ambiguous_bases","ST3157",,"2","1","1","1","7","1","89","0","-","-","-","-","-","-","-","-","-","-","-","-","-","0","-","-","-","-","-","-","-","-","-","-","-","-","-","-","-","-","-","0","-","-","-","-","-","-","-","0","-","-","-","-","-","-","0","-","-","-","-","-","0","-","-","-","-","-","-","-","-","-","-","-","-","-","-","-","-","-","-","-","SHV-14^","-","-","-","-","-","-","0",,,"wzi273","KL104","unknown (KL104)","Typeable","?12-+!","98.59%","KL104_10;KL104_16_wzx;KL104_17","OL2α.2","O1αβ,2β","Typeable","-","99.51%","-"
"7K7X7kT9JLVHLYBf49wCrZ","SAMN41988745","v3.2.4","6","Klebsiella pneumoniae","strong","71","320364","853768","5378856","yes (596)","ambiguous_bases","ST964",,"41","1","1","1","7","4","87","0","-","-","-","-","-","-","-","-","-","-","-","-","-","0","-","-","-","-","-","-","-","-","-","-","-","-","-","-","-","-","-","0","-","-","-","-","-","-","-","0","-","-","-","-","-","-","0","-","-","-","-","-","0","-","-","aadA^","-","-","-","-","-","-","-","sul1^","-","-","dfrA15.v2","-","-","-","-","-","SHV-1^","-","-","-","-","-","-","0",,,"wzi74","KL103","unknown (KL103)","Typeable","-","98.91%","-","OL2α.1","O1αβ,2α","Typeable","-","99.17%","-"
"gLNzBYyV8st6sWjPyPhU9a","SAMEA112281694","v3.2.4","6","Klebsiella pneumoniae","strong","73","195253","491669","5433862","yes (316)","ambiguous_bases","ST147",,"3","4","6","1","7","4","38","0","-","-","-","-","-","-","-","-","-","-","-","-","-","0","-","-","-","-","-","-","-","-","-","-","-","-","-","-","-","-","-","0","-","-","-","-","-","-","-","0","-","-","-","-","-","-","0","-","-","-","-","-","0","-","-","aac(6')-Ib-cr.v2","-","-","aac(6')-Ib-cr.v2","-","ermB.v1*","-","-","-","-","-","-","OXA-1","-","-","-","-","SHV-11^","SHV:p.Leu35Gln","-","-","GyrA:p.Ser83Tyr;GyrA:p.Asp87Ala;ParC:p.Ser80Ile","-","catB3.v1?-70%","0",,,"wzi420","KL10","K10","Typeable","?3","98.84%","-","OL3α/β","O3αβ","Typeable","?4","99.31%","-"
"n88HMJpDkkCZSdT8jyMHPv","SAMEA6155881","v3.2.4","6","Klebsiella pneumoniae","strong","51","430524","898743","5580255","yes (689)","ambiguous_bases","ST307",,"4","1","2","52","1","1","7","0","-","-","-","-","-","-","-","-","-","-","-","-","-","0","-","-","-","-","-","-","-","-","-","-","-","-","-","-","-","-","-","0","-","-","-","-","-","-","-","0","-","-","-","-","-","-","0","-","-","-","-","-","0","-","-","aac(3)-IIa.v1;strB.v1*;strA.v1*","-","-","-","-","-","catII.2*","-","sul2","tet(D)","-","dfrA14.v2*","-","-","CTX-M-15","-","-","SHV-28^","-","-","-","GyrA:p.Ser83Ile;ParC:p.Ser80Ile","-","-","1",,,"wzi173","KL102","unknown (KL102)","Typeable","-","99.66%","-","OL2α.2","O2β","Typeable","-","99.13%","-"
"sqcCF27u2Jk2Ts9AhftTbT","SAMEA6422763","v3.2.4","6","Klebsiella pneumoniae","strong","40","624395","1143089","5574674","yes (873)","ambiguous_bases","ST101",,"2","6","1","5","4","1","6","183-1LV","ybt 9; ICEKp3","5","11","6","5","1","25","37*","9","5","5","11","-","0","-","-","-","-","-","-","-","-","-","-","-","-","-","-","-","-","-","0","-","-","-","-","-","-","-","0","-","-","-","-","-","-","0","-","-","-","-","-","1","-","-","-","-","-","-","-","-","-","-","sul1","tet(A).v1*","-","dfrA15.v2","-","-","-","-","-","SHV-1^","-","-","-","-","-","-","0",,,"wzi137","KL17","K17","Typeable","-","99.99%","-","OL2α.1","O1αβ,2α","Typeable","-","98.92%","-"
"aHCoEKTpfBd4z7hFqkjynA","SAMEA5753744","v3.2.4","6","Klebsiella pneumoniae","strong","131","156128","442346","5522918","yes (20)","ambiguous_bases","ST514",,"2","1","1","1","8","1","9","0","-","-","-","-","-","-","-","-","-","-","-","-","-","0","-","-","-","-","-","-","-","-","-","-","-","-","-","-","-","-","-","0","-","-","-","-","-","-","-","0","-","-","-","-","-","-","0","-","-","-","-","-","0","-","-","-","-","-","-","-","-","-","-","-","-","-","-","-","-","-","-","-","SHV-63","-","-","-","-","-","-","0",,,"wzi160","KL39","K39","Typeable","?7-","99.64%","KL39_09_mshA;KL39_14;KL39_11_epsJ","OL2α.1","O1αβ,2α","Typeable","-","98.74%","-"
"a3jRseYa9Hb5Bmt2GmFMww","SAMEA5753791","v3.2.4","6","Klebsiella pneumoniae","strong","33","343128","802480","5222523","yes (305)","ambiguous_bases","ST3297",,"4","4","1","1","7","4","46","0","-","-","-","-","-","-","-","-","-","-","-","-","-","0","-","-","-","-","-","-","-","-","-","-","-","-","-","-","-","-","-","0","-","-","-","-","-","-","-","0","-","-","-","-","-","-","0","-","-","-","-","-","0","-","-","-","-","-","-","-","-","-","-","-","-","-","-","-","-","-","-","-","SHV-11^","SHV:p.Leu35Gln","-","-","-","-","-","0",,,"wzi39","KL39","K39","Typeable","?4","99.82%","-","OL3γ","O3γ","Typeable","?5","99.50%","-"
"rD3YSY9RHtK82EVsqADyd3","SAMEA111505124","v3.2.4","6","Klebsiella pneumoniae","strong","163","103129","560082","5655971","yes (1090)","ambiguous_bases","ST147",,"3","4","6","1","7","4","38","0","-","-","-","-","-","-","-","-","-","-","-","-","-","0","-","-","-","-","-","-","-","-","-","-","-","-","-","-","-","-","-","0","-","-","-","-","-","-","-","0","-","-","-","-","-","-","0","-","-","-","-","-","0","-","-","aac(3)-IIa.v1^;aadA^;aac(6')-Ib-cr.v2","-","-","qnrB19^;aac(6')-Ib-cr.v2","-","-","catA1*","-","sul1^;sul2","tet(D)","-","dfrA15.v2","OXA-1","-","CTX-M-15","-","-","SHV-11^","SHV:p.Leu35Gln","-","-","GyrA:p.Ser83Tyr;GyrA:p.Asp87Ala;ParC:p.Ser80Ile","-","catB3.v1?-70%","1",,,"wzi420","KL10","K10","Typeable","?9+","98.88%","-","OL3α/β","O3αβ","Typeable","?4!","99.44%","-"
"vwqte6pbD3kh7mfEzLFxWh","SAMN05960964","v3.2.4","6","Klebsiella pneumoniae","strong","61","339052","455158","5462583","yes (190)","ambiguous_bases","ST716",,"71","1","1","2","16","4","164","561-1LV","ybt 14; ICEKp12","4","4","5","4","64","27","251","95","115","4","2","-","0","-","-","-","-","-","-","-","-","-","-","-","-","-","-","-","-","-","0","-","-","-","-","-","-","-","0","-","-","-","-","-","-","0","-","-","-","-","-","1","-","-","aac(3)-IIa.v1^;strB.v1;strA.v1^;aac(6')-Ib-cr.v2","-","-","qnrB1.v2^;aac(6')-Ib-cr.v2","-","-","-","-","sul2","tet(A).v1","-","dfrA14.v2*","OXA-1","-","CTX-M-15","-","-","SHV-27","SHV:p.Gly156Asp","-","-","-","-","catB3.v1?-70%","1",,,"wzi89","KL110","unknown (KL110)","Typeable","?2","99.65%","-","OL2α.1","O2α","Typeable","-","99.16%","-"
"vD7DP7MSiKLCFChzFi9k4d","SAMEA115925709","v3.2.4","6","Klebsiella pneumoniae","strong","96","207651","539958","5679194","yes (791)","ambiguous_bases","ST392",,"3","4","6","1","7","4","40","0","-","-","-","-","-","-","-","-","-","-","-","-","-","0","-","-","-","-","-","-","-","-","-","-","-","-","-","-","-","-","-","0","-","-","-","-","-","-","-","0","-","-","-","-","-","-","0","-","-","-","-","-","0","-","-","strB.v1;strA.v1^;aac(6')-Ib-cr.v2","-","-","qnrB1.v2^;aac(6')-Ib-cr.v2","-","-","-","-","sul2","tet(A).v1","-","dfrA14.v2*","OXA-1","-","CTX-M-15","-","OXA-48","SHV-11^","SHV:p.Leu35Gln","-","-","GyrA:p.Ser83Ile;ParC:p.Ser80Ile","-","catB3.v1?-70%","2",,,"wzi187","KL27","Capsule null","Typeable","!","99.79%","-","OL4","O4","Typeable","-","99.58%","-"
"rws57o7sLQkpt9evDWMvdv","SAMEA5753743","v3.2.4","6","Klebsiella pneumoniae","strong","68","275059","502490","5397233","yes (109)","ambiguous_bases","ST443",,"2","1","1","4","89","4","4","0","-","-","-","-","-","-","-","-","-","-","-","-","-","0","-","-","-","-","-","-","-","-","-","-","-","-","-","-","-","-","-","0","-","-","-","-","-","-","-","0","-","-","-","-","-","-","0","-","-","-","-","-","0","-","-","-","-","-","-","-","-","-","-","-","-","-","-","-","-","-","-","-","SHV-1","-","-","-","-","-","-","0",,,"wzi118","KL146","unknown (KL146)","Typeable","?5","97.48%","-","OL2α.2","O1αβ,2β","Typeable","-","99.11%","-"
"6osF4xvGWgnyHoxMuxoDon","SAMEA6654245","v3.2.4","6","Klebsiella pneumoniae","strong","71","377434","1436434","5755795","yes (605)","ambiguous_bases","ST17",,"2","1","1","1","4","4","4","230-1LV","ybt 15; ICEKp11","6","15","22","4","1","37","34*","14","1","4","17","-","0","-","-","-","-","-","-","-","-","-","-","-","-","-","-","-","-","-","0","-","-","-","-","-","-","-","0","-","-","-","-","-","-","0","-","-","-","-","-","1","-","-","strB.v1*;strA.v1^;rmtB","-","-","qnrS1","-","Mrx;mphA","catII.2*","-","-","tet(A).v1;tet(G).v1","-","dfrA14.v2*","-","-","CTX-M-15","-","OXA-181","SHV-11^","SHV:p.Leu35Gln","-","-","-","-","sul2*?-0%","2",,,"wzi141","KL25","K25","Typeable","?2","97.08%","-","OL5","O5","Typeable","-","98.19%","-"
"kmLw1MA31sJ5vV4LmNnd97","SAMEA111504610","v3.2.4","6","Klebsiella pneumoniae","strong","47","301954","616688","5418703","yes (1000)","ambiguous_bases","ST86",,"9","4","2","1","1","1","27","202-1LV","ybt 9; ICEKp3","5","19","26","5*","1","79","53","9","5","5","21","-","0","-","-","-","-","-","-","-","-","-","-","-","-","-","-","-","-","-","1","iuc 1","1","1","1","1","1","-","1","iro 1","1","1","1","1","-","26","rmp 1; KpVP-1","2","2","2","-","4","-","rmpA2_9","-","-","-","-","-","-","-","-","-","-","-","-","-","-","-","-","-","SHV-1^","-","-","-","-","-","-","0",,,"wzi2","KL2","K2","Typeable","-","99.86%","-","OL2α.1","O1αβ,2α","Typeable","-","99.30%","-"
"kYpJkJhU9K19EBkXL3AknW","SAMEA7472472","v3.2.4","6","Klebsiella pneumoniae","strong","116","235695","501046","5781847","yes (310)","ambiguous_bases","ST4410",,"2","6","1","3","26","1","36","586-1LV","ybt 14; ICEKp12","4","4","5","4","1","27","251*","95","4","4","2","-","0","-","-","-","-","-","-","-","-","-","-","-","-","-","-","-","-","-","0","-","-","-","-","-","-","-","0","-","-","-","-","-","-","0","-","-","-","-","-","1","-","-","aac(3)-IId^;strB.v1*;strA.v1*;aph(3')-VI;aadA2^;armA*;aac(6')-Ib-cr.v2","-","-","qnrB1.v1;aac(6')-Ib-cr.v2","-","msrE*;mphE.v2^","catII.2*","-","sul1;sul2^","-","-","dfrA12;dfrA14.v2*","OXA-1","-","CTX-M-15","-","NDM-1","SHV-1^","-","-","-","GyrA:p.Ser83Ile;ParC:p.Ser80Ile","-","catB3.v1?-70%","2",,,"wzi180","KL116","unknown (KL116)","Typeable","?4-!","99.95%","KL116_09","OL2α.1","O1αβ,2α","Typeable","-","99.19%","-"
"nanSgc31C6YiaJwjhG7znD","SAMEA6155802","v3.2.4","6","Klebsiella pneumoniae","strong","83","171626","368944","5269381","yes (893)","ambiguous_bases","ST502",,"2","53","3","1","10","4","18","0","-","-","-","-","-","-","-","-","-","-","-","-","-","0","-","-","-","-","-","-","-","-","-","-","-","-","-","-","-","-","-","0","-","-","-","-","-","-","-","0","-","-","-","-","-","-","0","-","-","-","-","-","0","-","-","aac(3)-IIa.v1;aadA16*;strB.v1*;strA.v1*;aac(6')-Ib-cr.v2","-","-","qnrB6^;aac(6')-Ib-cr.v2","-","-","-","arr-3","sul1;sul1;sul2","tet(A).v1","-","dfrA27","SCO-1","-","CTX-M-15","-","-","SHV-62","SHV:p.Leu35Gln","-","-","-","-","-","1",,,"wzi50","KL15","K15","Typeable","-","99.93%","-","OL4","O4","Typeable","-","99.56%","-"
"dWYEoHDKeqzX8wfTZUcQgU","SAMEA5753709","v3.2.4","6","Klebsiella pneumoniae","strong","88","204356","734764","5372363","yes (98)","ambiguous_bases","ST17",,"2","1","1","1","4","4","4","0","-","-","-","-","-","-","-","-","-","-","-","-","-","0","-","-","-","-","-","-","-","-","-","-","-","-","-","-","-","-","-","0","-","-","-","-","-","-","-","0","-","-","-","-","-","-","0","-","-","-","-","-","0","-","-","-","-","-","-","-","-","-","-","-","-","-","-","-","-","-","-","-","SHV-11^","SHV:p.Leu35Gln","-","-","-","-","-","0",,,"wzi360","KL122","unknown (KL122)","Typeable","?10-","99.92%","KL122_07_wzy;KL122_13_wzx","OL2α.2","O2β","Typeable","?2","99.15%","-"
"oDFqoJXXZ81zPqaoNhVE5T","SAMEA6654246","v3.2.4","6","Klebsiella pneumoniae","strong","71","479349","1486216","5766737","yes (889)","ambiguous_bases","ST17",,"2","1","1","1","4","4","4","230-1LV","ybt 15; ICEKp11","6","15","22","4","1","37","34*","14","1","4","17","-","0","-","-","-","-","-","-","-","-","-","-","-","-","-","-","-","-","-","0","-","-","-","-","-","-","-","0","-","-","-","-","-","-","0","-","-","-","-","-","1","-","-","aac(3)-IId^;aph3-Ia.v1;aadA2;rmtB","-","-","qnrS1","-","Mrx;mphA","catII.2*","-","-","tet(A).v1;tet(G).v1","-","dfrA12;dfrA14.v2*","-","-","CTX-M-15","-","OXA-181","SHV-11^","SHV:p.Leu35Gln","-","-","-","strA.v1*?-0%;strB.v1?-0%","sul2?-0%;sul1?-63%","2",,,"wzi141","KL25","K25","Typeable","!","99.63%","-","OL5","O5","Typeable","-","98.19%","-"
"38EhiTUsV53CgpEmxhMfb3","SAMEA5753740","v3.2.4","6","Klebsiella pneumoniae","strong","147","165559","376978","5277108","yes (20)","ambiguous_bases","ST3267",,"2","1","1","1","7","4","442","65","ybt 4; plasmid","23","27","30","18","13","65","61","9","18","26","35","-","0","-","-","-","-","-","-","-","-","-","-","-","-","-","-","-","-","-","0","-","-","-","-","-","-","-","0","-","-","-","-","-","-","0","-","-","-","-","-","1","-","-","-","-","-","-","-","-","-","-","-","-","-","-","-","-","-","-","-","SHV-11^","SHV:p.Leu35Gln","-","-","-","-","-","0",,,"wzi202","KL127","unknown (KL127)","Typeable","?9-","99.97%","KL127_08_wctK;KL127_10;KL127_09_wzy","OL13","O13","Typeable","?5","95.94%","-"
"g81Vzmtwb5xGbWJGsihxa8","SAMEA5753427","v3.2.4","6","Klebsiella pneumoniae","strong","94","213963","559383","5560694","yes (99)","ambiguous_bases","ST39",,"2","1","2","4","9","1","14","294-1LV","ybt 16; ICEKp12 (truncated)","6","15","5","4","11","286*-69%","304","2","11","4","2","-","0","-","-","-","-","-","-","-","-","-","-","-","-","-","-","-","-","-","0","-","-","-","-","-","-","-","0","-","-","-","-","-","-","0","-","-","-","-","-","1","-","-","strB.v1;strA.v1^;aac(6')-Ib-cr.v2","-","-","qnrB1.v2^;aac(6')-Ib-cr.v2","-","-","-","-","sul2","tet(A).v1","-","dfrA14.v2*","OXA-1","-","CTX-M-15","-","-","SHV-11^","SHV:p.Leu35Gln","-","-","-","-","catB3.v1?-70%","1",,,"wzi2","KL2","K2","Typeable","?8","99.91%","-","OL2α.1","O1αβ,2α","Typeable","-","100.00%","-"
"wKyxRrzd6s8XXDwpq4f6Ue","SAMEA5753776","v3.2.4","6","Klebsiella pneumoniae","strong","100","191209","328599","5401523","yes (316)","ambiguous_bases","ST249",,"2","1","44","1","16","4","66","0","-","-","-","-","-","-","-","-","-","-","-","-","-","0","-","-","-","-","-","-","-","-","-","-","-","-","-","-","-","-","-","0","-","-","-","-","-","-","-","0","-","-","-","-","-","-","0","-","-","-","-","-","0","-","-","-","-","-","-","-","-","-","-","-","-","-","-","-","-","-","-","-","SHV-116^","-","-","-","-","-","-","0",,,"wzi128","KL1","K1","Typeable","?6-","99.76%","KL1_08_wclY","OL2α.1","O1αβ,2α","Typeable","-","98.82%","-"
"5HDYNgA78QsL5YqK9KNQfa","SAMEA6654234","v3.2.4","6","Klebsiella pneumoniae","strong","65","295652","878561","5587748","yes (594)","ambiguous_bases","ST17",,"2","1","1","1","4","4","4","230-1LV","ybt 15; ICEKp11","6","15","22","4","1","37","34*","14","1","4","17","-","0","-","-","-","-","-","-","-","-","-","-","-","-","-","-","-","-","-","0","-","-","-","-","-","-","-","0","-","-","-","-","-","-","0","-","-","-","-","-","1","-","-","aac(3)-IId^;strB.v1;aph3-Ia.v1;strA.v1^;aadA2;rmtB","-","-","qnrS1","-","-","-","-","sul2*","tet(A).v1;tet(G).v1","-","dfrA12","-","-","CTX-M-15","-","OXA-181","SHV-11^","SHV:p.Leu35Gln","OmpK36:p.Ala107fs","-","-","-","sul1?-63%","2",,,"wzi141","KL25","K25","Typeable","?3!","99.65%","-","OL5","O5","Typeable","!","98.13%","-"
"wozRdyq36eTDcd11qo7qFd","SAMEA5753717","v3.2.4","6","Klebsiella pneumoniae","strong","77","180655","368298","5346691","yes (198)","ambiguous_bases","ST111",,"2","1","5","1","17","4","42","0","-","-","-","-","-","-","-","-","-","-","-","-","-","0","-","-","-","-","-","-","-","-","-","-","-","-","-","-","-","-","-","0","-","-","-","-","-","-","-","0","-","-","-","-","-","-","0","-","-","-","-","-","0","-","-","-","-","-","-","-","-","-","-","-","-","-","-","-","-","-","-","-","SHV-11^","SHV:p.Leu35Gln","-","-","-","-","-","0",,,"wzi350","KL113","unknown (KL113)","Typeable","?4","98.61%","-","OL2α.2","O1αβ,2β","Typeable","-","99.20%","-"
"jTfSN5GgDbYyf6cCjXrfc9","SAMEA6155804","v3.2.4","6","Klebsiella pneumoniae","strong","63","473880","1017776","5484031","yes (674)","ambiguous_bases","ST530",,"2","39","2","1","1","4","24","303-1LV","ybt 13; ICEKp2","6","4","20","61","1","253","299*","2","76","4","2","-","0","-","-","-","-","-","-","-","-","-","-","-","-","-","-","-","-","-","0","-","-","-","-","-","-","-","0","-","-","-","-","-","-","0","-","-","-","-","-","1","-","-","aac(3)-IIa.v1^;strB.v1;aph3-Ia.v1^;strA.v1^;aac(6')-Ib-cr.v2","-","-","qnrB1.v2^;aac(6')-Ib-cr.v2","-","-","catA1^","-","sul2","tet(A).v1","-","dfrA14.v2*","OXA-1","-","CTX-M-15","-","NDM-5","SHV-1^","-","-","-","-","-","catB3.v1?-70%","2",,,"wzi62","KL62","K62","Typeable","!","99.77%","-","OL2α.2","O1αβ,2β","Typeable","-","99.47%","-"
"vc96La2inKC8EGjWVdn1JA","SAMN05960953","v3.2.4","6","Klebsiella pneumoniae","strong","74","181925","358904","5570024","yes (393)","ambiguous_bases","ST25",,"2","1","1","1","10","4","13","595-1LV","ybt 14; ICEKp5","4","4","5","4","1","275","328","2","4","4","157","-","0","-","-","-","-","-","-","-","-","-","-","-","-","-","-","-","-","-","0","-","-","-","-","-","-","-","0","-","-","-","-","-","-","0","-","-","-","-","-","1","-","-","aac(3)-IIa.v1;strB.v1*;strA.v1*","-","-","-","-","-","catII.2*","-","sul2","tet(D)","-","dfrA14.v2*","-","-","CTX-M-15","-","-","SHV-11^","SHV:p.Leu35Gln","-","-","-","-","-","1",,,"wzi72","KL2","K2","Typeable","-","99.56%","-","OL2α.2","O1αβ,2β","Typeable","-","99.55%","-"
"gYuyXa9wDFdJ7wYo5JU7W7","SAMN46427850","v3.2.4","6","Klebsiella pneumoniae","strong","88","216616","732201","5569345","yes (933)","ambiguous_bases","ST464",,"2","5","2","1","26","1","2","0","-","-","-","-","-","-","-","-","-","-","-","-","-","0","-","-","-","-","-","-","-","-","-","-","-","-","-","-","-","-","-","0","-","-","-","-","-","-","-","0","-","-","-","-","-","-","0","-","-","-","-","-","0","-","-","aac(3)-IIa.v1^;aph3-Ia.v1^;strA.v1;aadA^;aac(6')-Ib-cr.v2","-","-","qnrA1^;aac(6')-Ib-cr.v2","-","-","-","-","-","tet(B).v2*;tetR^","-","dfrA15.v2","OXA-1","-","CTX-M-15","-","-","SHV-38","SHV:p.Ala146Val","-","-","GyrA:p.Ser83Ile;ParC:p.Ser80Ile","aph(6)-Id.v2?-83%","sul1?-0%;catB3.v1?-70%","1",,,"wzi555","KL34","K34","Typeable","-","99.20%","-","OL2α.2","O2β","Typeable","-","98.96%","-"
"rH4HKQKMAjf9Xmi4wyu5E7","SAMEA5753745","v3.2.4","6","Klebsiella pneumoniae","strong","55","352215","476583","5147997","yes (297)","ambiguous_bases","ST36",,"2","1","2","1","7","1","7","0","-","-","-","-","-","-","-","-","-","-","-","-","-","0","-","-","-","-","-","-","-","-","-","-","-","-","-","-","-","-","-","0","-","-","-","-","-","-","-","0","-","-","-","-","-","-","0","-","-","-","-","-","0","-","-","-","-","-","-","-","-","-","-","-","-","-","-","-","-","-","-","-","SHV-11^","SHV:p.Leu35Gln","-","-","-","-","-","0",,,"wzi27","KL27","K27","Typeable","?9-","99.94%","KL27_09_wckS","OL2α.2","O2β","Typeable","?2","99.19%","-"
"hS3E85jgMkxLjxWH5aZooS","SAMEA6155861","v3.2.4","6","Klebsiella pneumoniae","strong","59","370463","994306","5451941","yes (589)","ambiguous_bases","ST4",,"3","1","1","1","3","3","1","0","-","-","-","-","-","-","-","-","-","-","-","-","-","0","-","-","-","-","-","-","-","-","-","-","-","-","-","-","-","-","-","0","-","-","-","-","-","-","-","0","-","-","-","-","-","-","0","-","-","-","-","-","0","-","-","aac(3)-IIa.v1^;strB.v1;strA.v1^;aac(6')-Ib-cr.v2","-","-","qnrB1.v2^;aac(6')-Ib-cr.v2","-","-","catII.2*","-","sul2","tet(A).v1;tet(D)","-","dfrA14.v2*","OXA-1","-","CTX-M-15","-","-","SHV-11^","SHV:p.Leu35Gln","-","-","-","-","catB3.v1?-70%","1",,,"wzi62","KL62","K62","Typeable","?2!","99.82%","-","OL2α.1","O1αβ,2α","Typeable","-","98.87%","-"
"xjLQK2fYg9Ukdtozg4Sp7F","SAMEA5753316","v3.2.4","6","Klebsiella pneumoniae","strong","88","132670","472993","5061399","yes (197)","ambiguous_bases","ST1886",,"2","5","118","1","10","1","13","0","-","-","-","-","-","-","-","-","-","-","-","-","-","0","-","-","-","-","-","-","-","-","-","-","-","-","-","-","-","-","-","0","-","-","-","-","-","-","-","0","-","-","-","-","-","-","0","-","-","-","-","-","0","-","-","-","-","-","-","-","-","-","-","-","tet(A).v1","-","-","-","-","-","-","-","SHV-11^","SHV:p.Leu35Gln","-","-","-","-","-","0",,,"wzi130","KL58","K58","Typeable","?10","99.69%","-","OL2α.2","O1αβ,2β","Typeable","-","99.57%","-"
"3AYPL1eoPCAFhjikjJtcNG","SAMEA5753393","v3.2.4","6","Klebsiella pneumoniae","strong","65","204384","1182384","5503028","yes (693)","ambiguous_bases","ST37",,"2","9","2","1","13","1","16","0","-","-","-","-","-","-","-","-","-","-","-","-","-","0","-","-","-","-","-","-","-","-","-","-","-","-","-","-","-","-","-","0","-","-","-","-","-","-","-","0","-","-","-","-","-","-","0","-","-","-","-","-","0","-","-","strB.v1;strA.v1","-","-","-","-","-","-","-","sul2","tet(D)^","-","dfrA26","-","-","-","-","-","SHV-11^","SHV:p.Leu35Gln","-","-","-","-","-","0",,,"wzi108","KL118","unknown (KL118)","Typeable","?3","99.98%","-","OL13","O13","Typeable","?3!","96.90%","-"
"8ybhuB6zFo6L8KJnHV6bzJ","SAMEA7472487","v3.2.4","6","Klebsiella pneumoniae","strong","127","89658","259685","5271951","yes (7900)","ambiguous_bases","ST48",,"2","5","2","2","7","1","10","193-1LV","ybt 9; ICEKp3","5","11","6","5","1","34","15","9","5","5","25*","-","0","-","-","-","-","-","-","-","-","-","-","-","-","-","-","-","-","-","0","-","-","-","-","-","-","-","0","-","-","-","-","-","-","0","-","-","-","-","-","1","-","-","strB.v1;aph3-Ia.v1^;strA.v1^;aadA2^","-","-","-","-","Mrx;mphA","-","-","sul1;sul2^","-","-","dfrA12","-","-","-","-","-","SHV-11^","SHV:p.Leu35Gln","OmpK35:p.Leu14fs","-","-","-","-","0",,,"wzi62","KL62","K62","Typeable","?6!","99.80%","-","OL2α.1","O1αβ,2α","Typeable","-","98.54%","-"
"5DPLDNgVqAUYMxUBNnpX8d","SAMEA7472498","v3.2.4","6","Klebsiella pneumoniae","strong","112","239926","828329","5635256","yes (796)","ambiguous_bases","ST395",,"3","1","2","4","1","1","4","0","-","-","-","-","-","-","-","-","-","-","-","-","-","0","-","-","-","-","-","-","-","-","-","-","-","-","-","-","-","-","-","0","-","-","-","-","-","-","-","0","-","-","-","-","-","-","0","-","-","-","-","-","0","-","-","aph(3')-VI;aadA2^;armA;aac(6')-Ib-cr.v2","-","-","aac(6')-Ib-cr.v2","-","msrE*;mphE.v2^","-","-","sul1","-","-","dfrA12;dfrA1.v1","OXA-1","-","-","-","NDM-1","SHV-11","SHV:p.Leu35Gln","OmpK35:p.Leu7fs","-","GyrA:p.Ser83Ile;ParC:p.Ser80Ile","tet(A).v1*-64%","catB3.v1?-70%","2",,,"wzi105","KL108","unknown (KL108)","Typeable","?4","99.99%","-","OL2α.2","O1αβ,2β","Typeable","-","97.84%","-"
"dsDG3ZSWiJrxk62Cu9pfMV","SAMEA115925711","v3.2.4","6","Klebsiella pneumoniae","strong","46","347767","641861","5673702","yes (996)","ambiguous_bases","ST37",,"2","9","2","1","13","1","16","0","ybt unknown","54*","67*","68","18*","1*","89*","31*","51*","1*","5","88*","-","0","-","-","-","-","-","-","-","-","-","-","-","-","-","-","-","-","-","0","-","-","-","-","-","-","-","0","-","-","-","-","-","-","0","-","-","-","-","-","1","-","-","aac(3)-IIa.v1^","-","-","qnrB1.v2^","-","-","-","-","-","-","-","-","-","-","-","-","-","SHV-11^","SHV:p.Leu35Gln","-","-","-","-","-","0",,,"wzi14","KL14","K14","Typeable","?4","99.99%","-","OL3γ","O3γ","Typeable","?3","99.76%","-"
"9WgXfV9ohbX114RJ1XEZYn","SAMEA6156049","v3.2.4","6","Klebsiella pneumoniae","strong","81","361877","705707","5658893","yes (198)","ambiguous_bases","ST5244",,"281","1","1","1","1","1","1","17","ybt 10; ICEKp4","15","3","4","3","3","7","28","3","3","3","3","-","0","-","-","-","-","-","-","-","-","-","-","-","-","-","-","-","-","-","0","-","-","-","-","-","-","-","0","-","-","-","-","-","-","0","-","-","-","-","-","1","-","-","aac(3)-IIa.v1^;strB.v1;strA.v1^;aac(6')-Ib-cr.v2","-","-","qnrB1.v2^;aac(6')-Ib-cr.v2","-","-","-","-","sul2","tet(A).v1","-","dfrA14.v2*","OXA-1*","-","CTX-M-15","-","-","SHV-28^","-","-","-","GyrA:p.Ser83Phe;GyrA:p.Asp87Ala;ParC:p.Ser80Ile","-","catB3.v1?-70%","1",,,"wzi93","KL112","unknown (KL112)","Typeable","-","99.53%","-","OL2α.1","O1αβ,2α","Typeable","-","99.19%","-"
"mK9drvor3FCJz3m45cgZ9F","SAMEA111504599","v3.2.4","6","Klebsiella pneumoniae","strong","49","278150","507478","5345575","yes (616)","ambiguous_bases","ST65",,"2","1","2","1","10","4","13","0","-","-","-","-","-","-","-","-","-","-","-","-","-","0","-","-","-","-","-","-","-","-","-","-","-","-","-","-","-","-","-","1","iuc 1","1","1","1","1","1","-","10","iro 1","1","13","1","1","-","38","rmp 1; KpVP-1 (truncated)","2","4-0%","2","-","3","-","rmpA2_3-47%","-","-","-","-","-","-","-","-","-","-","-","-","-","-","-","-","-","SHV-11^","SHV:p.Leu35Gln","-","-","-","-","-","0",,,"-","KL2","K2","Typeable","-","99.51%","-","OL2α.2","O1αβ,2β","Typeable","-","99.29%","-"
"1dD6dr1Xx318F5sMym8mPK","SAMEA6155841","v3.2.4","6","Klebsiella pneumoniae","strong","53","549080","867691","5665399","yes (985)","ambiguous_bases","ST392",,"3","4","6","1","7","4","40","0","-","-","-","-","-","-","-","-","-","-","-","-","-","0","-","-","-","-","-","-","-","-","-","-","-","-","-","-","-","-","-","0","-","-","-","-","-","-","-","0","-","-","-","-","-","-","0","-","-","-","-","-","0","-","-","aac(3)-IIa.v1^;strB.v1;strA.v1^;aac(6')-Ib-cr.v2","-","-","qnrB1.v2^;aac(6')-Ib-cr.v2","-","-","-","-","sul2","-","-","dfrA14.v2*","OXA-1","-","CTX-M-15","-","-","SHV-11^","SHV:p.Leu35Gln","-","-","GyrA:p.Ser83Ile;ParC:p.Ser80Ile","-","catB3.v1?-70%","1",,,"wzi187","KL27","K27","Typeable","-","99.79%","-","OL4","O4","Typeable","-","99.58%","-"
"c7BPuXQTy5V3bPRc263poc","SAMEA6155775","v3.2.4","6","Klebsiella pneumoniae","strong","58","304443","1251054","5795020","yes (882)","ambiguous_bases","ST307",,"4","1","2","52","1","1","7","0","-","-","-","-","-","-","-","-","-","-","-","-","-","0","-","-","-","-","-","-","-","-","-","-","-","-","-","-","-","-","-","0","-","-","-","-","-","-","-","0","-","-","-","-","-","-","0","-","-","-","-","-","0","-","-","aac(3)-IIa.v1^;strB.v1;strA.v1^;aac(6')-Ib-cr.v2","-","-","qnrB1.v2^;aac(6')-Ib-cr.v2","-","-","-","-","sul2","tet(A).v1","-","dfrA14.v2*","OXA-1","-","CTX-M-15","-","-","SHV-28^","-","-","-","GyrA:p.Ser83Ile;ParC:p.Ser80Ile","-","catB3.v1?-70%","1",,,"wzi173","KL102","unknown (KL102)","Typeable","-","99.66%","-","OL2α.2","O2β","Typeable","-","99.13%","-"
"eMHFZzFv6jFJNsLQGdPAph","SAMEA6422742","v3.2.4","6","Klebsiella pneumoniae","strong","47","307976","1298811","5617175","yes (493)","ambiguous_bases","ST307",,"4","1","2","52","1","1","7","0","-","-","-","-","-","-","-","-","-","-","-","-","-","0","-","-","-","-","-","-","-","-","-","-","-","-","-","-","-","-","-","0","-","-","-","-","-","-","-","0","-","-","-","-","-","-","0","-","-","-","-","-","0","-","-","aac(3)-IIa.v1^;strB.v1;strA.v1^;aac(6')-Ib-cr.v2","-","-","qnrB1.v2^;aac(6')-Ib-cr.v2","-","-","-","-","sul2","tet(A).v1","-","dfrA14.v2*","OXA-1","-","CTX-M-15","-","-","SHV-28^","-","-","-","GyrA:p.Ser83Ile;ParC:p.Ser80Ile","-","catB3.v1*?-70%","1",,,"wzi173","KL102","unknown (KL102)","Typeable","-","99.66%","-","OL2α.2","O2β","Typeable","-","99.13%","-"
"vMANRNokQGFTwxTbb1sDjg","SAMEA6155848","v3.2.4","6","Klebsiella pneumoniae","strong","66","347876","867066","5662772","yes (885)","ambiguous_bases","ST392",,"3","4","6","1","7","4","40","0","-","-","-","-","-","-","-","-","-","-","-","-","-","0","-","-","-","-","-","-","-","-","-","-","-","-","-","-","-","-","-","0","-","-","-","-","-","-","-","0","-","-","-","-","-","-","0","-","-","-","-","-","0","-","-","aac(3)-IIa.v1^;strB.v1;strA.v1^;aac(6')-Ib-cr.v2","-","-","qnrB1.v2^;aac(6')-Ib-cr.v2","-","-","-","-","sul2","-","-","dfrA14.v2*","OXA-1","-","CTX-M-15","-","-","SHV-11^","SHV:p.Leu35Gln","-","-","GyrA:p.Ser83Ile;ParC:p.Ser80Ile","-","catB3.v1?-70%","1",,,"wzi187","KL27","K27","Typeable","-","99.79%","-","OL4","O4","Typeable","-","99.58%","-"
"tKWU41iH2r9hDFNqMo9xbA","SAMEA7472416","v3.2.4","6","Klebsiella pneumoniae","strong","84","258679","531770","5446210","yes (299)","ambiguous_bases","ST39",,"2","1","2","4","9","1","14","0","-","-","-","-","-","-","-","-","-","-","-","-","-","0","-","-","-","-","-","-","-","-","-","-","-","-","-","-","-","-","-","0","-","-","-","-","-","-","-","0","-","-","-","-","-","-","0","-","-","-","-","-","0","-","-","aac(3)-IIa.v1^;aadA^;aac(6')-Ib-cr.v2","-","-","qnrS1;aac(6')-Ib-cr.v2","-","-","-","-","sul1^;sul2","tet(A).v1","-","dfrA15.v2","LAP-2;OXA-1","-","CTX-M-15","-","-","SHV-11^","SHV:p.Leu35Gln","-","-","-","-","catB3.v1?-70%","1",,,"wzi180","KL116","unknown (KL116)","Typeable","?3","99.98%","-","OL2α.1","O1αβ,2α","Typeable","-","99.16%","-"
"2y22DkeAoh6baAXP63VZ73","SAMEA6654215","v3.2.4","6","Klebsiella pneumoniae","strong","73","333857","468170","5611056","yes (994)","ambiguous_bases","ST25",,"2","1","1","1","10","4","13","277","ybt 16; ICEKp12","6","15","5","4","11","33","23","2","11","4","2","-","0","-","-","-","-","-","-","-","-","-","-","-","-","-","-","-","-","-","0","-","-","-","-","-","-","-","0","-","-","-","-","-","-","0","-","-","-","-","-","1","-","-","aac(3)-IIa.v1^;strB.v1;aph3-Ia.v1^;strA.v1;aac(6')-Ib-cr.v2","-","-","qnrS1;aac(6')-Ib-cr.v2","-","-","catA1*","-","sul1;sul2","tet(D)","-","dfrA15.v2","LAP-2;OXA-1","-","CTX-M-15","-","-","SHV-11^","SHV:p.Leu35Gln","OmpK35:p.Gly134fs","-","-","-","catB3.v1?-70%","1",,,"wzi72","KL2","K2","Typeable","-","99.56%","-","OL2α.2","O1αβ,2β","Typeable","-","99.55%","-"
"a6jMNgedDsnr896tvEX8rG","SAMEA6155884","v3.2.4","6","Klebsiella pneumoniae","strong","51","455518","1218603","5628608","yes (588)","ambiguous_bases","ST307",,"4","1","2","52","1","1","7","172-1LV","ybt 9; ICEKp3","5","11","6","5","1","25","78","9","5","5","11","-","0","-","-","-","-","-","-","-","-","-","-","-","-","-","-","-","-","-","0","-","-","-","-","-","-","-","0","-","-","-","-","-","-","0","-","-","-","-","-","1","-","-","aac(3)-IIa.v1^;strB.v1;strA.v1^;aac(6')-Ib-cr.v2","-","-","qnrB1.v2^;aac(6')-Ib-cr.v2","-","-","-","-","sul2","tet(A).v1","-","dfrA14.v2*","OXA-1","-","CTX-M-15","-","-","SHV-28^","-","-","-","GyrA:p.Ser83Ile;ParC:p.Ser80Ile","-","catB3.v1?-70%","1",,,"wzi173","KL102","unknown (KL102)","Typeable","-","99.66%","-","OL2α.2","O2β","Typeable","-","99.13%","-"
"js2XkEcLLtJFqcTM647gMS","SAMN05960910","v3.2.4","6","Klebsiella pneumoniae","strong","46","386389","809765","5636214","yes (296)","ambiguous_bases","ST405",,"2","1","62","3","10","4","110","312","ybt 27; ICEKp22","6","62","60","4","1","145","148","2","39","69","2","-","0","-","-","-","-","-","-","-","-","-","-","-","-","-","-","-","-","-","0","-","-","-","-","-","-","-","0","-","-","-","-","-","-","0","-","-","-","-","-","1","-","-","aac(3)-IIa.v1^;strB.v1;strA.v1^;aac(6')-Ib-cr.v2","-","-","qnrB1.v2^;aac(6')-Ib-cr.v2","-","-","-","-","sul2","tet(A).v1","-","dfrA14.v2*","OXA-1","-","CTX-M-15","-","-","SHV-76","SHV:p.Leu35Gln","-","-","-","-","catB3.v1?-70%","1",,,"wzi143","KL151","unknown (KL151)","Typeable","-","99.68%","-","OL4","O4","Typeable","-","99.54%","-"
"dY98fxa1J8N6hj2A3dZSW1","SAMEA6155849","v3.2.4","6","Klebsiella pneumoniae","strong","49","429695","647529","5598657","yes (197)","ambiguous_bases","ST15",,"1","1","1","1","1","1","1","0","-","-","-","-","-","-","-","-","-","-","-","-","-","0","-","-","-","-","-","-","-","-","-","-","-","-","-","-","-","-","-","0","-","-","-","-","-","-","-","0","-","-","-","-","-","-","0","-","-","-","-","-","0","-","-","aac(3)-IIa.v1*;strB.v1;strA.v1^;aac(6')-Ib-cr.v2","-","-","qnrB1.v2^;aac(6')-Ib-cr.v2","-","-","-","-","sul2","tet(A).v1","-","dfrA14.v2*","OXA-1*","-","CTX-M-15","-","-","SHV-28^","-","-","-","GyrA:p.Ser83Phe;GyrA:p.Asp87Ala;ParC:p.Ser80Ile","-","catB3.v1?-70%","1",,,"wzi93","KL112","unknown (KL112)","Typeable","-","99.53%","-","OL2α.1","O1αβ,2α","Typeable","-","99.19%","-"
"i9Zyqzf9zeWVTVeChLW2gK","SAMEA6155846","v3.2.4","6","Klebsiella pneumoniae","strong","41","352268","674002","5456595","yes (398)","ambiguous_bases","ST15",,"1","1","1","1","1","1","1","0","-","-","-","-","-","-","-","-","-","-","-","-","-","0","-","-","-","-","-","-","-","-","-","-","-","-","-","-","-","-","-","0","-","-","-","-","-","-","-","0","-","-","-","-","-","-","0","-","-","-","-","-","0","-","-","aadA^;aac(6')-Ib-cr.v2","-","-","qnrB2.v1^;aac(6')-Ib-cr.v2","-","-","-","-","sul1;sul1^","-","-","dfrA15.v2","OXA-1","-","-","-","-","SHV-28^","-","-","-","GyrA:p.Ser83Phe;GyrA:p.Asp87Ala;ParC:p.Ser80Ile","-","catB3.v1?-70%","0",,,"-","KL45","K45","Typeable","-","99.80%","-","OL2α.2","O1αβ,2β","Typeable","-","98.99%","-"
"r3dEtv2UKyaUSEhVKQAE3a","SAMN05960969","v3.2.4","6","Klebsiella pneumoniae","strong","53","371448","1639888","5549143","yes (198)","ambiguous_bases","ST48",,"2","5","2","2","7","1","10","595-1LV","ybt 14; ICEKp5","4","4","5","4","1","275","328*","2","4","4","2","-","0","-","-","-","-","-","-","-","-","-","-","-","-","-","-","-","-","-","0","-","-","-","-","-","-","-","0","-","-","-","-","-","-","0","-","-","-","-","-","1","-","-","aac(3)-IIa.v1;strB.v1;strA.v1^;aac(6')-Ib-cr.v2","-","-","aac(6')-Ib-cr.v2","-","-","catII.2*","-","sul2^","tet(D)","-","dfrA14.v2*","OXA-1","-","CTX-M-15","-","-","SHV-11^","SHV:p.Leu35Gln","-","-","-","-","catB3.v1?-70%","1",,,"wzi62","KL62","K62","Typeable","?2!","99.82%","-","OL2α.1","O1αβ,2α","Typeable","-","98.54%","-"
"avsR3aoHWpKrxHtbuQJNE3","SAMN31892432","v3.2.4","6","Klebsiella pneumoniae","strong","42","249038","432231","5425826","yes (1381)","ambiguous_bases","ST86",,"9","4","2","1","1","1","27","88-4LV","ybt 10; ICEKp4","3","12","4","3*","3","35*","108*","3","10","9","2","-","0","-","-","-","-","-","-","-","-","-","-","-","-","-","-","-","-","-","1","iuc 1","1","1","1","1","1","-","1","iro 1","1","1","1","1","-","26","rmp 1; KpVP-1","2","2","2","-","4","-","-","-","-","-","-","-","-","-","-","-","-","-","-","-","-","-","-","-","SHV-1^","-","-","-","-","-","-","0",,,"wzi2","KL2","K2","Typeable","-","99.91%","-","OL2α.1","O1αβ,2α","Typeable","-","99.30%","-"
"fkfw6v8V5L9fpaVQcDcdgq","SAMN05960911","v3.2.4","6","Klebsiella pneumoniae","strong","83","315422","1331305","5873485","yes (1084)","ambiguous_bases","ST1788",,"2","6","160","1","226","111","299","277","ybt 16; ICEKp12","6","15","5","4","11","33","23","2","11","4","2","-","0","-","-","-","-","-","-","-","-","-","-","-","-","-","-","-","-","-","0","-","-","-","-","-","-","-","0","-","-","-","-","-","-","0","-","-","-","-","-","1","-","-","aac(3)-IIa.v1;strB.v1","-","-","-","-","-","-","-","sul2","-","-","dfrA14.v2","-","-","CTX-M-15","-","-","SHV-232","SHV:p.Leu35Gln","-","-","-","-","strA.v1*?-66%","1",,,"wzi2","KL2","K2","Typeable","-","99.80%","-","OL2α.2","O1αβ,2β","Typeable","-","99.41%","-"
"nBu5iKHZw6KcKiVff7Mo42","SAMEA111505138","v3.2.4","6","Klebsiella pneumoniae","strong","65","288071","677411","5260684","yes (1077)","ambiguous_bases","ST147",,"3","4","6","1","7","4","38","0","-","-","-","-","-","-","-","-","-","-","-","-","-","0","-","-","-","-","-","-","-","-","-","-","-","-","-","-","-","-","-","0","-","-","-","-","-","-","-","0","-","-","-","-","-","-","0","-","-","-","-","-","0","-","-","aac(3)-IIa.v1^;strB.v1*;strA.v1*;aac(6')-Ib-cr.v2","-","-","aac(6')-Ib-cr.v2","-","-","catII.2*","-","sul2","tet(D)","-","dfrA14.v2*","-","-","CTX-M-15","-","-","SHV-11^","SHV:p.Leu35Gln","-","-","GyrA:p.Ser83Phe;GyrA:p.Asp87Ala;ParC:p.Ser80Ile","-","-","1",,,"wzi110","KL149","unknown (KL149)","Typeable","-","99.96%","-","OL4","O4","Typeable","-","99.56%","-"
"pUYpyHTa6mLcXXTvmu17cj","SAMEA111504605","v3.2.4","6","Klebsiella pneumoniae","strong","80","223312","393382","5472791","yes (1117)","ambiguous_bases","ST277",,"3","1","1","1","1","1","43","0","-","-","-","-","-","-","-","-","-","-","-","-","-","0","-","-","-","-","-","-","-","-","-","-","-","-","-","-","-","-","-","0","-","-","-","-","-","-","-","0","-","-","-","-","-","-","0","-","-","-","-","-","0","-","-","strB.v1;strA.v1","-","-","-","-","-","-","-","-","-","-","-","-","-","-","-","-","SHV-27^","SHV:p.Gly156Asp","-","-","-","-","-","0",,,"-","KL46","K46","Typeable","?5","99.53%","-","OL3γ","O3γ","Typeable","?3","99.72%","-"
"3u2M4bP8E8FEtts9NL8zwh","SAMN05960876","v3.2.4","6","Klebsiella pneumoniae","strong","51","474366","912935","5441475","yes (290)","ambiguous_bases","ST48",,"2","5","2","2","7","1","10","193-1LV","ybt 9; ICEKp3","5","11","136","5","1","34","15","9","5","5","25","-","0","-","-","-","-","-","-","-","-","-","-","-","-","-","-","-","-","-","0","-","-","-","-","-","-","-","0","-","-","-","-","-","-","0","-","-","-","-","-","1","-","-","aac(3)-IIa.v1;strB.v1*;strA.v1*;aadA2^;ant(2'')-Ia","-","-","-","-","Mrx;mphA","catII.2*","-","sul1;sul2","-","-","dfrA12","-","-","CTX-M-15;SHV-12","-","-","-","SHV:p.Leu35Gln;SHV:p.Gly238Ser;SHV:p.Glu240Lys","-","-","-","-","-","1",,,"wzi62","KL62","K62","Typeable","!","99.82%","-","OL2α.1","O1αβ,2α","Typeable","-","98.54%","-"
"1iGatNMGEwozrc3CjTqTTQ","SAMEA6155774","v3.2.4","6","Klebsiella pneumoniae","strong","68","341187","752317","5519317","yes (390)","ambiguous_bases","ST15",,"1","1","1","1","1","1","1","28-1LV","ybt 10; ICEKp4","16","12","4","3*","3","35","50","3","10","23","2","-","0","-","-","-","-","-","-","-","-","-","-","-","-","-","-","-","-","-","0","-","-","-","-","-","-","-","0","-","-","-","-","-","-","0","-","-","-","-","-","1","-","-","aac(3)-IId^;strB.v1;aph3-Ia.v1^;strA.v1^;aadA5","-","-","-","-","Mrx;mphA","catII.2*","-","sul1;sul2","tet(A).v1","-","dfrA17","-","-","-","-","-","SHV-28^","-","-","-","GyrA:p.Ser83Phe;GyrA:p.Asp87Ala;ParC:p.Ser80Ile","-","TEM-117?-0%","0",,,"wzi24","KL24","K24","Typeable","-","99.98%","-","OL2α.1","O1αβ,2α","Typeable","-","99.19%","-"
"8FYWd8LThvZ9Y6Zyieybuu","SAMEA111504601","v3.2.4","6","Klebsiella pneumoniae","strong","81","193055","418599","5607467","yes (1010)","ambiguous_bases","ST15",,"1","1","1","1","1","1","1","28","ybt 10; ICEKp4","16","12","4","3","3","35","50","3","10","23","2","-","0","-","-","-","-","-","-","-","-","-","-","-","-","-","-","-","-","-","0","-","-","-","-","-","-","-","0","-","-","-","-","-","-","0","-","-","-","-","-","1","-","-","aac(3)-IIa.v1;aadA2^","-","-","qepA2*","-","-","catII.2*","-","sul1","tet(A).v1","-","dfrA12","-","-","CTX-M-15","-","-","SHV-28^","-","-","-","GyrA:p.Ser83Phe;GyrA:p.Asp87Ala;ParC:p.Ser80Ile","-","-","1",,,"wzi24","KL24","K24","Typeable","-","99.98%","-","OL2α.1","O1αβ,2α","Typeable","-","99.19%","-"
"bBHa1P5WFEGbN4QvntczMf","SAMN45807626","v3.2.4","6","Klebsiella pneumoniae","strong","73","288551","533201","5569496","yes (1147)","ambiguous_bases","ST39",,"2","1","2","4","9","1","14","294-1LV","ybt 16; ICEKp12","6","15","5","4","11","286*","304","2","11","4","2","-","0","-","-","-","-","-","-","-","-","-","-","-","-","-","-","-","-","-","0","-","-","-","-","-","-","-","0","-","-","-","-","-","-","0","-","-","-","-","-","1","-","-","aac(3)-IIa.v1;aadA^","-","-","-","-","-","-","-","sul1^","tet(A).v1","-","dfrA15.v2","SCO-1","-","CTX-M-15","-","-","SHV-11^","SHV:p.Leu35Gln","-","-","-","-","TEM-105?-0%","1",,,"wzi2","KL2","K2","Typeable","-","99.84%","-","OL2α.1","O2α","Typeable","!","100.00%","-"
"8vAtrMRq8rShG8498C3APo","SAMEA6155868","v3.2.4","6","Klebsiella pneumoniae","strong","56","382161","516466","5580477","yes (787)","ambiguous_bases","ST307",,"4","1","2","52","1","1","7","0","-","-","-","-","-","-","-","-","-","-","-","-","-","0","-","-","-","-","-","-","-","-","-","-","-","-","-","-","-","-","-","0","-","-","-","-","-","-","-","0","-","-","-","-","-","-","0","-","-","-","-","-","0","-","-","aac(3)-IIa.v1;strB.v1*;strA.v1*","-","-","-","-","-","catII.2*","-","sul2","tet(D)","-","dfrA14.v2*","-","-","CTX-M-15","-","-","SHV-28^","-","-","-","GyrA:p.Ser83Ile;ParC:p.Ser80Ile","-","-","1",,,"wzi173","KL102","unknown (KL102)","Typeable","-","99.66%","-","OL2α.2","O2β","Typeable","-","99.13%","-"
"rw2FnQ9Nw47SuVPECecaxS","SAMEA7472493","v3.2.4","6","Klebsiella pneumoniae","strong","141","197425","828438","5850313","yes (994)","ambiguous_bases","ST395",,"3","1","2","4","1","1","4","0","-","-","-","-","-","-","-","-","-","-","-","-","-","0","-","-","-","-","-","-","-","-","-","-","-","-","-","-","-","-","-","0","-","-","-","-","-","-","-","0","-","-","-","-","-","-","0","-","-","-","-","-","0","-","-","aac(3)-IIa.v1^;strB.v1;strA.v1^;aph(3')-VI;aadA2^;armA;aac(6')-Ib-cr.v2","-","-","qnrB1.v2^;aac(6')-Ib-cr.v2","-","msrE*;mphE.v2^","-","-","sul1;sul2","tet(A).v1","-","dfrA12;dfrA14.v2*;dfrA1.v1","OXA-1","-","CTX-M-15","-","NDM-1","SHV-11","SHV:p.Leu35Gln","OmpK35:p.Leu7fs","-","GyrA:p.Ser83Ile;ParC:p.Ser80Ile","-","catB3.v1?-70%","2",,,"wzi105","KL108","unknown (KL108)","Typeable","-","100.00%","-","OL2α.2","O1αβ,2β","Typeable","-","99.31%","-"
"bDNoj7CmbDi3YdUm9rnnHv","SAMEA6654226","v3.2.4","6","Klebsiella pneumoniae","strong","76","391834","1186276","5761595","yes (813)","ambiguous_bases","ST17",,"2","1","1","1","4","4","4","230-1LV","ybt 15; ICEKp11","6","15","22","4","1","37","34*","14","1","4","17","-","0","-","-","-","-","-","-","-","-","-","-","-","-","-","-","-","-","-","0","-","-","-","-","-","-","-","0","-","-","-","-","-","-","0","-","-","-","-","-","1","-","-","aac(3)-IId^;strB.v1;aph3-Ia.v1;strA.v1^;aadA2;rmtB","-","-","qnrS1","-","Mrx;mphA","-","-","sul2*","tet(A).v1;tet(G).v1","-","dfrA12;dfrA14.v2*","-","-","CTX-M-15","-","OXA-181","SHV-11^","SHV:p.Leu35Gln","-","-","-","-","sul1?-63%","2",,,"wzi141","KL25","K25","Typeable","?4!","99.65%","-","OL5","O5","Typeable","-","98.19%","-"
"gQ4RZhU2Fq2NHHHt1X3xxs","SAMEA7472506","v3.2.4","6","Klebsiella pneumoniae","strong","112","184824","495626","5367677","yes (499)","ambiguous_bases","ST442",,"10","20","2","1","9","11","14","0","-","-","-","-","-","-","-","-","-","-","-","-","-","0","-","-","-","-","-","-","-","-","-","-","-","-","-","-","-","-","-","0","-","-","-","-","-","-","-","0","-","-","-","-","-","-","0","-","-","-","-","-","0","-","-","aac(3)-IIa.v1^;aph(3')-VI;aadA2^;aac(6')-Ib-cr.v2","-","-","aac(6')-Ib-cr.v2","-","msrE;mphE.v2^","-","-","sul1","-","-","dfrA12","OXA-1","-","CTX-M-15","-","NDM-1","SHV-110","SHV:p.Leu35Gln;SHV:p.Gly156Asp","OmpK35:p.Thr46fs","-","GyrA:p.Ser83Tyr;GyrA:p.Asp87Ala;ParC:p.Ser80Ile","-","catB3.v1?-70%;armA*?-0%","2",,,"wzi84","KL28","K28","Typeable","?3-","99.80%","KL28_13_wzx;KL28_09_wckD;KL28_08_wcuC","OL2α.1","O2α","Typeable","-","99.41%","-"
"tSegnv1aExMCpKgLcipTWc","SAMEA6155873","v3.2.4","6","Klebsiella pneumoniae","strong","35","361489","772826","5285509","yes (690)","ambiguous_bases","ST5247",,"3","1","218","1","9","8","24","0","-","-","-","-","-","-","-","-","-","-","-","-","-","0","-","-","-","-","-","-","-","-","-","-","-","-","-","-","-","-","-","0","-","-","-","-","-","-","-","0","-","-","-","-","-","-","0","-","-","-","-","-","0","-","-","-","-","-","-","-","-","-","-","-","-","-","-","-","-","-","-","-","SHV-209*","SHV:p.Leu35Gln","-","-","-","-","-","0",,,"-","KL123","unknown (KL123)","Typeable","-","97.42%","-","OL3γ","O3γ","Typeable","-","99.68%","-"
"cZL9YucYxMRgRYSKqHAkf9","SAMN05960900","v3.2.4","6","Klebsiella pneumoniae","strong","65","482401","697689","5477593","yes (294)","ambiguous_bases","ST231",,"2","6","1","3","26","1","77","91-1LV","ybt 10; ICEKp4","3","12","4","3","3","85","340","3","10","42","2","-","0","-","-","-","-","-","-","-","-","-","-","-","-","-","-","-","-","-","0","-","-","-","-","-","-","-","0","-","-","-","-","-","-","0","-","-","-","-","-","1","-","-","aac(3)-IIa.v1^;strB.v1;strA.v1^;aadA2^;aac(6')-Ib-cr.v2","-","-","qnrB1.v2^;aac(6')-Ib-cr.v2","-","mphA","-","-","sul1;sul2","tet(A).v1","-","dfrA12;dfrA14.v2*","OXA-1","-","CTX-M-15","-","-","SHV-1^","-","-","-","GyrA:p.Ser83Ile;ParC:p.Ser80Ile","-","Mrx*?-74%;catB3.v1?-70%","1",,,"wzi104","KL51","K51","Typeable","!","99.70%","-","OL2α.2","O1αβ,2β","Typeable","-","99.17%","-"
"oHcLQJA47C4uM2MstCcNZs","SAMN36884873","v3.2.4","6","Klebsiella pneumoniae","strong","67","307643","517128","5659558","yes (97)","ambiguous_bases","ST307",,"4","1","2","52","1","1","7","162","ybt 10; ICEKp4","47","12","4","3","3","35","50","3","10","23","2","-","0","-","-","-","-","-","-","-","-","-","-","-","-","-","-","-","-","-","0","-","-","-","-","-","-","-","0","-","-","-","-","-","-","0","-","-","-","-","-","1","-","-","strB.v1;strA.v1^;aac(6')-Ib-cr.v2","-","-","qnrB1.v2^;aac(6')-Ib-cr.v2","-","-","-","-","sul2","tet(A).v1","-","dfrA14.v2*","OXA-1","-","CTX-M-15","-","-","SHV-28^","-","-","-","GyrA:p.Ser83Ile;ParC:p.Ser80Ile","-","catB3.v1?-70%","1",,,"wzi173","KL102","unknown (KL102)","Typeable","-","99.66%","-","OL2α.2","O2β","Typeable","-","99.13%","-"
"p1V1vBbEzcSCkdctSoxGvv","SAMN31892431","v3.2.4","6","Klebsiella pneumoniae","strong","38","443324","763098","5425544","yes (589)","ambiguous_bases","ST86",,"9","4","2","1","1","1","27","202-1LV","ybt 9; ICEKp3","5","19","26","5*","1","79","53","9","5","5","21","-","0","-","-","-","-","-","-","-","-","-","-","-","-","-","-","-","-","-","1","iuc 1","1","1","1","1","1","-","1","iro 1","1","1","1","1","-","26","rmp 1; KpVP-1","2","2","2","-","4","-","rmpA2_9","-","-","-","-","-","-","-","-","-","-","-","-","-","-","-","-","-","SHV-1^","-","-","-","-","-","-","0",,,"wzi2","KL2","K2","Typeable","-","99.86%","-","OL2α.1","O1αβ,2α","Typeable","-","99.30%","-"
"7a1ykxskJv1qapxJNywMed","SAMN05960891","v3.2.4","6","Klebsiella pneumoniae","strong","52","421966","1002378","5289012","yes (199)","ambiguous_bases","ST1418",,"4","3","1","6","1","1","16","78-1LV","ybt 10; ICEKp4 (truncated)","3","12","4","11","3","21","18","3","10","16","2*-27%","-","0","-","-","-","-","-","-","-","-","-","-","-","-","-","-","-","-","-","0","-","-","-","-","-","-","-","0","-","-","-","-","-","-","0","-","-","-","-","-","1","-","-","aac(3)-IIa.v1;strB.v1*;strA.v1*","-","-","-","-","-","catII.2*","-","sul2","tet(D)","-","dfrA14.v2*","-","-","CTX-M-15","-","-","SHV-1*","-","-","-","-","-","-","1",,,"-","KL13","K13","Typeable","?4","99.53%","-","OL3γ","O3γ","Typeable","?3","99.70%","-"
"mEG2yitB17xAx7RyB2TzFe","SAMEA5753785","v3.2.4","6","Klebsiella pneumoniae","strong","43","256080","452870","5147218","yes (99)","ambiguous_bases","ST788",,"2","4","2","1","7","1","12","0","-","-","-","-","-","-","-","-","-","-","-","-","-","0","-","-","-","-","-","-","-","-","-","-","-","-","-","-","-","-","-","0","-","-","-","-","-","-","-","0","-","-","-","-","-","-","0","-","-","-","-","-","0","-","-","-","-","-","-","-","-","-","-","-","-","-","-","-","SHV-52","-","-","-","-","SHV:p.Leu35Gln;SHV:p.Met69Ile","-","-","-","-","fosA7.5*?-0%","0",,,"wzi417","KL151","unknown (KL151)","Typeable","?5","99.90%","-","OL5","O5","Typeable","-","98.29%","-"
"n2CUoGTd9tVyrfiBT4ETed","SAMEA112281696","v3.2.4","6","Klebsiella pneumoniae","strong","135","85451","194149","5428735","yes (3430)","ambiguous_bases","ST147",,"3","4","6","1","7","4","38","0","-","-","-","-","-","-","-","-","-","-","-","-","-","0","-","-","-","-","-","-","-","-","-","-","-","-","-","-","-","-","-","0","-","-","-","-","-","-","-","0","-","-","-","-","-","-","0","-","-","-","-","-","0","-","-","-","-","-","-","-","Mrx;mphA*;ermB.v1*","-","-","-","-","-","-","TEM-190^","-","-","-","-","SHV-11^","SHV:p.Leu35Gln","-","-","GyrA:p.Ser83Tyr;GyrA:p.Asp87Ala;ParC:p.Ser80Ile","-","-","0",,,"wzi420","KL10","K10","Untypeable","?4+!","98.91%","-","OL3α/β","O3αβ","Typeable","?2","99.37%","-"
"6aL7vq4KJdTV79PSuj1GVz","SAMEA5753751","v3.2.4","6","Klebsiella pneumoniae","strong","103","251154","471611","5637390","yes (191)","ambiguous_bases","ST3273",,"4","1","1","97","27","7","4","0","-","-","-","-","-","-","-","-","-","-","-","-","-","0","-","-","-","-","-","-","-","-","-","-","-","-","-","-","-","-","-","0","-","-","-","-","-","-","-","0","-","-","-","-","-","-","0","-","-","-","-","-","0","-","-","-","-","-","-","-","-","-","-","-","-","-","-","-","-","-","-","-","SHV-1^","-","-","-","-","-","-","0",,,"wzi160","KL39","K39","Typeable","?7","99.73%","-","OL2α.1","O2α","Typeable","?2","99.34%","-"
"rxVfJKht4cLS5bLKSJDCKR","SAMEA6654237","v3.2.4","6","Klebsiella pneumoniae","strong","105","349129","1055325","5581607","yes (520)","ambiguous_bases","ST17",,"2","1","1","1","4","4","4","230-1LV","ybt 15; ICEKp11","6","15","22","4","1","37","34*","14","1","4","17","-","0","-","-","-","-","-","-","-","-","-","-","-","-","-","-","-","-","-","0","-","-","-","-","-","-","-","0","-","-","-","-","-","-","0","-","-","-","-","-","1","-","-","aac(3)-IId^;strB.v1*;aph3-Ia.v1;strA.v1^;aadA2;rmtB","-","-","qnrS1","-","-","-","-","sul2*","tet(A).v1;tet(G).v1","-","dfrA12","-","-","CTX-M-15","-","OXA-181","SHV-11^","SHV:p.Leu35Gln","-","-","-","-","sul1?-63%;tetU*?-0%","2",,,"wzi141","KL25","K25","Typeable","?5","99.60%","-","OL5","O5","Typeable","-","98.19%","-"
"jvQjgseJhm24Wn9LABXPvi","SAMN05960880","v3.2.4","6","Klebsiella pneumoniae","strong","64","349734","813401","5649853","yes (293)","ambiguous_bases","ST14",,"1","6","1","1","1","1","1","95-3LV","ybt 10; ICEKp4","3","12","145","66","3","137","433","3","10","60","242","-","0","-","-","-","-","-","-","-","-","-","-","-","-","-","-","-","-","-","0","-","-","-","-","-","-","-","0","-","-","-","-","-","-","0","-","-","-","-","-","1","-","-","aac(3)-IIa.v1;aadA1.v1^","-","-","-","-","-","-","-","sul1^;sul2","tet(A).v1","-","dfrA1.v2","-","-","CTX-M-15","-","-","SHV-28^","-","-","-","-","-","SCO-1?-0%","1",,,"wzi396","KL174","unknown (KL174)","Typeable","-","99.93%","-","OL2α.2","O1αβ,2β","Typeable","-","98.64%","-"
"ddfGdB7UXRCGALkKxmFaLN","SAMEA6155864","v3.2.4","6","Klebsiella pneumoniae","strong","51","468629","1350389","5461069","yes (622)","ambiguous_bases","ST403",,"2","1","2","1","1","7","13","131","ybt 14; ICEKp5?","4","111","5","4","1","247","184","2","4","4","2","-","0","-","-","-","-","-","-","-","-","-","-","-","-","-","-","-","-","-","0","-","-","-","-","-","-","-","0","-","-","-","-","-","-","0","-","-","-","-","-","1","-","-","aac(3)-IId^;strB.v1*;strA.v1*","-","-","qnrB1.v1","-","-","-","-","sul2","-","-","dfrA14.v2*","-","-","CTX-M-15","-","-","SHV-11^","SHV:p.Leu35Gln","-","-","-","-","-","1",,,"-","KL105","unknown (KL105)","Typeable","!","98.95%","-","OL3γ","O3γ","Typeable","-","99.61%","-"
"hcU92hFmNNiurjLw162jVV","SAMEA5753742","v3.2.4","6","Klebsiella pneumoniae","strong","137","118119","339491","5519830","yes (195)","ambiguous_bases","ST151",,"4","1","32","1","7","4","10","0","-","-","-","-","-","-","-","-","-","-","-","-","-","0","-","-","-","-","-","-","-","-","-","-","-","-","-","-","-","-","-","0","-","-","-","-","-","-","-","0","-","-","-","-","-","-","0","-","-","-","-","-","0","-","-","-","-","-","-","-","-","-","-","-","-","-","-","-","-","-","-","-","SHV-1^","-","-","-","-","-","-","0",,,"wzi2","KL30","K30","Typeable","?12-","99.69%","KL30_15_wcuG","OL2α.2","O1αβ,2β","Typeable","?2","99.58%","-"
"9JRe5HbixsAja9CCPWngkQ","SAMN05960926","v3.2.4","6","Klebsiella pneumoniae","strong","45","383191","824245","5413575","yes (394)","ambiguous_bases","ST307",,"4","1","2","52","1","1","7","183-1LV","ybt 9; ICEKp3 (truncated)","5","11","6","5","1","25*-40%","37","9","5","5","11","-","0","-","-","-","-","-","-","-","-","-","-","-","-","-","-","-","-","-","0","-","-","-","-","-","-","-","0","-","-","-","-","-","-","0","-","-","-","-","-","1","-","-","strB.v1*;strA.v1*","-","-","-","-","-","-","-","sul2","tet(D)","-","dfrA14.v2*","-","-","CTX-M-15","-","-","SHV-28^","-","-","-","GyrA:p.Ser83Ile;ParC:p.Ser80Ile","-","-","1",,,"wzi173","KL102","unknown (KL102)","Typeable","-","99.66%","-","OL2α.2","O2β","Typeable","-","99.13%","-"
"tezudZ1n1Gw9XUJ9TSWAi3","SAMN36884880","v3.2.4","6","Klebsiella pneumoniae","strong","48","292498","727648","5594136","yes (100)","ambiguous_bases","ST45",,"2","1","1","6","7","1","12","80-1LV","ybt 10; ICEKp4","3","12","4","11","3","83","18*","3","10","16","2","-","0","-","-","-","-","-","-","-","-","-","-","-","-","-","-","-","-","-","0","-","-","-","-","-","-","-","0","-","-","-","-","-","-","0","-","-","-","-","-","1","-","-","strB.v1;strA.v1^","-","-","qnrS1","-","-","-","-","sul2","tet(A).v1","-","dfrA14.v2*","-","-","CTX-M-15","-","-","SHV-1","-","-","-","-","-","-","1",,,"wzi50","KL52","K52","Typeable","?3","99.95%","-","OL13","O13","Typeable","?3!","96.89%","-"
"fBGYQSGSRgUXkxAfUzEgjM","SAMN05960922","v3.2.4","6","Klebsiella pneumoniae","strong","89","321197","483456","5509744","yes (497)","ambiguous_bases","ST25",,"2","1","1","1","10","4","13","0","-","-","-","-","-","-","-","-","-","-","-","-","-","0","-","-","-","-","-","-","-","-","-","-","-","-","-","-","-","-","-","0","-","-","-","-","-","-","-","0","-","-","-","-","-","-","0","-","-","-","-","-","0","-","-","aac(3)-IIa.v1^;strB.v1;aph3-Ia.v1^;strA.v1;aac(6')-Ib-cr.v2","-","-","qnrS1;aac(6')-Ib-cr.v2","-","-","catA1*","-","sul1;sul2","tet(D)","-","dfrA15.v2","LAP-2;OXA-1","-","CTX-M-15","-","-","-","-","-","-","-","-","catB3.v1?-70%;SHV-187*?-59%","1",,,"wzi72","KL2","K2","Typeable","?2","99.53%","-","OL2α.2","O1αβ,2β","Typeable","-","99.55%","-"
"nM1MnsiU3sBdJUL3nWp3ka","SAMEA115925725","v3.2.4","6","Klebsiella pneumoniae","strong","62","316234","553782","5346921","yes (911)","ambiguous_bases","ST584",,"4","1","2","1","1","7","4","0","-","-","-","-","-","-","-","-","-","-","-","-","-","0","-","-","-","-","-","-","-","-","-","-","-","-","-","-","-","-","-","0","-","-","-","-","-","-","-","0","-","-","-","-","-","-","0","-","-","-","-","-","0","-","-","strB.v1;strA.v1^;aac(6')-Ib-cr.v2","-","-","qnrB1.v2^;aac(6')-Ib-cr.v2","-","-","-","-","sul2","tet(A).v1","-","dfrA14.v2*","OXA-1","-","CTX-M-15","-","-","SHV-168^","SHV:p.Ala146Val","-","-","-","-","catB3.v1?-70%","1",,,"wzi9","KL9","K9","Typeable","-","99.96%","-","OL2α.2","O2β","Typeable","-","99.01%","-"
"2BhSj3cMz4594YSASwtxkL","SAMN05960890","v3.2.4","6","Klebsiella pneumoniae","strong","69","369282","858049","5364860","yes (294)","ambiguous_bases","ST16",,"2","1","2","1","4","4","4","0","-","-","-","-","-","-","-","-","-","-","-","-","-","0","-","-","-","-","-","-","-","-","-","-","-","-","-","-","-","-","-","0","-","-","-","-","-","-","-","0","-","-","-","-","-","-","0","-","-","-","-","-","0","-","-","strB.v1;strA.v1","-","-","-","-","-","catA1*","-","sul2","tet(D)","-","dfrA5","-","-","-","-","-","-","-","-","-","-","-","SHV-129?-60%;SHV-207*?-0%","0",,,"wzi99","KL128","unknown (KL128)","Typeable","-","99.95%","-","OL3γ","O3γ","Typeable","-","99.62%","-"
"faypdcoEdQ83fxa2afSAzK","SAMEA5753788","v3.2.4","6","Klebsiella pneumoniae","strong","72","208446","720930","5304427","yes (203)","ambiguous_bases","ST37",,"2","9","2","1","13","1","16","0","-","-","-","-","-","-","-","-","-","-","-","-","-","0","-","-","-","-","-","-","-","-","-","-","-","-","-","-","-","-","-","0","-","-","-","-","-","-","-","0","-","-","-","-","-","-","0","-","-","-","-","-","0","-","-","-","-","-","-","-","-","-","-","-","-","-","-","-","-","-","-","-","SHV-11^","SHV:p.Leu35Gln","-","-","-","-","-","0",,,"wzi96","KL38","K38","Typeable","?7-","99.84%","KL38_11_wzx;KL38_12_wckS","OL3γ","O3γ","Typeable","-","99.67%","-"
"ejSuDDKNELtXastMKdP4Gn","SAMN36943785","v3.2.4","6","Klebsiella pneumoniae","strong","132","94271","348077","5184026","yes (297)","ambiguous_bases","ST742-1LV",,"2","1","2","4","1","1","56","0","-","-","-","-","-","-","-","-","-","-","-","-","-","0","-","-","-","-","-","-","-","-","-","-","-","-","-","-","-","-","-","0","-","-","-","-","-","-","-","0","-","-","-","-","-","-","0","-","-","-","-","-","0","-","-","aadA1.v1^","-","-","-","-","-","-","-","sul1","-","-","dfrA1.v2^","-","-","-","-","-","SHV-62","SHV:p.Leu35Gln","-","-","-","-","-","0",,,"wzi81","KL120","unknown (KL120)","Typeable","?4!","99.14%","-","OL4","O4","Typeable","-","99.50%","-"
"e5mdCN625ogAAYe5GmcRV7","SAMEA6155820","v3.2.4","6","Klebsiella pneumoniae","strong","60","364726","898614","5576013","yes (600)","ambiguous_bases","ST307",,"4","1","2","52","1","1","7","0","-","-","-","-","-","-","-","-","-","-","-","-","-","0","-","-","-","-","-","-","-","-","-","-","-","-","-","-","-","-","-","0","-","-","-","-","-","-","-","0","-","-","-","-","-","-","0","-","-","-","-","-","0","-","-","aac(3)-IIa.v1;strB.v1*;strA.v1*","-","-","-","-","-","catII.2*","-","sul2","tet(D)","-","dfrA14.v2*","-","-","CTX-M-15","-","-","SHV-28^","-","-","-","GyrA:p.Ser83Ile;ParC:p.Ser80Ile","-","-","1",,,"wzi173","KL102","unknown (KL102)","Typeable","-","99.66%","-","OL2α.2","O2β","Typeable","-","99.13%","-"
"pgkxyugKU2zuw5sikZPgng","SAMEA5753438","v3.2.4","6","Klebsiella pneumoniae","strong","129","187212","401177","5426721","yes (98)","ambiguous_bases","ST1119",,"2","79","1","1","7","4","4","0","-","-","-","-","-","-","-","-","-","-","-","-","-","0","-","-","-","-","-","-","-","-","-","-","-","-","-","-","-","-","-","0","-","-","-","-","-","-","-","0","-","-","-","-","-","-","0","-","-","-","-","-","0","-","-","strB.v1;strA.v1;aadA1.v1^","-","-","-","-","-","-","-","sul1*;sul2","tet(A).v1","-","dfrA1.v2","-","-","-","-","-","SHV-11^","SHV:p.Leu35Gln","-","-","-","-","-","0",,,"-","KL110","unknown (KL110)","Typeable","?7!","99.63%","-","OL3γ","O3γ","Typeable","?4","99.63%","-"
"xgpU71frMpZk9hN4NX7dRs","SAMEA6155823","v3.2.4","6","Klebsiella pneumoniae","strong","117","118166","350212","5129202","yes (688)","ambiguous_bases","ST340",,"3","3","1","1","1","1","18","0","-","-","-","-","-","-","-","-","-","-","-","-","-","0","-","-","-","-","-","-","-","-","-","-","-","-","-","-","-","-","-","0","-","-","-","-","-","-","-","0","-","-","-","-","-","-","0","-","-","-","-","-","0","-","-","aadA2","-","-","-","-","-","catII.2*","-","sul1","tet(D)","-","dfrA14.v2*","-","-","CTX-M-15","-","-","SHV-11","SHV:p.Leu35Gln","-","-","GyrA:p.Ser83Ile;GyrA:p.Asp87Asn;ParC:p.Ser80Ile","-","-","1",,,"wzi50","KL15","Capsule null","Typeable","?3!","99.94%","-","OL4","O4","Typeable","?3","99.55%","-"
"jHHRPhXLii1thENvb2beLw","SAMEA6155815","v3.2.4","6","Klebsiella pneumoniae","strong","85","314567","702212","5616661","yes (1274)","ambiguous_bases","ST101",,"2","6","1","5","4","1","6","172-2LV","ybt 9; ICEKp3","5","11","6","5","1","25","78*","9","5","5","11","-","0","-","-","-","-","-","-","-","-","-","-","-","-","-","-","-","-","-","0","-","-","-","-","-","-","-","0","-","-","-","-","-","-","0","-","-","-","-","-","1","-","-","aac(3)-IIa.v1^;strB.v1*;aph3-Ia.v1^;strA.v1*;aac(6')-Ib-cr.v2","-","-","qnrB1.v1;aac(6')-Ib-cr.v2","-","-","catA1*;catII.2*","-","sul2","tet(D)","-","dfrA14.v2*","OXA-1","-","CTX-M-15","-","-","SHV-1^","-","OmpK35:p.Ala229fs","-","GyrA:p.Ser83Tyr;GyrA:p.Asp87Ala;ParC:p.Ser80Ile","-","catB3.v1?-70%","1",,,"wzi137","KL17","K17","Typeable","-","99.99%","-","OL2α.1","O1αβ,2α","Typeable","-","98.92%","-"
"eg8oUWgBXJvf811JNgE1hX","SAMEA5753414","v3.2.4","6","Klebsiella pneumoniae","strong","97","173245","408721","5589507","yes (291)","ambiguous_bases","ST528",,"32","5","1","1","9","4","18","0","-","-","-","-","-","-","-","-","-","-","-","-","-","0","-","-","-","-","-","-","-","-","-","-","-","-","-","-","-","-","-","0","-","-","-","-","-","-","-","0","-","-","-","-","-","-","0","-","-","-","-","-","0","-","-","strB.v1;strA.v1","-","-","qnrS1","-","-","-","-","sul2","-","-","dfrA26;dfrA14.v2*","-","-","-","-","-","SHV-11^","SHV:p.Leu35Gln","-","-","-","-","-","0",,,"wzi99","KL128","unknown (KL128)","Typeable","?7","99.85%","-","OL3γ","O3γ","Typeable","-","99.78%","-"
"sEcKy31N8HPrfyASy8cmMa","SAMEA6654248","v3.2.4","6","Klebsiella pneumoniae","strong","98","273810","501410","5714104","yes (618)","ambiguous_bases","ST48",,"2","5","2","2","7","1","10","277-1LV","ybt 16; ICEKp12","6","15","5","4","11","33","371","2","11","4","2","-","0","-","-","-","-","-","-","-","-","-","-","-","-","-","-","-","-","-","0","-","-","-","-","-","-","-","0","-","-","-","-","-","-","0","-","-","-","-","-","1","-","-","aac(3)-IId^;strB.v1;aph3-Ia.v1;strA.v1^;aadA2;rmtB;aac(6')-Ib-cr.v2","-","-","qnrS1;aac(6')-Ib-cr.v2","-","-","-","-","sul2^","tet(A).v1;tet(G).v1","-","dfrA12","OXA-1","-","CTX-M-15","-","OXA-181","SHV-1^","-","-","-","GyrA:p.Ser83Tyr","-","sul1?-63%;catB3.v1?-70%","2",,,"wzi62","KL62","K62","Typeable","!","99.81%","-","OL2α.1","O1αβ,2α","Typeable","-","98.54%","-"
"9Uhc2FSEo32fmMFRJYhcUU","SAMEA7472465","v3.2.4","6","Klebsiella pneumoniae","strong","88","189996","590931","5356478","yes (496)","ambiguous_bases","ST73",,"2","3","4","1","12","6","19","0","-","-","-","-","-","-","-","-","-","-","-","-","-","0","-","-","-","-","-","-","-","-","-","-","-","-","-","-","-","-","-","0","-","-","-","-","-","-","-","0","-","-","-","-","-","-","0","-","-","-","-","-","0","-","-","aac(3)-IIa.v1^;strB.v1;strA.v1^;aac(6')-Ib-cr.v2","-","-","qnrB1.v2^;aac(6')-Ib-cr.v2","-","-","-","-","sul2","tet(A).v1","-","dfrA14.v2*","OXA-1","-","CTX-M-15","-","-","SHV-1^","-","-","-","-","-","catB3.v1?-70%","1",,,"wzi133","KL25","K25","Typeable","?2!","99.05%","-","OL2α.1","O1αβ,2α","Typeable","-","98.91%","-"
"tnDHfYfwy9D5yExRP7cXYM","SAMEA6155776","v3.2.4","6","Klebsiella pneumoniae","strong","61","473936","1017610","5485426","yes (682)","ambiguous_bases","ST530",,"2","39","2","1","1","4","24","303-1LV","ybt 13; ICEKp2","6","4","20","61","1","253","299*","2","76","4","2","-","0","-","-","-","-","-","-","-","-","-","-","-","-","-","-","-","-","-","0","-","-","-","-","-","-","-","0","-","-","-","-","-","-","0","-","-","-","-","-","1","-","-","aac(3)-IIa.v1^;strB.v1;aph3-Ia.v1^;strA.v1^;aac(6')-Ib-cr.v2","-","-","qnrB1.v2^;aac(6')-Ib-cr.v2","-","-","catA1^","-","sul2","tet(A).v1","-","dfrA14.v2*","OXA-1","-","CTX-M-15","-","NDM-5","SHV-1^","-","-","-","-","-","catB3.v1?-70%","2",,,"wzi62","KL62","K62","Typeable","!","99.77%","-","OL2α.2","O1αβ,2β","Typeable","-","99.47%","-"
"hW2fuA7K2os5f23Tb3Me4V","SAMEA6155810","v3.2.4","6","Klebsiella pneumoniae","strong","53","528815","2075368","5740229","yes (1273)","ambiguous_bases","ST1801",,"2","1","1","26","3","5","54","0","-","-","-","-","-","-","-","-","-","-","-","-","-","0","-","-","-","-","-","-","-","-","-","-","-","-","-","-","-","-","-","0","-","-","-","-","-","-","-","0","-","-","-","-","-","-","0","-","-","-","-","-","0","-","-","aac(3)-IIa.v1^;strB.v1;strA.v1^;aac(6')-Ib-cr.v2","-","-","qnrB1.v2^;aac(6')-Ib-cr.v2","-","-","catA1*","-","sul2","-","-","dfrA14.v2*","OXA-1","-","CTX-M-15","-","-","SHV-11^","SHV:p.Leu35Gln","-","-","-","-","catB3.v1?-70%;fosA7*?-0%","1",,,"wzi433","KL35","K35","Typeable","-","99.69%","-","OL2α.1","O1αβ,2α","Typeable","-","98.97%","-"
"8NV8QKADQ1BfixSmgJy7Uc","SAMN05960944","v3.2.4","6","Klebsiella pneumoniae","strong","141","162706","493758","5784769","yes (210)","ambiguous_bases","ST12",,"6","3","1","1","12","1","4","0","-","-","-","-","-","-","-","-","-","-","-","-","-","0","-","-","-","-","-","-","-","-","-","-","-","-","-","-","-","-","-","0","-","-","-","-","-","-","-","0","-","-","-","-","-","-","0","-","-","-","-","-","0","-","-","aac(3)-IIa.v1^;aac(6')-Ib-cr.v2","-","-","qnrS1;aac(6')-Ib-cr.v2","-","-","-","-","sul2","tet(A).v1","-","dfrA1.v2;dfrA15.v2","OXA-1","-","CTX-M-15","-","-","SHV-11^","SHV:p.Leu35Gln","-","-","-","strA.v1?-0%;strB.v1?-0%","aadA?-76%;sul1?-0%;catB3.v1*?-70%","1",,,"wzi88","KL157","unknown (KL157)","Typeable","?2!","99.82%","-","OL2α.1","O2α","Typeable","-","98.95%","-"
"jBWJnZFCPoUasGYswoHSLE","SAMEA6155879","v3.2.4","6","Klebsiella pneumoniae","strong","55","378782","898727","5579135","yes (784)","ambiguous_bases","ST307",,"4","1","2","52","1","1","7","0","-","-","-","-","-","-","-","-","-","-","-","-","-","0","-","-","-","-","-","-","-","-","-","-","-","-","-","-","-","-","-","0","-","-","-","-","-","-","-","0","-","-","-","-","-","-","0","-","-","-","-","-","0","-","-","aac(3)-IIa.v1;strB.v1*;strA.v1*","-","-","-","-","-","catII.2*","-","sul2","tet(D)","-","dfrA14.v2*","-","-","CTX-M-15","-","-","SHV-28^","-","-","-","GyrA:p.Ser83Ile;ParC:p.Ser80Ile","-","-","1",,,"wzi173","KL102","unknown (KL102)","Typeable","-","99.66%","-","OL2α.2","O2β","Typeable","-","99.13%","-"
"46UxQkGvaUxFbWw1rB64GG","SAMEA8515152","v3.2.4","6","Klebsiella pneumoniae","strong","101","192893","413123","5463325","yes (600)","ambiguous_bases","ST39",,"2","1","2","4","9","1","14","595","ybt 14; ICEKp5","4","4","5","4","1","275","328","2","4","4","2","-","0","-","-","-","-","-","-","-","-","-","-","-","-","-","-","-","-","-","0","-","-","-","-","-","-","-","0","-","-","-","-","-","-","0","-","-","-","-","-","1","-","-","-","-","-","-","-","-","-","-","-","-","-","-","-","-","-","-","NDM-7","SHV-1^","-","-","-","-","-","-","2",,,"wzi83","KL23","K23","Typeable","-","99.94%","-","OL2α.2","O1αβ,2β","Typeable","-","98.91%","-"
"uvEkq8mRRQPLumxuH3dDwK","SAMEA7472478","v3.2.4","6","Klebsiella pneumoniae","strong","59","457046","709371","5501729","yes (399)","ambiguous_bases","ST985",,"10","3","2","2","6","4","4","277","ybt 16; ICEKp12","6","15","5","4","11","33","23","2","11","4","2","-","0","-","-","-","-","-","-","-","-","-","-","-","-","-","-","-","-","-","0","-","-","-","-","-","-","-","0","-","-","-","-","-","-","0","-","-","-","-","-","1","-","-","aac(3)-IIa.v1^;strB.v1;strA.v1^;aac(6')-Ib-cr.v2","-","-","qnrB1.v2^;aac(6')-Ib-cr.v2","-","-","-","-","sul2","tet(A).v1","-","dfrA14.v2*","OXA-1","-","CTX-M-15","-","-","SHV-187","-","-","-","-","-","catB3.v1?-70%","1",,,"wzi39","KL39","K39","Typeable","?5-","99.79%","KL39_08_wzy","OL2α.2","O1αβ,2β","Typeable","?2","99.42%","-"
"58aMnX4kKX9ABNVDDPNY9Z","SAMEA5753415","v3.2.4","6","Klebsiella pneumoniae","strong","53","349849","821017","5352033","yes (289)","ambiguous_bases","ST1049",,"2","3","4","97","12","1","39","0","-","-","-","-","-","-","-","-","-","-","-","-","-","0","-","-","-","-","-","-","-","-","-","-","-","-","-","-","-","-","-","0","-","-","-","-","-","-","-","0","-","-","-","-","-","-","0","-","-","-","-","-","0","-","-","aadA2","-","-","-","-","-","cmlA4*","-","sul1;sul2","tet(D)","-","dfrA15.v2*","-","-","-","-","-","SHV-142^","SHV:p.Leu35Gln","-","-","-","-","-","0",,,"wzi208","KL5","K5","Typeable","?5","99.45%","-","OL2α.1","O1αβ,2α","Typeable","-","99.06%","-"
"wWnFWWZgQSRdZXLHG7jxP7","SAMN05960892","v3.2.4","6","Klebsiella pneumoniae","strong","103","287096","728114","5671830","yes (99)","ambiguous_bases","ST39",,"2","1","2","4","9","1","14","0","-","-","-","-","-","-","-","-","-","-","-","-","-","0","-","-","-","-","-","-","-","-","-","-","-","-","-","-","-","-","-","0","-","-","-","-","-","-","-","0","-","-","-","-","-","-","0","-","-","-","-","-","0","-","-","aac(3)-IIa.v1;aadA^","-","-","-","-","-","catA1*","-","sul1^","tet(A).v1","-","dfrA15.v2","SCO-1","-","-","-","-","SHV-11^","SHV:p.Leu35Gln","-","-","-","-","-","0",,,"wzi104","KL51","K51","Typeable","-","99.69%","-","OL2α.2","O1αβ,2β","Typeable","-","99.15%","-"
"bquu8zBfyYvHZZL78qD6tj","SAMN05960941","v3.2.4","6","Klebsiella pneumoniae","strong","102","214224","483089","5587128","yes (491)","ambiguous_bases","ST17",,"2","1","1","1","4","4","4","294","ybt 16; ICEKp12","6","15","5","4","11","286","304","2","11","4","2","-","0","-","-","-","-","-","-","-","-","-","-","-","-","-","-","-","-","-","0","-","-","-","-","-","-","-","0","-","-","-","-","-","-","0","-","-","-","-","-","1","-","-","aac(3)-IIa.v1;strB.v1*;strA.v1*","-","-","-","-","-","-","-","sul2","tet(D)","-","dfrA14.v2*","-","-","CTX-M-15","-","-","SHV-11^","SHV:p.Leu35Gln","-","-","-","-","-","1",,,"wzi2","KL2","K2","Typeable","-","99.83%","-","OL2α.1","O2α","Typeable","?2","100.00%","-"
"8VXzR8XaRRP1JhFB24qeEc","SAMEA111505120","v3.2.4","6","Klebsiella pneumoniae","strong","70","232501","627958","5561368","yes (1156)","ambiguous_bases","ST101",,"2","6","1","5","4","1","6","172-1LV","ybt 9; ICEKp3","5","11","6","5","1","25","78","9","5","5","11","-","0","-","-","-","-","-","-","-","-","-","-","-","-","-","-","-","-","-","0","-","-","-","-","-","-","-","0","-","-","-","-","-","-","0","-","-","-","-","-","1","-","-","aac(3)-IIa.v1^;strB.v1;strA.v1^;aac(6')-Ib-cr.v2","-","-","qnrB1.v1;aac(6')-Ib-cr.v2","-","-","catII.2*","-","sul2","tet(A).v1","-","dfrA14.v2*","OXA-1","-","CTX-M-15","-","-","SHV-1^","-","OmpK35:p.Ile11fs","-","GyrA:p.Ser83Tyr;GyrA:p.Asp87Ala;ParC:p.Ser80Ile","-","catB3.v1?-70%","1",,,"wzi137","KL17","K17","Typeable","-","100.00%","-","OL2α.1","O1αβ,2α","Typeable","-","98.89%","-"
"kqeLJxAzwr882v6QkeP2k1","SAMN05960878","v3.2.4","6","Klebsiella pneumoniae","strong","70","281526","1373806","5591853","yes (289)","ambiguous_bases","ST17",,"2","1","1","1","4","4","4","277","ybt 16; ICEKp12","6","15","5","4","11","33","23","2","11","4","2","-","0","-","-","-","-","-","-","-","-","-","-","-","-","-","-","-","-","-","0","-","-","-","-","-","-","-","0","-","-","-","-","-","-","0","-","-","-","-","-","1","-","-","aac(3)-IIa.v1;strB.v1*;strA.v1*","-","-","-","-","-","catII.2*","-","sul2","tet(D)","-","dfrA14.v2*","-","-","CTX-M-15","-","-","SHV-11^","SHV:p.Leu35Gln","-","-","-","-","-","1",,,"wzi141","KL25","K25","Typeable","!","99.65%","-","OL5","O5","Typeable","-","98.23%","-"
"w5D7sGqDTbHY3uzAgdVS9g","SAMEA6155850","v3.2.4","6","Klebsiella pneumoniae","strong","74","388792","1254626","5843055","yes (492)","ambiguous_bases","ST147",,"3","4","6","1","7","4","38","280","ybt 16; ICEKp12","6","15","5","4","11","125","129","2","11","51","2","-","0","-","-","-","-","-","-","-","-","-","-","-","-","-","-","-","-","-","0","-","-","-","-","-","-","-","0","-","-","-","-","-","-","0","-","-","-","-","-","1","-","-","strB.v1;strA.v1;aadA^;aac(6')-Ib-cr.v2","-","-","qnrS1;aac(6')-Ib-cr.v2","-","Mrx;mphA","catA1^","-","sul1","tet(A).v1","-","dfrA15.v2","OXA-1","-","CTX-M-15","-","-","SHV-229*","SHV:p.Leu35Gln","OmpK35:p.Met2fs","-","GyrA:p.Ser83Ile;ParC:p.Ser80Ile","-","catB3.v1?-70%","1",,,"wzi64","KL64","K64","Typeable","-","99.98%","-","OL2α.1","O2α","Typeable","-","99.03%","-"
"dsMn34yULN54GxBEgXT361","SAMEA6155856","v3.2.4","6","Klebsiella pneumoniae","strong","41","451955","1013703","5410836","yes (785)","ambiguous_bases","ST5243",,"2","1","1","347","9","1","12","0","-","-","-","-","-","-","-","-","-","-","-","-","-","0","-","-","-","-","-","-","-","-","-","-","-","-","-","-","-","-","-","0","-","-","-","-","-","-","-","0","-","-","-","-","-","-","0","-","-","-","-","-","0","-","-","-","-","-","qnrS1","-","-","-","-","sul1","-","-","dfrA15.v2","-","-","-","-","-","SHV-36","SHV:p.Leu35Gln","-","-","-","-","-","0",,,"wzi12","KL12","K12","Typeable","-","99.94%","-","OL2α.1","O1αβ,2α","Typeable","-","98.55%","-"
"aHQ3Jixe7VnXW3ieupEnPf","SAMEA7472398","v3.2.4","6","Klebsiella pneumoniae","strong","97","209599","478003","5516048","yes (395)","ambiguous_bases","ST11",,"3","3","1","1","1","1","4","183","ybt 9; ICEKp3","5","11","6","5","1","25","37","9","5","5","11","-","0","-","-","-","-","-","-","-","-","-","-","-","-","-","-","-","-","-","0","-","-","-","-","-","-","-","0","-","-","-","-","-","-","0","-","-","-","-","-","1","-","-","aac(3)-IIa.v1^;aadA2^;aac(6')-Ib-cr.v2","-","-","aac(6')-Ib-cr.v2","-","Mrx;mphA","-","-","sul1","-","-","dfrA12","OXA-1","-","CTX-M-15","-","NDM-5","SHV-11","SHV:p.Leu35Gln","-","-","GyrA:p.Ser83Ile;ParC:p.Ser80Ile","-","catB3.v1?-70%","2",,,"wzi50","KL15","K15","Typeable","?4","99.92%","-","OL4","O4","Typeable","?2","99.40%","-"
"x3LoLQefs6Bsf7wC8SHqPC","SAMEA6422781","v3.2.4","6","Klebsiella pneumoniae","strong","94","378713","1213129","5947030","yes (1666)","ambiguous_bases","ST307",,"4","1","2","52","1","1","7","277-1LV","ybt 16; ICEKp12","6","15","5","4","11","33","437","2","11","4","2","-","0","-","-","-","-","-","-","-","-","-","-","-","-","-","-","-","-","-","0","-","-","-","-","-","-","-","0","-","-","-","-","-","-","0","-","-","-","-","-","1","-","-","aac(3)-IIa.v1;aadA16*;aph(3')-VI;aadA2^;armA;aac(6')-Ib-cr.v2*","-","-","aac(6')-Ib-cr.v2*","-","msrE;mphE.v2^","catII.2*","arr-3","sul1","tet(D)","-","dfrA12;dfrA27","SCO-1;OXA-9.v1","-","CTX-M-15","-","NDM-1","SHV-28^","-","OmpK35:c.T78del","-","GyrA:p.Ser83Ile;ParC:p.Ser80Ile","aadA24*?-0%","-","2",,,"wzi173","KL102","unknown (KL102)","Typeable","-","99.66%","-","OL2α.2","O2β","Typeable","-","99.13%","-"
"uE5yuLRjxRh8HEaZzJ8qyu","SAMEA115925724","v3.2.4","6","Klebsiella pneumoniae","strong","91","210571","498753","5358171","yes (298)","ambiguous_bases","ST13",,"2","3","1","1","10","1","19","107-2LV","ybt 10; ICEKp4 (truncated)","3","3","4","3*-90%","3","7*-10%","7","3","3","3","32","-","0","-","-","-","-","-","-","-","-","-","-","-","-","-","-","-","-","-","0","-","-","-","-","-","-","-","0","-","-","-","-","-","-","0","-","-","-","-","-","1","-","-","aac(3)-IIa.v1^;strB.v1*;strA.v1*;aadA2^;aac(6')-Ib-cr.v2","-","-","qnrS1;aac(6')-Ib-cr.v2","-","Mrx;mphA","-","-","sul1;sul2","tet(A).v1","-","dfrA12","OXA-1","-","CTX-M-15","-","-","SHV-1^","-","-","-","-","-","catB3.v1?-70%","1",,,"-","KL57","K57","Typeable","?2!","98.26%","-","OL2α.2","O1αβ,2β","Typeable","-","98.97%","-"
"spa5BonHmewtQxFfRGzo3Z","SAMEA7472502","v3.2.4","6","Klebsiella pneumoniae","strong","95","306385","772810","5639622","yes (294)","ambiguous_bases","ST20",,"2","3","1","1","4","4","4","0","-","-","-","-","-","-","-","-","-","-","-","-","-","0","-","-","-","-","-","-","-","-","-","-","-","-","-","-","-","-","-","0","-","-","-","-","-","-","-","0","-","-","-","-","-","-","0","-","-","-","-","-","0","-","-","aph(3')-VI;aadA2^;armA","-","-","-","-","msrE*;mphE.v2^","-","-","sul1","tet(D)","-","dfrA12","-","-","-","-","NDM-1","SHV-187","-","-","-","-","-","-","2",,,"wzi84","KL28","K28","Typeable","?4","99.82%","-","OL2α.2","O1αβ,2β","Typeable","-","99.07%","-"
"9sE5qy5xqsGY2xaodzMopi","SAMEA6155839","v3.2.4","6","Klebsiella pneumoniae","strong","66","282775","807748","5556355","yes (988)","ambiguous_bases","ST147",,"3","4","6","1","7","4","38","0","-","-","-","-","-","-","-","-","-","-","-","-","-","0","-","-","-","-","-","-","-","-","-","-","-","-","-","-","-","-","-","0","-","-","-","-","-","-","-","0","-","-","-","-","-","-","0","-","-","-","-","-","0","-","-","aac(3)-IId^;strB.v1;strA.v1^;aadA2^;armA","-","-","-","-","msrE;mphE.v2","-","-","sul1;sul2","-","-","dfrA12","-","-","-","-","-","SHV-11^","SHV:p.Leu35Gln","-","-","GyrA:p.Ser83Tyr;GyrA:p.Asp87Ala;ParC:p.Ser80Ile","CTX-M-156?-83%","-","0",,,"wzi420","KL10","K10","Typeable","?3","99.00%","-","OL3α/β","O3αβ","Typeable","?3","99.38%","-"
"3AJK3c5jFBmgxDy2gChsW6","SAMEA111505141","v3.2.4","6","Klebsiella pneumoniae","strong","80","215055","545105","5433966","yes (1219)","ambiguous_bases","ST5240",,"2","3","1","1","4","1","18","277","ybt 16; ICEKp12","6","15","5","4","11","33","23","2","11","4","2","-","0","-","-","-","-","-","-","-","-","-","-","-","-","-","-","-","-","-","0","-","-","-","-","-","-","-","0","-","-","-","-","-","-","0","-","-","-","-","-","1","-","-","aac(3)-IIa.v1;strB.v1*;strA.v1*","-","-","-","-","-","catII.2*","-","sul2","tet(D)","-","dfrA14.v2*","-","-","CTX-M-15","-","-","SHV-1*","-","-","-","-","-","-","1",,,"wzi173","KL102","unknown (KL102)","Typeable","?2","99.63%","-","OL2α.2","O2β","Typeable","-","99.02%","-"
"bzCc3Xerf8PwGcW2vKZFtx","SAMEA6155797","v3.2.4","6","Klebsiella pneumoniae","strong","20","734790","2062246","5121893","yes (788)","ambiguous_bases","ST5241",,"2","5","399","1","4","1","4","0","-","-","-","-","-","-","-","-","-","-","-","-","-","0","-","-","-","-","-","-","-","-","-","-","-","-","-","-","-","-","-","0","-","-","-","-","-","-","-","0","-","-","-","-","-","-","0","-","-","-","-","-","0","-","-","aac(3)-IIa.v1;strA.v1*","-","-","qnrS1","-","-","-","-","sul2","tet(D)","-","dfrA14.v2*","-","-","-","-","-","SHV-1","-","-","-","-","-","-","0",,,"wzi95","KL123","unknown (KL123)","Typeable","-","97.33%","-","OL5","O5","Typeable","-","98.25%","-"
"pDiV8Gt7SwFFgreytfi7Hs","SAMN05960927","v3.2.4","6","Klebsiella pneumoniae","strong","64","301778","562700","5438437","yes (98)","ambiguous_bases","ST101",,"2","6","1","5","4","1","6","0","-","-","-","-","-","-","-","-","-","-","-","-","-","0","-","-","-","-","-","-","-","-","-","-","-","-","-","-","-","-","-","0","-","-","-","-","-","-","-","0","-","-","-","-","-","-","0","-","-","-","-","-","0","-","-","aadA2","-","-","-","-","-","catII.2*","-","sul1;sul2","tet(D)","-","dfrA16.v2","-","-","-","-","-","SHV-1^","-","-","-","-","-","-","0",,,"wzi29","KL106","unknown (KL106)","Typeable","?2+!","99.89%","-","OL2α.2","O1αβ,2β","Typeable","-","99.17%","-"
"azq911uyDWwcXBStdjpCVW","SAMEA6155880","v3.2.4","6","Klebsiella pneumoniae","strong","19","922866","1910846","5124515","yes (1374)","ambiguous_bases","ST5241",,"2","5","399","1","4","1","4","0","-","-","-","-","-","-","-","-","-","-","-","-","-","0","-","-","-","-","-","-","-","-","-","-","-","-","-","-","-","-","-","0","-","-","-","-","-","-","-","0","-","-","-","-","-","-","0","-","-","-","-","-","0","-","-","aac(3)-IIa.v1;strA.v1*","-","-","qnrS1","-","-","-","-","sul2","tet(D)","-","dfrA14.v2*","-","-","-","-","-","SHV-1","-","-","-","-","-","-","0",,,"wzi95","KL123","unknown (KL123)","Typeable","-","97.33%","-","OL5","O5","Typeable","-","98.25%","-"
"xguuWbXG7xoxRmrunrFe1U","SAMN05960871","v3.2.4","6","Klebsiella pneumoniae","strong","72","200282","425776","5164534","yes (97)","ambiguous_bases","ST3613",,"4","1","254","1","177","1","35","0","-","-","-","-","-","-","-","-","-","-","-","-","-","0","-","-","-","-","-","-","-","-","-","-","-","-","-","-","-","-","-","0","-","-","-","-","-","-","-","0","-","-","-","-","-","-","0","-","-","-","-","-","0","-","-","-","-","-","-","-","-","-","-","-","-","-","-","-","-","-","-","-","SHV-1^","-","-","-","-","-","-","0",,,"-","KL166","unknown (KL166)","Untypeable","?2-+!","92.14%","KL166_06_wzc;KL166_10_wcuP;KL166_21_rmlC;KL166_12_wcmY;KL166_11_wcuF;KL166_07;KL166_09_wzy;KL166_02_cpsACP;KL166_20_rmlD;KL166_13_wcuC;KL166_14_wcaJ;KL166_05_wzb;KL166_08_wzx;KL166_18_rmlB","OL2α.3","O11αβ,2γ","Typeable","-","97.08%","-"
"xaMyne9sa6U6DnZNNRE8F6","SAMEA6654227","v3.2.4","6","Klebsiella pneumoniae","strong","74","375725","896241","5762079","yes (495)","ambiguous_bases","ST17",,"2","1","1","1","4","4","4","230-1LV","ybt 15; ICEKp11","6","15","22","4","1","37","34*","14","1","4","17","-","0","-","-","-","-","-","-","-","-","-","-","-","-","-","-","-","-","-","0","-","-","-","-","-","-","-","0","-","-","-","-","-","-","0","-","-","-","-","-","1","-","-","aac(3)-IId^;strB.v1;aph3-Ia.v1;strA.v1^;aadA2;rmtB","-","-","qnrS1","-","Mrx;mphA","-","-","sul2*","tet(A).v1;tet(G).v1","-","dfrA12;dfrA14.v2*","-","-","CTX-M-15","-","OXA-181","SHV-11^","SHV:p.Leu35Gln","-","-","-","-","sul1?-63%","2",,,"wzi141","KL25","Capsule null","Typeable","?4!","96.69%","-","OL5","O5","Typeable","-","98.19%","-"
"d7R2MQLB35hj2Ej9upd6M1","SAMEA112622402","v3.2.4","6","Klebsiella pneumoniae","strong","489","19725","86024","5276713","yes (2066)","ambiguous_bases","ST39",,"2","1","2","4","9","1","14","378-2LV","ybt 15; ICEKp11 (truncated)","6","15","22","4*-71%","1","37","44*","14","1","4","17","-","0","-","-","-","-","-","-","-","-","-","-","-","-","-","-","-","-","-","0","-","-","-","-","-","-","-","0","-","-","-","-","-","-","0","-","-","-","-","-","1","-","-","aadA2^","-","-","-","-","-","-","-","sul1","tet(A).v1","-","dfrA12;dfrA7","-","-","-","-","-","SHV-11^","SHV:p.Leu35Gln","-","-","-","aph3-Ia.v1*?-0%","-","0",,,"wzi62","KL62","K62","Typeable","?3!","99.83%","-","OL2α.2","O1αβ,2β","Typeable","-","99.46%","-"
"i3xxvB6hAz3pnsd5StVfSj","SAMEA5753760","v3.2.4","6","Klebsiella pneumoniae","strong","77","203498","408136","5368913","yes (100)","ambiguous_bases","ST3278",,"4","1","1","1","9","1","218","0","-","-","-","-","-","-","-","-","-","-","-","-","-","0","-","-","-","-","-","-","-","-","-","-","-","-","-","-","-","-","-","0","-","-","-","-","-","-","-","0","-","-","-","-","-","-","0","-","-","-","-","-","0","-","-","-","-","-","-","-","-","-","-","-","-","-","-","-","-","-","-","-","SHV-11^","SHV:p.Leu35Gln","-","-","-","-","-","0",,,"wzi191","KL125","unknown (KL125)","Typeable","?7-","94.18%","KL125_15;KL125_09_wzy;KL125_14_wzx","OL5","O5","Typeable","-","98.26%","-"
"dJStMMFAC2bmA8Scq4nvtK","SAMEA5753329","v3.2.4","6","Klebsiella pneumoniae","strong","77","230403","406789","5396351","yes (98)","ambiguous_bases","ST867",,"2","1","99","6","1","1","129","0","-","-","-","-","-","-","-","-","-","-","-","-","-","0","-","-","-","-","-","-","-","-","-","-","-","-","-","-","-","-","-","0","-","-","-","-","-","-","-","0","-","-","-","-","-","-","0","-","-","-","-","-","0","-","-","strB.v1;strA.v1","-","-","-","-","-","-","-","-","-","-","-","-","-","-","-","-","SHV-144^","SHV:p.Leu35Gln;SHV:p.Ala146Val","-","-","-","-","-","0",,,"wzi81","KL81","K81","Typeable","?6","99.78%","-","OL13","O13","Typeable","!","96.10%","-"
"wT6WCsfjiMQNCCZwBv3VpS","SAMEA5753749","v3.2.4","6","Klebsiella pneumoniae","strong","216","165136","361145","5334905","yes (109)","ambiguous_bases","ST2141",,"2","3","6","4","9","1","4","0","-","-","-","-","-","-","-","-","-","-","-","-","-","0","-","-","-","-","-","-","-","-","-","-","-","-","-","-","-","-","-","0","-","-","-","-","-","-","-","0","-","-","-","-","-","-","0","-","-","-","-","-","0","-","-","-","-","-","-","-","-","-","-","-","-","-","-","-","-","-","-","-","SHV-26","-","-","-","-","-","-","0",,,"wzi358","KL120","unknown (KL120)","Typeable","?8","99.09%","-","OL2α.1","O11αβ,2α","Typeable","?2","98.35%","-"
"7aR3p2hMP7yySU3AEsfjTf","SAMEA6155801","v3.2.4","6","Klebsiella pneumoniae","strong","52","2994079","2994079","5738504","yes (606)","ambiguous_bases","ST1801",,"2","1","1","26","3","5","54","0","-","-","-","-","-","-","-","-","-","-","-","-","-","0","-","-","-","-","-","-","-","-","-","-","-","-","-","-","-","-","-","0","-","-","-","-","-","-","-","0","-","-","-","-","-","-","0","-","-","-","-","-","0","-","-","aac(3)-IIa.v1^;strB.v1;strA.v1^;aac(6')-Ib-cr.v2","-","-","qnrB1.v2^;aac(6')-Ib-cr.v2","-","-","catA1*","-","sul2","-","-","dfrA14.v2*","OXA-1","-","CTX-M-15","-","-","SHV-11^","SHV:p.Leu35Gln","-","-","-","-","catB3.v1?-70%;fosA7*?-0%","1",,,"wzi433","KL35","K35","Typeable","-","99.69%","-","OL2α.1","O1αβ,2α","Typeable","-","98.97%","-"
"6oNoQHjmb7nLnwfFmS5698","SAMEA5753799","v3.2.4","6","Klebsiella pneumoniae","strong","40","409560","895830","5194660","yes (299)","ambiguous_bases","ST3340",,"4","3","1","1","9","10","9","0","-","-","-","-","-","-","-","-","-","-","-","-","-","0","-","-","-","-","-","-","-","-","-","-","-","-","-","-","-","-","-","0","-","-","-","-","-","-","-","0","-","-","-","-","-","-","0","-","-","-","-","-","0","-","-","-","-","-","-","-","-","-","-","-","-","-","-","-","-","-","-","-","SHV-27","SHV:p.Gly156Asp","-","-","-","-","-","0",,,"wzi243","KL7","K7","Typeable","?8","99.54%","-","OL2α.1","O2α","Typeable","-","99.01%","-"
"j65sj7HHAym69X7cTXkdAB","SAMEA5753705","v3.2.4","6","Klebsiella pneumoniae","strong","71","215076","709369","5299862","yes (296)","ambiguous_bases","ST3111",,"2","1","2","1","7","4","5","0","-","-","-","-","-","-","-","-","-","-","-","-","-","0","-","-","-","-","-","-","-","-","-","-","-","-","-","-","-","-","-","0","-","-","-","-","-","-","-","0","-","-","-","-","-","-","0","-","-","-","-","-","0","-","-","-","-","-","-","-","-","-","-","-","-","-","-","-","-","-","-","-","SHV-11^","SHV:p.Leu35Gln","-","-","-","-","-","0",,,"-","KL19","K19","Typeable","?5","97.81%","-","OL3α/β","O3αβ","Typeable","-","99.31%","-"
"e2FN2dMA7TPmZQ8fRP7V1j","SAMN05960919","v3.2.4","6","Klebsiella pneumoniae","strong","63","335069","775421","5648646","yes (290)","ambiguous_bases","ST45",,"2","1","1","6","7","1","12","78-1LV","ybt 10; ICEKp4","3","12","148","11","3","21","18","3","10","16","2","-","0","-","-","-","-","-","-","-","-","-","-","-","-","-","-","-","-","-","0","-","-","-","-","-","-","-","0","-","-","-","-","-","-","0","-","-","-","-","-","1","-","-","aac(3)-IIa.v1;strB.v1*;strA.v1*","-","-","-","-","-","catII.2*","-","sul2","tet(D)","-","dfrA14.v2*","-","-","CTX-M-15","-","-","SHV-1","-","-","-","-","-","-","1",,,"wzi472","KL20","K20","Typeable","-","99.55%","-","OL3α/β","O3αβ","Typeable","-","98.49%","-"
"iNE6FvQH4fXR8XwrPTUzfh","SAMEA7472429","v3.2.4","6","Klebsiella pneumoniae","strong","80","340377","701602","5703438","yes (692)","ambiguous_bases","ST464",,"2","5","2","1","26","1","2","277-1LV","ybt 16; ICEKp12","6","15","5","4","11","33","23*","2","11","4","2","-","0","-","-","-","-","-","-","-","-","-","-","-","-","-","-","-","-","-","0","-","-","-","-","-","-","-","0","-","-","-","-","-","-","0","-","-","-","-","-","1","-","-","aac(3)-IIa.v1^;aadA^;aac(6')-Ib-cr.v2","-","-","qnrB2.v1^;aac(6')-Ib-cr.v2","-","-","-","-","sul1","tet(A).v1","-","dfrA15.v2?","OXA-1","-","CTX-M-15","-","NDM-7","SHV-38","SHV:p.Ala146Val","OmpK35:p.Ser91fs","-","GyrA:p.Ser83Tyr;GyrA:p.Asp87Ala;ParC:p.Ser80Ile","-","catB3.v1*?-70%","2",,,"-","KL53","K53","Typeable","?2","99.89%","-","OL2α.1","O1αβ,2α","Typeable","-","99.22%","-"
